Loading initial Timbre config from: :default
SLF4J(W): No SLF4J providers were found.
SLF4J(W): Defaulting to no-operation (NOP) logger implementation
SLF4J(W): See https://www.slf4j.org/codes.html#noProviders for further details.
SLF4J(W): Class path contains SLF4J bindings targeting slf4j-api versions 1.7.x or earlier.
SLF4J(W): Ignoring binding found at [jar:file:/Users/sto/.m2/repository/org/slf4j/slf4j-simple/1.7.36/slf4j-simple-1.7.36.jar!/org/slf4j/impl/StaticLoggerBinder.class]
SLF4J(W): See https://www.slf4j.org/codes.html#ignoredBindings for an explanation.

=== Compiling cljd.core to Dart 3 ===

=== Compiling to Dart... === @02:20:06
  yin.repl.slice-peer
DYNAMIC WARNING: can't resolve member []= on target type dynamic of library dart:core  (no source location)
DYNAMIC WARNING: can't resolve member length on target type dynamic of library dart:core  (no source location)
DYNAMIC WARNING: can't resolve member write on target type dynamic of library dart:core  at line: 1341, column: 39, file: dao/data/btree.cljc
DYNAMIC WARNING: can't resolve member write on target type dynamic of library dart:core  at line: 48, column: 31, file: yin/vm/values.cljc
DYNAMIC WARNING: can't resolve member write on target type dynamic of library dart:core  at line: 84, column: 31, file: yin/vm/values.cljc
DYNAMIC WARNING: can't resolve member tags on target type dynamic of library dart:core  at line: 29, column: 17, file: dao/stream/cbor/cljd.cljd
DYNAMIC WARNING: can't resolve member tags on target type dynamic of library dart:core  at line: 35, column: 20, file: dao/stream/cbor/cljd.cljd
DYNAMIC WARNING: can't resolve member tags on target type dynamic of library dart:core  at line: 35, column: 43, file: dao/stream/cbor/cljd.cljd
DYNAMIC WARNING: can't resolve member value on target type dynamic of library dart:core  at line: 250, column: 22, file: dao/stream/cbor/cljd.cljd
DYNAMIC WARNING: can't resolve member value on target type dynamic of library dart:core  at line: 254, column: 15, file: dao/stream/cbor/cljd.cljd
DYNAMIC WARNING: can't resolve member value on target type dynamic of library dart:core  at line: 261, column: 22, file: dao/stream/cbor/cljd.cljd
DYNAMIC WARNING: can't resolve member bytes on target type dynamic of library dart:core  at line: 275, column: 27, file: dao/stream/cbor/cljd.cljd
DYNAMIC WARNING: can't resolve member codeUnitAt on target type dynamic of library dart:core  at line: 176, column: 12, file: yin/vm/debruijn_code.cljc
DYNAMIC WARNING: can't resolve member codeUnitAt on target type dynamic of library dart:core  at line: 242, column: 12, file: yin/vm/debruijn.cljc
DYNAMIC WARNING: can't resolve member write on target type dynamic of library dart:core  at line: 350, column: 48, file: yin/repl.cljc
  All clear! 👌 @02:20:27
Generated: /Users/sto/workspace/datomworld-py-c3int1/build/yin-repl-peer
Loading initial Timbre config from: :default
SLF4J(W): No SLF4J providers were found.
SLF4J(W): Defaulting to no-operation (NOP) logger implementation
SLF4J(W): See https://www.slf4j.org/codes.html#noProviders for further details.
SLF4J(W): Class path contains SLF4J bindings targeting slf4j-api versions 1.7.x or earlier.
SLF4J(W): Ignoring binding found at [jar:file:/Users/sto/.m2/repository/org/slf4j/slf4j-simple/1.7.36/slf4j-simple-1.7.36.jar!/org/slf4j/impl/StaticLoggerBinder.class]
SLF4J(W): See https://www.slf4j.org/codes.html#ignoredBindings for an explanation.

=== Compiling cljd.core to Dart 3 ===

=== Compiling to Dart... === @02:21:23
  bench.yin-vm-bench
  dao.await
  dao.await-test
  dao.data
  dao.data-test
  dao.data.arrays
  dao.data.btree
  dao.data.btree-async-test
  dao.data.btree-durability-test
  dao.data.btree-protocols-test
  dao.data.btree-test
  dao.data.btree-transients-test
  dao.data.btree.storage
  dao.data.psset-fixtures
  dao.datom
  dao.gui.compiler
  dao.gui.compiler-cljd-test
  dao.gui.event
  dao.gui.event.arena-test
  dao.gui.event.bind-test
  dao.gui.event.core-test
  dao.gui.event.decl
  dao.gui.event.fault
  dao.gui.event.fixture-test
  dao.gui.event.fixtures-corpus
  dao.gui.event.fixtures-gen
  dao.gui.event.geom
  dao.gui.event.keyboard
  dao.gui.event.longpress-test
  dao.gui.event.machine
  dao.gui.event.machine-test
  dao.gui.event.pan-test
  dao.gui.event.pointer
  dao.gui.event.pointer-test
  dao.gui.event.policy
  dao.gui.event.policy-test
  dao.gui.event.recognizer
  dao.gui.event.scripted
  dao.gui.event.terminal-test
  dao.gui.event.trace
  dao.gui.event.transform-test
  dao.gui.event.util
  dao.gui.runtime
  dao.jing
  dao.jing-test
  dao.jing.cbor
  dao.jing.cbor-conformance-test
  dao.jing.cbor-content-equality-test
  dao.jing.cbor-fixtures
  dao.jing.cbor-fixtures-test
  dao.jing.cbor-test
  dao.jing.cbor.boring
  dao.jing.cbor.cljd
  dao.jing.content
  dao.jing.content-test
  dao.jing.content.async
  dao.jing.content.step
  dao.jing.content.step-test
  dao.jing.coordinate
  dao.jing.dht
  dao.jing.dht-test
  dao.jing.dht.kad
  dao.jing.dht.kad-test
  dao.jing.dht.mesh
  dao.jing.file
  dao.jing.file-test
  dao.jing.hash-registry-contract-test
  dao.jing.mem
  dao.jing.mem-test
  dao.jing.stream
  dao.jing.stream-test
  dao.lease
  dao.lease-composition-test
  dao.lease-test
  dao.postgraphics.flutter
  dao.postgraphics.flutter-cljd-test
  dao.postgraphics.flutter-test
  dao.postgraphics.flutter.canvas
  dao.postgraphics.flutter.gpu
  dao.postgraphics.flutter.texture
  dao.postgraphics.lowering
  dao.postgraphics.lowering-test
  dao.postgraphics.math
  dao.postgraphics.math-test
  dao.postgraphics.packing
  dao.postgraphics.packing-test
  dao.postgraphics.raster
  dao.postgraphics.raster-test
  dao.postgraphics.terminal
  dao.postgraphics.terminal-test
  dao.postgraphics.v3-compliance-repro-test
  dao.postgraphics.validation
  dao.pretty
  dao.pretty-test
  dao.space.dht
  dao.space.dht-test
  dao.space.index
  dao.space.index-numeric-test
  dao.space.index-test
  dao.space.positional-query-test
  dao.space.query
  dao.space.query-numeric-test
  dao.space.query-test
  dao.space.schema
  dao.space.schema-test
  dao.space.store
  dao.space.store.fs
  dao.space.transact
  dao.space.transact-test
  dao.space.transactor
  dao.space.transactor-test
  dao.stream
  dao.stream-test
  dao.stream.apply
  dao.stream.apply-test
  dao.stream.base64
  dao.stream.base64-test
  dao.stream.cbor
  dao.stream.cbor-test
  dao.stream.cbor.boring
  dao.stream.cbor.cljd
  dao.stream.chunks
  dao.stream.chunks-test
  dao.stream.conformance
  dao.stream.datagram
  dao.stream.datagram-test
  dao.stream.datagram.dart
  dao.stream.datagram.dart-test
  dao.stream.forward
  dao.stream.forward-test
  dao.stream.memory-log
  dao.stream.memory-log-test
  dao.stream.middleware
  dao.stream.middleware-test
  dao.stream.observe
  dao.stream.observe-test
  dao.stream.observer
  dao.stream.observer-test
  dao.stream.remote
  dao.stream.remote-meet
  dao.stream.remote-meet-test
  dao.stream.remote-pair
  dao.stream.remote-pair-test
  dao.stream.remote-test
  dao.stream.ringbuffer
  dao.stream.ringbuffer-test
  dao.stream.rpc
  dao.stream.rpc-test
  dao.stream.transit
  dao.stream.transit-test
  dao.stream.transit.cljd
  dao.stream.udp
  dao.stream.udp-raw-test
  dao.stream.udp-test
  dao.stream.waitset
  dao.stream.waitset-test
  dao.stream.waitset.cadence
  dao.stream.waitset.cadence-test
  dao.stream.waitset.driver
  dao.stream.waitset.driver-test
  dao.stream.ws
  dao.stream.ws-codec-test
  dao.stream.ws-project
  dao.stream.ws-project-peer
  dao.stream.ws-project-test
  dao.stream.ws-test
  dao.stream.ws.dart
  dao.stream.ws.dart-test
  datomworld.demo.artifact
  datomworld.demo.artifact-runner
  datomworld.demo.artifact-runner-test
  datomworld.demo.artifact-scene
  datomworld.demo.artifact-scene-test
  datomworld.demo.continuation-handoff
  datomworld.demo.continuation-handoff-test
  datomworld.demo.continuation-transport
  datomworld.demo.dao-gui
  datomworld.demo.earth-moon
  datomworld.demo.earth-moon-runner
  datomworld.demo.earth-moon-scene
  datomworld.demo.earth-moon-scene-test
  datomworld.demo.main
  datomworld.demo.postgraphics
  datomworld.demo.solar-system
  datomworld.demo.solar-system-scene
  datomworld.demo.solar-system-scene-test
  datomworld.demo.voxel
  datomworld.demo.voxel-controls
  datomworld.demo.voxel-controls-test
  datomworld.demo.voxel-input
  datomworld.demo.voxel-input-test
  datomworld.demo.voxel-runner
  datomworld.demo.voxel-runner-test
  datomworld.demo.voxel-scene
  datomworld.demo.voxel-scene-test
  yang.antlr.packet
  yang.clojure
  yang.clojure.stream-eval-test
  yang.php
  yang.python
  yang.python.antlr.lower
  yang.python.antlr.lower-portable-test
  yang.python.antlr.prelude
  yang.python.antlr.prelude-parity-test
  yang.python.antlr.render
  yang.python.antlr.scope
  yang.python.antlr.stage
  yang.python.antlr.uast
  yin.register-bench-cljd
  yin.repl
  yin.repl-test
  yin.repl.adapter
  yin.repl.adapter-test
  yin.repl.ast-index
  yin.repl.ast-index-test
  yin.repl.ast-query-e2e-test
  yin.repl.connect
  yin.repl.connect-test
  yin.repl.dht
  yin.repl.dht-test
  yin.repl.driver
  yin.repl.driver-test
  yin.repl.embed
  yin.repl.embed-test
  yin.repl.flutter
  yin.repl.host
  yin.repl.host.common
  yin.repl.index
  yin.repl.index-test
  yin.repl.link
  yin.repl.main
  yin.repl.main-test
  yin.repl.query
  yin.repl.query-test
  yin.repl.require-test
  yin.repl.serve
  yin.repl.serve-test
  yin.repl.slice-peer
  yin.repl.store
  yin.repl.store-test
  yin.vm
  yin.vm-test
  yin.vm.ast-walker
  yin.vm.ast-walker-test
  yin.vm.attach-image-test
  yin.vm.cell-test
  yin.vm.code
  yin.vm.code-test
  yin.vm.completion
  yin.vm.completion-test
  yin.vm.continuation-invoke-test
  yin.vm.data
  yin.vm.data-test
  yin.vm.debruijn
  yin.vm.debruijn-code
  yin.vm.debruijn-code-test
  yin.vm.debruijn-linearize
  yin.vm.debruijn-linearize-test
  yin.vm.debruijn-register-benchmark-test
  yin.vm.debruijn-register-code
  yin.vm.debruijn-register-compile
  yin.vm.debruijn-register-compile-test
  yin.vm.debruijn-register-contract-test
  yin.vm.debruijn-register-effects
  yin.vm.debruijn-register-effects-test
  yin.vm.debruijn-resolve
  yin.vm.debruijn-resolve-test
  yin.vm.debruijn-test
  yin.vm.debruijn-vm-contract-test
  yin.vm.debruijn.register
  yin.vm.debruijn.register-test
  yin.vm.debruijn.stack
  yin.vm.debruijn.stack-effects-test
  yin.vm.debruijn.stack-parity-test
  yin.vm.debruijn.stack-test
  yin.vm.effect
  yin.vm.effect-forgery-test
  yin.vm.encoder
  yin.vm.encoder-test
  yin.vm.engine
  yin.vm.engine-test
  yin.vm.ffi
  yin.vm.ffi-test
  yin.vm.ffi.remote-serve
  yin.vm.ffi.remote-serve-test
  yin.vm.ffi.remote-serve.caller
  yin.vm.ffi.remote-serve.holder
  yin.vm.ffi.remote-serve.responder
  yin.vm.ffi.remote-serve.responder-test
  yin.vm.heap-reclamation-test
  yin.vm.host-typed-values-test
  yin.vm.integer
  yin.vm.integer-test
  yin.vm.integer.host
  yin.vm.ledger
  yin.vm.ledger-test
  yin.vm.linearize
  yin.vm.linearize-test
  yin.vm.linker
  yin.vm.linker-authority-ingestion-test
  yin.vm.linker-authority-test
  yin.vm.linker-manifest-test
  yin.vm.linker-require-test
  yin.vm.linker-step-test
  yin.vm.linker-test
  yin.vm.linker.authority
  yin.vm.linker.closure
  yin.vm.linker.closure-test
  yin.vm.linker.dht
  yin.vm.linker.dht-end-to-end-test
  yin.vm.linker.dht-test
  yin.vm.linker.publish
  yin.vm.linker.publish-test
  yin.vm.linker.sign
  yin.vm.linker.sign-test
  yin.vm.macro
  yin.vm.macro-test
  yin.vm.malformed-rows
  yin.vm.mint-test
  yin.vm.module
  yin.vm.module-test
  yin.vm.parity-test
  yin.vm.pipeline
  yin.vm.pipeline-test
  yin.vm.rule-r-test
  yin.vm.semantic
  yin.vm.semantic-engine-test
  yin.vm.semantic-ffi-test
  yin.vm.semantic-stream-observer-test
  yin.vm.semantic-test
  yin.vm.telemetry
  yin.vm.telemetry-test
  yin.vm.test-utils
  yin.vm.ucf
  yin.vm.ucf-test
  yin.vm.ucf.remote
  yin.vm.ucf.remote-test
  yin.vm.values
DYNAMIC WARNING: can't resolve member []= on target type dynamic of library dart:core  (no source location)
DYNAMIC WARNING: can't resolve member length on target type dynamic of library dart:core  (no source location)
DYNAMIC WARNING: can't resolve member write on target type dynamic of library dart:core  at line: 1341, column: 39, file: dao/data/btree.cljc
DYNAMIC WARNING: can't resolve member write on target type dynamic of library dart:core  at line: 48, column: 31, file: yin/vm/values.cljc
DYNAMIC WARNING: can't resolve member write on target type dynamic of library dart:core  at line: 84, column: 31, file: yin/vm/values.cljc
DYNAMIC WARNING: can't resolve member tags on target type dynamic of library dart:core  at line: 29, column: 17, file: dao/stream/cbor/cljd.cljd
DYNAMIC WARNING: can't resolve member tags on target type dynamic of library dart:core  at line: 35, column: 20, file: dao/stream/cbor/cljd.cljd
DYNAMIC WARNING: can't resolve member tags on target type dynamic of library dart:core  at line: 35, column: 43, file: dao/stream/cbor/cljd.cljd
DYNAMIC WARNING: can't resolve member value on target type dynamic of library dart:core  at line: 250, column: 22, file: dao/stream/cbor/cljd.cljd
DYNAMIC WARNING: can't resolve member value on target type dynamic of library dart:core  at line: 254, column: 15, file: dao/stream/cbor/cljd.cljd
DYNAMIC WARNING: can't resolve member value on target type dynamic of library dart:core  at line: 261, column: 22, file: dao/stream/cbor/cljd.cljd
DYNAMIC WARNING: can't resolve member bytes on target type dynamic of library dart:core  at line: 275, column: 27, file: dao/stream/cbor/cljd.cljd
DYNAMIC WARNING: can't resolve member codeUnitAt on target type dynamic of library dart:core  at line: 176, column: 12, file: yin/vm/debruijn_code.cljc
DYNAMIC WARNING: can't resolve member codeUnitAt on target type dynamic of library dart:core  at line: 242, column: 12, file: yin/vm/debruijn.cljc
DYNAMIC WARNING: can't resolve member write on target type dynamic of library dart:core  at line: 350, column: 48, file: yin/repl.cljc
DYNAMIC WARNING: can't resolve member length on target type dynamic of library dart:core  at line: 218, column: 12, file: dao/jing/dht/mesh.cljc
DYNAMIC WARNING: can't resolve member path on target type dynamic of library dart:core  at line: 68, column: 40, file: yin/repl/dht_test.cljc
DYNAMIC WARNING: can't resolve member length on target type dynamic of library dart:core  at line: 52, column: 50, file: dao/jing/file_test.cljc
DYNAMIC WARNING: can't resolve member []= on target type dynamic of library dart:core  at line: 77, column: 12, file: dao/jing/file_test.cljc
DYNAMIC WARNING: can't resolve member indexOf on target type dynamic of library dart:core  at line: 92, column: 20, file: dao/jing/file_test.cljc
DYNAMIC WARNING: can't resolve member indexOf on target type dynamic of library dart:core  at line: 93, column: 14, file: dao/jing/file_test.cljc
DYNAMIC WARNING: can't resolve member toRadixString on target type dynamic of library dart:core  at line: 18, column: 38, file: dao/stream/base64_test.cljc
DYNAMIC WARNING: can't resolve member []= on target type dynamic of library dart:core  at line: 296, column: 12, file: dao/jing/cbor_test.cljc
DYNAMIC WARNING: can't resolve member length on target type dynamic of library dart:core  (no source location)
DYNAMIC WARNING: can't resolve member kind on target type dynamic of library dart:core  at line: 178, column: 19, file: datomworld/demo/artifact.cljd
DYNAMIC WARNING: can't resolve member pointer on target type dynamic of library dart:core  at line: 186, column: 12, file: datomworld/demo/artifact.cljd
DYNAMIC WARNING: can't resolve member localPosition on target type dynamic of library dart:core  at line: 191, column: 13, file: datomworld/demo/artifact.cljd
DYNAMIC WARNING: can't resolve member buttons on target type dynamic of library dart:core  at line: 203, column: 36, file: datomworld/demo/artifact.cljd
DYNAMIC WARNING: can't resolve member pressure on target type dynamic of library dart:core  at line: 205, column: 37, file: datomworld/demo/artifact.cljd
DYNAMIC WARNING: can't resolve member dx on target type dynamic of library dart:core  at line: 208, column: 42, file: datomworld/demo/artifact.cljd
DYNAMIC WARNING: can't resolve member dy on target type dynamic of library dart:core  at line: 208, column: 57, file: datomworld/demo/artifact.cljd
DYNAMIC WARNING: can't resolve member timeStamp on target type dynamic of library dart:core  at line: 207, column: 55, file: datomworld/demo/artifact.cljd
DYNAMIC WARNING: can't resolve member inMicroseconds on target type dynamic of library dart:core  at line: 207, column: 37, file: datomworld/demo/artifact.cljd
DYNAMIC WARNING: can't resolve member []= on target type dynamic of library dart:core  at line: 58, column: 12, file: dao/jing/mem_test.cljc
DYNAMIC WARNING: can't resolve member length on target type dynamic of library dart:core  at line: 1040, column: 22, file: dao/jing/dht_test.cljc
DYNAMIC WARNING: can't resolve member toRadixString on target type dynamic of library dart:core  at line: 16, column: 29, file: dao/stream/cbor_test.cljd
DYNAMIC WARNING: can't resolve member length on target type dynamic of library dart:core  at line: 159, column: 12, file: yin/repl/store_test.cljc
DYNAMIC WARNING: can't resolve member []= on target type dynamic of library dart:core  at line: 241, column: 31, file: yin/repl/store_test.cljc
  You rock! 🤘 @02:26:20

=== Running tests... ===
Resolving dependencies...
Downloading packages...
  _fe_analyzer_shared 99.0.0 (108.0.0 available)
  analyzer 12.1.0 (14.4.0 available)
  clock 1.1.2 (1.1.3 available)
  glob 2.1.3 (2.2.0 available)
  io 1.0.5 (1.1.0 available)
  material_color_utilities 0.13.0 (0.13.1 available)
  mime 2.0.0 (2.1.0 available)
  package_config 2.2.0 (3.0.0 available)
  pool 1.5.2 (1.5.3 available)
  pub_semver 2.2.0 (2.2.1 available)
  source_maps 0.10.13 (0.10.14 available)
  stack_trace 1.12.1 (1.12.2 available)
  test 1.31.1 (1.32.0 available)
  test_api 0.7.12 (0.7.14 available)
  test_core 0.6.18 (0.6.20 available)
  unorm_dart 0.3.1+1 (0.3.2 available)
  vector_math 2.4.2 (2.4.3 available)
  vm_service 15.2.0 (15.3.0 available)
  yaml 3.1.3 (3.1.4 available)
Got dependencies!
19 packages have newer versions incompatible with dependency constraints.
Try `flutter pub outdated` for more information.
00:00 +0: loading /Users/sto/workspace/datomworld-py-c3int1/test/cljd-out/yang/python/antlr/lower-portable-test_test.dart
00:00 +0: /Users/sto/workspace/datomworld-py-c3int1/test/cljd-out/yang/python/antlr/lower-portable-test_test.dart: null yang.python.antlr.lower-portable-test/transform-routes-programs-and-diagnostics-test
00:01 +1: /Users/sto/workspace/datomworld-py-c3int1/test/cljd-out/yang/python/antlr/lower-portable-test_test.dart: null yang.python.antlr.lower-portable-test/malformed-tree-is-refused-test
00:01 +2: /Users/sto/workspace/datomworld-py-c3int1/test/cljd-out/yang/python/antlr/lower-portable-test_test.dart: null yang.python.antlr.lower-portable-test/hand-packet-golden-test
00:01 +3: /Users/sto/workspace/datomworld-py-c3int1/test/cljd-out/yang/python/antlr/lower-portable-test_test.dart: null yang.python.antlr.lower-portable-test/unknown-rule-fails-qualified-test
00:12 +4: /Users/sto/workspace/datomworld-py-c3int1/test/cljd-out/yang/python/antlr/prelude-parity-test_test.dart: null yang.python.antlr.prelude-parity-test/prelude-notation-test
00:14 +5: /Users/sto/workspace/datomworld-py-c3int1/test/cljd-out/yang/python/antlr/prelude-parity-test_test.dart: null yang.python.antlr.prelude-parity-test/integer-bound-on-every-host-test
00:27 +6: /Users/sto/workspace/datomworld-py-c3int1/test/cljd-out/yang/python/antlr/prelude-parity-test_test.dart: null yang.python.antlr.prelude-parity-test/integer-bound-on-every-host-test
00:30 +7: /Users/sto/workspace/datomworld-py-c3int1/test/cljd-out/yang/python/antlr/prelude-parity-test_test.dart: null yang.python.antlr.prelude-parity-test/integer-bound-on-every-host-test
00:30 +8: /Users/sto/workspace/datomworld-py-c3int1/test/cljd-out/yang/python/antlr/prelude-parity-test_test.dart: null yang.python.antlr.prelude-parity-test/integer-bound-on-every-host-test
00:41 +9: /Users/sto/workspace/datomworld-py-c3int1/test/cljd-out/yang/python/antlr/prelude-parity-test_test.dart: null yang.python.antlr.prelude-parity-test/integer-bound-on-every-host-test
00:41 +10: /Users/sto/workspace/datomworld-py-c3int1/test/cljd-out/yang/python/antlr/prelude-parity-test_test.dart: null yang.python.antlr.prelude-parity-test/integer-bound-on-every-host-test
00:42 +11: /Users/sto/workspace/datomworld-py-c3int1/test/cljd-out/yang/python/antlr/prelude-parity-test_test.dart: null yang.python.antlr.prelude-parity-test/integer-bound-on-every-host-test
00:42 +12: /Users/sto/workspace/datomworld-py-c3int1/test/cljd-out/yang/python/antlr/prelude-parity-test_test.dart: null yang.python.antlr.prelude-parity-test/integer-bound-on-every-host-test
00:42 +13: /Users/sto/workspace/datomworld-py-c3int1/test/cljd-out/yang/python/antlr/prelude-parity-test_test.dart: null yang.python.antlr.prelude-parity-test/integer-bound-on-every-host-test
00:42 +14: /Users/sto/workspace/datomworld-py-c3int1/test/cljd-out/yang/python/antlr/prelude-parity-test_test.dart: null yang.python.antlr.prelude-parity-test/integer-bound-on-every-host-test
00:42 +15: /Users/sto/workspace/datomworld-py-c3int1/test/cljd-out/yang/python/antlr/prelude-parity-test_test.dart: null yang.python.antlr.prelude-parity-test/integer-bound-on-every-host-test
00:42 +16: /Users/sto/workspace/datomworld-py-c3int1/test/cljd-out/yang/python/antlr/prelude-parity-test_test.dart: null yang.python.antlr.prelude-parity-test/integer-bound-on-every-host-test
00:42 +17: /Users/sto/workspace/datomworld-py-c3int1/test/cljd-out/yang/python/antlr/prelude-parity-test_test.dart: null yang.python.antlr.prelude-parity-test/integer-bound-on-every-host-test
00:42 +18: /Users/sto/workspace/datomworld-py-c3int1/test/cljd-out/yang/python/antlr/prelude-parity-test_test.dart: null yang.python.antlr.prelude-parity-test/integer-bound-on-every-host-test
00:42 +19: /Users/sto/workspace/datomworld-py-c3int1/test/cljd-out/yang/python/antlr/prelude-parity-test_test.dart: null yang.python.antlr.prelude-parity-test/integer-bound-on-every-host-test
00:42 +20: /Users/sto/workspace/datomworld-py-c3int1/test/cljd-out/yang/python/antlr/prelude-parity-test_test.dart: null yang.python.antlr.prelude-parity-test/integer-bound-on-every-host-test
00:42 +21: /Users/sto/workspace/datomworld-py-c3int1/test/cljd-out/yang/python/antlr/prelude-parity-test_test.dart: null yang.python.antlr.prelude-parity-test/integer-bound-on-every-host-test
00:42 +22: /Users/sto/workspace/datomworld-py-c3int1/test/cljd-out/yang/python/antlr/prelude-parity-test_test.dart: null yang.python.antlr.prelude-parity-test/integer-bound-on-every-host-test
00:42 +23: /Users/sto/workspace/datomworld-py-c3int1/test/cljd-out/yang/python/antlr/prelude-parity-test_test.dart: null yang.python.antlr.prelude-parity-test/integer-bound-on-every-host-test
00:42 +24: /Users/sto/workspace/datomworld-py-c3int1/test/cljd-out/yang/clojure/stream-eval-test_test.dart: null yang.clojure.stream-eval-test/a-stream-is-ingested-transformed-and-emitted-across-rounds
00:43 +25: /Users/sto/workspace/datomworld-py-c3int1/test/cljd-out/yang/clojure/stream-eval-test_test.dart: null yang.clojure.stream-eval-test/a-stream-is-ingested-transformed-and-emitted-across-rounds
00:43 +26: /Users/sto/workspace/datomworld-py-c3int1/test/cljd-out/yang/clojure/stream-eval-test_test.dart: null yang.clojure.stream-eval-test/a-stream-is-ingested-transformed-and-emitted-across-rounds
00:43 +27: /Users/sto/workspace/datomworld-py-c3int1/test/cljd-out/yang/clojure/stream-eval-test_test.dart: null yang.clojure.stream-eval-test/a-stream-is-ingested-transformed-and-emitted-across-rounds
00:43 +28: /Users/sto/workspace/datomworld-py-c3int1/test/cljd-out/yang/clojure/stream-eval-test_test.dart: null yang.clojure.stream-eval-test/a-stream-is-ingested-transformed-and-emitted-across-rounds
00:43 +29: /Users/sto/workspace/datomworld-py-c3int1/test/cljd-out/yang/clojure/stream-eval-test_test.dart: null yang.clojure.stream-eval-test/a-stream-is-ingested-transformed-and-emitted-across-rounds
00:43 +30: /Users/sto/workspace/datomworld-py-c3int1/test/cljd-out/yang/clojure/stream-eval-test_test.dart: null yang.clojure.stream-eval-test/a-stream-is-ingested-transformed-and-emitted-across-rounds
00:43 +31: /Users/sto/workspace/datomworld-py-c3int1/test/cljd-out/yang/clojure/stream-eval-test_test.dart: null yang.clojure.stream-eval-test/a-stream-is-ingested-transformed-and-emitted-across-rounds
00:43 +32: /Users/sto/workspace/datomworld-py-c3int1/test/cljd-out/yang/clojure/stream-eval-test_test.dart: null yang.clojure.stream-eval-test/a-stream-is-ingested-transformed-and-emitted-across-rounds
00:43 +33: /Users/sto/workspace/datomworld-py-c3int1/test/cljd-out/yang/clojure/stream-eval-test_test.dart: null yang.clojure.stream-eval-test/a-stream-is-ingested-transformed-and-emitted-across-rounds
00:43 +34: /Users/sto/workspace/datomworld-py-c3int1/test/cljd-out/yang/clojure/stream-eval-test_test.dart: null yang.clojure.stream-eval-test/a-stream-is-ingested-transformed-and-emitted-across-rounds
00:43 +35: /Users/sto/workspace/datomworld-py-c3int1/test/cljd-out/yang/clojure/stream-eval-test_test.dart: null yang.clojure.stream-eval-test/a-stream-is-ingested-transformed-and-emitted-across-rounds
00:48 +36: /Users/sto/workspace/datomworld-py-c3int1/test/cljd-out/yang/python/antlr/prelude-parity-test_test.dart: null yang.python.antlr.prelude-parity-test/signed-zero-floats-on-every-host-test
00:50 +37: /Users/sto/workspace/datomworld-py-c3int1/test/cljd-out/yang/python/antlr/prelude-parity-test_test.dart: null yang.python.antlr.prelude-parity-test/signed-zero-floats-on-every-host-test
00:57 +38: /Users/sto/workspace/datomworld-py-c3int1/test/cljd-out/yang/python/antlr/prelude-parity-test_test.dart: null yang.python.antlr.prelude-parity-test/signed-zero-floats-on-every-host-test
00:57 +39: /Users/sto/workspace/datomworld-py-c3int1/test/cljd-out/yang/python/antlr/prelude-parity-test_test.dart: null yang.python.antlr.prelude-parity-test/signed-zero-floats-on-every-host-test
00:57 +40: /Users/sto/workspace/datomworld-py-c3int1/test/cljd-out/yang/python/antlr/prelude-parity-test_test.dart: null yang.python.antlr.prelude-parity-test/signed-zero-floats-on-every-host-test
00:57 +41: /Users/sto/workspace/datomworld-py-c3int1/test/cljd-out/yang/python/antlr/prelude-parity-test_test.dart: null yang.python.antlr.prelude-parity-test/signed-zero-floats-on-every-host-test
00:58 +42: /Users/sto/workspace/datomworld-py-c3int1/test/cljd-out/yang/python/antlr/prelude-parity-test_test.dart: null yang.python.antlr.prelude-parity-test/signed-zero-floats-on-every-host-test
00:59 +43: /Users/sto/workspace/datomworld-py-c3int1/test/cljd-out/yang/python/antlr/prelude-parity-test_test.dart: null yang.python.antlr.prelude-parity-test/signed-zero-floats-on-every-host-test
00:59 +44: /Users/sto/workspace/datomworld-py-c3int1/test/cljd-out/yang/python/antlr/prelude-parity-test_test.dart: null yang.python.antlr.prelude-parity-test/signed-zero-floats-on-every-host-test
01:02 +45: /Users/sto/workspace/datomworld-py-c3int1/test/cljd-out/yang/python/antlr/prelude-parity-test_test.dart: null yang.python.antlr.prelude-parity-test/signed-zero-floats-on-every-host-test
01:05 +46: /Users/sto/workspace/datomworld-py-c3int1/test/cljd-out/yang/python/antlr/prelude-parity-test_test.dart: null yang.python.antlr.prelude-parity-test/signed-zero-floats-on-every-host-test
01:09 +47: /Users/sto/workspace/datomworld-py-c3int1/test/cljd-out/yang/python/antlr/prelude-parity-test_test.dart: null yang.python.antlr.prelude-parity-test/render-test
01:09 +48: /Users/sto/workspace/datomworld-py-c3int1/test/cljd-out/yang/python/antlr/prelude-parity-test_test.dart: null yang.python.antlr.prelude-parity-test/printed-floats-on-every-host-test
01:11 +49: /Users/sto/workspace/datomworld-py-c3int1/test/cljd-out/yang/python/antlr/prelude-parity-test_test.dart: null yang.python.antlr.prelude-parity-test/printed-floats-on-every-host-test
01:11 +50: /Users/sto/workspace/datomworld-py-c3int1/test/cljd-out/yang/python/antlr/prelude-parity-test_test.dart: null yang.python.antlr.prelude-parity-test/printed-floats-on-every-host-test
01:24 +51: /Users/sto/workspace/datomworld-py-c3int1/test/cljd-out/yang/python/antlr/prelude-parity-test_test.dart: null yang.python.antlr.prelude-parity-test/printed-floats-on-every-host-test
01:24 +52: /Users/sto/workspace/datomworld-py-c3int1/test/cljd-out/yang/python/antlr/prelude-parity-test_test.dart: null yang.python.antlr.prelude-parity-test/printed-floats-on-every-host-test
01:24 +53: /Users/sto/workspace/datomworld-py-c3int1/test/cljd-out/yang/python/antlr/prelude-parity-test_test.dart: null yang.python.antlr.prelude-parity-test/printed-floats-on-every-host-test
01:24 +54: /Users/sto/workspace/datomworld-py-c3int1/test/cljd-out/yang/python/antlr/prelude-parity-test_test.dart: null yang.python.antlr.prelude-parity-test/printed-floats-on-every-host-test
01:24 +55: /Users/sto/workspace/datomworld-py-c3int1/test/cljd-out/yang/python/antlr/prelude-parity-test_test.dart: null yang.python.antlr.prelude-parity-test/printed-floats-on-every-host-test
01:24 +56: /Users/sto/workspace/datomworld-py-c3int1/test/cljd-out/yang/python/antlr/prelude-parity-test_test.dart: null yang.python.antlr.prelude-parity-test/printed-floats-on-every-host-test
01:24 +57: /Users/sto/workspace/datomworld-py-c3int1/test/cljd-out/yang/python/antlr/prelude-parity-test_test.dart: null yang.python.antlr.prelude-parity-test/printed-floats-on-every-host-test
01:30 +58: /Users/sto/workspace/datomworld-py-c3int1/test/cljd-out/yang/python/antlr/prelude-parity-test_test.dart: null yang.python.antlr.prelude-parity-test/prelude-semantics-on-every-vm-test
01:36 +59: /Users/sto/workspace/datomworld-py-c3int1/test/cljd-out/yang/python/antlr/prelude-parity-test_test.dart: null yang.python.antlr.prelude-parity-test/prelude-semantics-on-every-vm-test
01:36 +60: /Users/sto/workspace/datomworld-py-c3int1/test/cljd-out/yang/python/antlr/prelude-parity-test_test.dart: null yang.python.antlr.prelude-parity-test/prelude-semantics-on-every-vm-test
01:48 +61: /Users/sto/workspace/datomworld-py-c3int1/test/cljd-out/yang/python/antlr/prelude-parity-test_test.dart: null yang.python.antlr.prelude-parity-test/prelude-semantics-on-every-vm-test
01:48 +62: /Users/sto/workspace/datomworld-py-c3int1/test/cljd-out/yang/python/antlr/prelude-parity-test_test.dart: null yang.python.antlr.prelude-parity-test/prelude-semantics-on-every-vm-test
01:48 +63: /Users/sto/workspace/datomworld-py-c3int1/test/cljd-out/yang/python/antlr/prelude-parity-test_test.dart: null yang.python.antlr.prelude-parity-test/prelude-semantics-on-every-vm-test
01:48 +64: /Users/sto/workspace/datomworld-py-c3int1/test/cljd-out/yang/python/antlr/prelude-parity-test_test.dart: null yang.python.antlr.prelude-parity-test/prelude-semantics-on-every-vm-test
01:48 +65: /Users/sto/workspace/datomworld-py-c3int1/test/cljd-out/yang/python/antlr/prelude-parity-test_test.dart: null yang.python.antlr.prelude-parity-test/prelude-semantics-on-every-vm-test
01:48 +66: /Users/sto/workspace/datomworld-py-c3int1/test/cljd-out/yang/python/antlr/prelude-parity-test_test.dart: null yang.python.antlr.prelude-parity-test/prelude-semantics-on-every-vm-test
01:56 +67: /Users/sto/workspace/datomworld-py-c3int1/test/cljd-out/yang/python/antlr/prelude-parity-test_test.dart: null yang.python.antlr.prelude-parity-test/escapes-on-every-host-test
02:02 +68: /Users/sto/workspace/datomworld-py-c3int1/test/cljd-out/yang/python/antlr/prelude-parity-test_test.dart: null yang.python.antlr.prelude-parity-test/escapes-on-every-host-test
02:02 +69: /Users/sto/workspace/datomworld-py-c3int1/test/cljd-out/yang/python/antlr/prelude-parity-test_test.dart: null yang.python.antlr.prelude-parity-test/escapes-on-every-host-test
02:02 +70: /Users/sto/workspace/datomworld-py-c3int1/test/cljd-out/yang/python/antlr/prelude-parity-test_test.dart: null yang.python.antlr.prelude-parity-test/escapes-on-every-host-test
02:02 +71: /Users/sto/workspace/datomworld-py-c3int1/test/cljd-out/yang/python/antlr/prelude-parity-test_test.dart: null yang.python.antlr.prelude-parity-test/escapes-on-every-host-test
02:02 +72: /Users/sto/workspace/datomworld-py-c3int1/test/cljd-out/yang/python/antlr/prelude-parity-test_test.dart: null yang.python.antlr.prelude-parity-test/escapes-on-every-host-test
02:02 +73: /Users/sto/workspace/datomworld-py-c3int1/test/cljd-out/yang/python/antlr/prelude-parity-test_test.dart: null yang.python.antlr.prelude-parity-test/escapes-on-every-host-test
02:02 +74: /Users/sto/workspace/datomworld-py-c3int1/test/cljd-out/yang/python/antlr/prelude-parity-test_test.dart: null yang.python.antlr.prelude-parity-test/escapes-on-every-host-test
02:02 +75: /Users/sto/workspace/datomworld-py-c3int1/test/cljd-out/yang/python/antlr/prelude-parity-test_test.dart: null yang.python.antlr.prelude-parity-test/escapes-on-every-host-test
02:02 +76: /Users/sto/workspace/datomworld-py-c3int1/test/cljd-out/yang/python/antlr/prelude-parity-test_test.dart: null yang.python.antlr.prelude-parity-test/escapes-on-every-host-test
02:13 +77: /Users/sto/workspace/datomworld-py-c3int1/test/cljd-out/datomworld/demo/artifact-runner-test_test.dart: null datomworld.demo.artifact-runner-test/gestures-update-immutable-state
02:14 +78: /Users/sto/workspace/datomworld-py-c3int1/test/cljd-out/datomworld/demo/artifact-runner-test_test.dart: null datomworld.demo.artifact-runner-test/pointer-capture-keeps-drag-alive-outside-canvas
02:14 +79: /Users/sto/workspace/datomworld-py-c3int1/test/cljd-out/datomworld/demo/artifact-runner-test_test.dart: null datomworld.demo.artifact-runner-test/tick-decays-pulse
02:14 +80: /Users/sto/workspace/datomworld-py-c3int1/test/cljd-out/datomworld/demo/artifact-runner-test_test.dart: null datomworld.demo.artifact-runner-test/profile-and-runtime-envelope
02:14 +81: /Users/sto/workspace/datomworld-py-c3int1/test/cljd-out/datomworld/demo/artifact-runner-test_test.dart: null datomworld.demo.artifact-runner-test/boot-values-install-geometry-profile-and-subscriptions
02:14 +82: /Users/sto/workspace/datomworld-py-c3int1/test/cljd-out/datomworld/demo/artifact-runner-test_test.dart: null datomworld.demo.artifact-runner-test/keyboard-runtime-envelope
02:14 +83: /Users/sto/workspace/datomworld-py-c3int1/test/cljd-out/datomworld/demo/artifact-runner-test_test.dart: null datomworld.demo.artifact-runner-test/browser-key-codes-are-canonical-keywords
02:14 +84: /Users/sto/workspace/datomworld-py-c3int1/test/cljd-out/datomworld/demo/artifact-runner-test_test.dart: null datomworld.demo.artifact-runner-test/drag-gesture-kinds-are-recognized
02:26 +85: /Users/sto/workspace/datomworld-py-c3int1/test/cljd-out/datomworld/demo/earth-moon-scene-test_test.dart: null datomworld.demo.earth-moon-scene-test/earth-moon-depth-order-is-data-driven
02:26 +86: /Users/sto/workspace/datomworld-py-c3int1/test/cljd-out/datomworld/demo/earth-moon-scene-test_test.dart: null datomworld.demo.earth-moon-scene-test/earth-moon-textures-attach-when-provided
02:26 +87: /Users/sto/workspace/datomworld-py-c3int1/test/cljd-out/datomworld/demo/earth-moon-scene-test_test.dart: null datomworld.demo.earth-moon-scene-test/earth-moon-frame-is-common-postgraphics-data
02:36 +88: /Users/sto/workspace/datomworld-py-c3int1/test/cljd-out/yin/vm-test_test.dart: null yin.vm-test/semantic-bytecode-strips-reader-positions-inside-metadata
02:36 +89: /Users/sto/workspace/datomworld-py-c3int1/test/cljd-out/yin/vm-test_test.dart: null yin.vm-test/semantic-bytecode-structural-sharing
02:36 +90: /Users/sto/workspace/datomworld-py-c3int1/test/cljd-out/yin/vm-test_test.dart: null yin.vm-test/semantic-bytecode-reconstruction-validates
02:36 +91: /Users/sto/workspace/datomworld-py-c3int1/test/cljd-out/yin/vm-test_test.dart: null yin.vm-test/walker-loads-the-same-program-from-rows-and-datoms
02:37 +92: /Users/sto/workspace/datomworld-py-c3int1/test/cljd-out/yin/vm-test_test.dart: null yin.vm-test/dangling-root-is-recorded-not-thrown
02:37 +93: /Users/sto/workspace/datomworld-py-c3int1/test/cljd-out/yin/vm-test_test.dart: null yin.vm-test/semantic-bytecode-sharing-refuses-to-merge-distinct-metadata
02:37 +94: /Users/sto/workspace/datomworld-py-c3int1/test/cljd-out/yin/vm-test_test.dart: null yin.vm-test/division-by-zero-is-host-uniform
02:37 +95: /Users/sto/workspace/datomworld-py-c3int1/test/cljd-out/yin/vm-test_test.dart: null yin.vm-test/semantic-bytecode-strips-reader-positions-inside-payloads
02:37 +96: /Users/sto/workspace/datomworld-py-c3int1/test/cljd-out/yin/vm-test_test.dart: null yin.vm-test/semantic-bytecode-nodes-vector-metadata-is-refused
02:37 +97: /Users/sto/workspace/datomworld-py-c3int1/test/cljd-out/yin/vm-test_test.dart: null yin.vm-test/explicit-root-id-overrides-the-root-fact
02:37 +98: /Users/sto/workspace/datomworld-py-c3int1/test/cljd-out/yin/vm-test_test.dart: null yin.vm-test/standard-primitives-publish-portable-profiles
02:38 +99: /Users/sto/workspace/datomworld-py-c3int1/test/cljd-out/yin/vm-test_test.dart: null yin.vm-test/schema-carries-root-and-drops-event-attributes
02:38 +100: /Users/sto/workspace/datomworld-py-c3int1/test/cljd-out/yin/vm-test_test.dart: null yin.vm-test/semantic-bytecode-list-payloads-mint-no-metadata
02:38 +101: /Users/sto/workspace/datomworld-py-c3int1/test/cljd-out/yin/vm-test_test.dart: null yin.vm-test/semantic-bytecode-corpus-covers-every-tag
02:38 +102: /Users/sto/workspace/datomworld-py-c3int1/test/cljd-out/yin/vm-test_test.dart: null yin.vm-test/semantic-bytecode-compares-metadata-inside-metadata
02:38 +103: /Users/sto/workspace/datomworld-py-c3int1/test/cljd-out/yin/vm-test_test.dart: null yin.vm-test/semantic-bytecode-bool-slot-is-validated
02:38 +104: /Users/sto/workspace/datomworld-py-c3int1/test/cljd-out/yin/vm-test_test.dart: null yin.vm-test/macro-expand-node-type-is-retired
02:38 +105: /Users/sto/workspace/datomworld-py-c3int1/test/cljd-out/yin/vm-test_test.dart: null yin.vm-test/semantic-bytecode-row-shape
02:38 +106: /Users/sto/workspace/datomworld-py-c3int1/test/cljd-out/yin/vm-test_test.dart: null yin.vm-test/heuristic-fallback-is-unchanged
02:38 +107: /Users/sto/workspace/datomworld-py-c3int1/test/cljd-out/yin/vm-test_test.dart: null yin.vm-test/root-fact-wins-over-the-heuristic
02:38 +108: /Users/sto/workspace/datomworld-py-c3int1/test/cljd-out/yin/vm-test_test.dart: null yin.vm-test/semantic-bytecode-round-trip-law
02:38 +109: /Users/sto/workspace/datomworld-py-c3int1/test/cljd-out/yin/vm-test_test.dart: null yin.vm-test/create-vm-accepts-explicit-primitive-disambiguation
02:38 +110: /Users/sto/workspace/datomworld-py-c3int1/test/cljd-out/yin/vm-test_test.dart: null yin.vm-test/macro-lambda-keeps-macro-flag-without-phase
02:38 +111: /Users/sto/workspace/datomworld-py-c3int1/test/cljd-out/yin/vm-test_test.dart: null yin.vm-test/semantic-bytecode-strips-and-saturates
02:38 +112: /Users/sto/workspace/datomworld-py-c3int1/test/cljd-out/yin/vm-test_test.dart: null yin.vm-test/malformed-row-sets-each-name-exactly-their-own-rule
02:38 +113: /Users/sto/workspace/datomworld-py-c3int1/test/cljd-out/yin/vm-test_test.dart: null yin.vm-test/compile-output-is-unchanged-modulo-the-root-fact
02:38 +114: /Users/sto/workspace/datomworld-py-c3int1/test/cljd-out/yin/vm-test_test.dart: null yin.vm-test/codec-round-trips-the-v1-corpus-node-types
02:38 +115: /Users/sto/workspace/datomworld-py-c3int1/test/cljd-out/yin/vm-test_test.dart: null yin.vm-test/primitive-reverse-lookup-is-identity-based-and-unambiguous
02:38 +116: /Users/sto/workspace/datomworld-py-c3int1/test/cljd-out/yin/vm-test_test.dart: null yin.vm-test/create-vm-rejects-invalid-primitive-disambiguation
02:38 +117: /Users/sto/workspace/datomworld-py-c3int1/test/cljd-out/yin/vm-test_test.dart: null yin.vm-test/create-vm-rejects-undeclared-primitive-aliases
02:38 +118: /Users/sto/workspace/datomworld-py-c3int1/test/cljd-out/yin/vm-test_test.dart: null yin.vm-test/last-root-fact-wins
02:38 +119: /Users/sto/workspace/datomworld-py-c3int1/test/cljd-out/yin/vm-test_test.dart: null yin.vm-test/semantic-bytecode-lambda-params-are-syms
02:48 +120: /Users/sto/workspace/datomworld-py-c3int1/test/cljd-out/yin/repl/ast-query-e2e-test_test.dart: null yin.repl.ast-query-e2e-test/reset-and-vm-selection-clear-ast-relations-fresh-eval-repopulates
02:52 +121: /Users/sto/workspace/datomworld-py-c3int1/test/cljd-out/yin/repl/ast-query-e2e-test_test.dart: null yin.repl.ast-query-e2e-test/join-dollar-ast-and-occ-via-yin-address
02:53 +122: /Users/sto/workspace/datomworld-py-c3int1/test/cljd-out/yin/repl/ast-query-e2e-test_test.dart: null yin.repl.ast-query-e2e-test/lost-ast-indexer-refuses-ast-queries-while-evaluation-and-datoms-continue
02:53 +123: /Users/sto/workspace/datomworld-py-c3int1/test/cljd-out/yin/repl/ast-query-e2e-test_test.dart: null yin.repl.ast-query-e2e-test/a-user-defined-rule-set-gives-the-same-answer
02:55 +124: /Users/sto/workspace/datomworld-py-c3int1/test/cljd-out/yin/repl/ast-query-e2e-test_test.dart: null yin.repl.ast-query-e2e-test/re-evaluating-identical-code-adds-no-ast-rows-and-no-occ-tuples
02:56 +125: /Users/sto/workspace/datomworld-py-c3int1/test/cljd-out/yin/repl/ast-query-e2e-test_test.dart: null yin.repl.ast-query-e2e-test/occurrence-rules-as-data-answer-free-names-through-q
02:57 +126: /Users/sto/workspace/datomworld-py-c3int1/test/cljd-out/yin/repl/ast-query-e2e-test_test.dart: null yin.repl.ast-query-e2e-test/the-round-join-selects-the-same-root-as-the-address
02:59 +127: /Users/sto/workspace/datomworld-py-c3int1/test/cljd-out/yin/repl/query-test_test.dart: null yin.repl.query-test/q-is-unresolved-until-required-and-bare-q-is-never-bound
03:02 +128: /Users/sto/workspace/datomworld-py-c3int1/test/cljd-out/yin/repl/query-test_test.dart: null yin.repl.query-test/q-is-unresolved-until-required-and-bare-q-is-never-bound
03:03 +129: /Users/sto/workspace/datomworld-py-c3int1/test/cljd-out/yin/repl/ast-query-e2e-test_test.dart: null yin.repl.ast-query-e2e-test/occurrence-rules-classify-each-root-by-its-own-binder
03:03 +130: /Users/sto/workspace/datomworld-py-c3int1/test/cljd-out/yin/repl/query-test_test.dart: null yin.repl.query-test/an-unavailable-ast-index-refuses-only-ast-queries
03:06 +131: /Users/sto/workspace/datomworld-py-c3int1/test/cljd-out/yin/repl/ast-query-e2e-test_test.dart: null yin.repl.ast-query-e2e-test/vector-and-map-forms-arity-errors-and-result-limits
03:07 +132: /Users/sto/workspace/datomworld-py-c3int1/test/cljd-out/yin/repl/ast-query-e2e-test_test.dart: null yin.repl.ast-query-e2e-test/vector-and-map-forms-arity-errors-and-result-limits
03:07 +133: /Users/sto/workspace/datomworld-py-c3int1/test/cljd-out/yin/repl/ast-query-e2e-test_test.dart: null yin.repl.ast-query-e2e-test/vector-and-map-forms-arity-errors-and-result-limits
03:11 +134: /Users/sto/workspace/datomworld-py-c3int1/test/cljd-out/yin/repl/ast-query-e2e-test_test.dart: null yin.repl.ast-query-e2e-test/vector-and-map-forms-arity-errors-and-result-limits
03:11 +135: /Users/sto/workspace/datomworld-py-c3int1/test/cljd-out/yin/repl/ast-query-e2e-test_test.dart: null yin.repl.ast-query-e2e-test/vector-and-map-forms-arity-errors-and-result-limits
03:12 +136: /Users/sto/workspace/datomworld-py-c3int1/test/cljd-out/yin/repl/ast-query-e2e-test_test.dart: null yin.repl.ast-query-e2e-test/vector-and-map-forms-arity-errors-and-result-limits
03:12 +137: /Users/sto/workspace/datomworld-py-c3int1/test/cljd-out/yin/repl/ast-query-e2e-test_test.dart: null yin.repl.ast-query-e2e-test/vector-and-map-forms-arity-errors-and-result-limits
03:13 +138: /Users/sto/workspace/datomworld-py-c3int1/test/cljd-out/yin/repl/ast-query-e2e-test_test.dart: null yin.repl.ast-query-e2e-test/vector-and-map-forms-arity-errors-and-result-limits
03:13 +139: /Users/sto/workspace/datomworld-py-c3int1/test/cljd-out/yin/repl/ast-query-e2e-test_test.dart: null yin.repl.ast-query-e2e-test/vector-and-map-forms-arity-errors-and-result-limits
03:14 +140: /Users/sto/workspace/datomworld-py-c3int1/test/cljd-out/yin/repl/ast-query-e2e-test_test.dart: null yin.repl.ast-query-e2e-test/vector-and-map-forms-arity-errors-and-result-limits
03:18 +141: /Users/sto/workspace/datomworld-py-c3int1/test/cljd-out/yin/repl/ast-query-e2e-test_test.dart: null yin.repl.ast-query-e2e-test/vector-and-map-forms-arity-errors-and-result-limits
03:18 +142: /Users/sto/workspace/datomworld-py-c3int1/test/cljd-out/yin/repl/ast-query-e2e-test_test.dart: null yin.repl.ast-query-e2e-test/vector-and-map-forms-arity-errors-and-result-limits
03:18 +143: /Users/sto/workspace/datomworld-py-c3int1/test/cljd-out/yin/repl/ast-query-e2e-test_test.dart: null yin.repl.ast-query-e2e-test/vector-and-map-forms-arity-errors-and-result-limits
03:19 +144: /Users/sto/workspace/datomworld-py-c3int1/test/cljd-out/yin/repl/ast-query-e2e-test_test.dart: null yin.repl.ast-query-e2e-test/vector-and-map-forms-arity-errors-and-result-limits
03:19 +145: /Users/sto/workspace/datomworld-py-c3int1/test/cljd-out/yin/repl/ast-query-e2e-test_test.dart: null yin.repl.ast-query-e2e-test/vector-and-map-forms-arity-errors-and-result-limits
03:19 +146: /Users/sto/workspace/datomworld-py-c3int1/test/cljd-out/yin/repl/ast-query-e2e-test_test.dart: null yin.repl.ast-query-e2e-test/vector-and-map-forms-arity-errors-and-result-limits
03:20 +147: /Users/sto/workspace/datomworld-py-c3int1/test/cljd-out/yin/repl/ast-query-e2e-test_test.dart: null yin.repl.ast-query-e2e-test/vector-and-map-forms-arity-errors-and-result-limits
03:20 +148: /Users/sto/workspace/datomworld-py-c3int1/test/cljd-out/yin/repl/ast-query-e2e-test_test.dart: null yin.repl.ast-query-e2e-test/vector-and-map-forms-arity-errors-and-result-limits
03:20 +149: /Users/sto/workspace/datomworld-py-c3int1/test/cljd-out/yin/repl/ast-query-e2e-test_test.dart: null yin.repl.ast-query-e2e-test/vector-and-map-forms-arity-errors-and-result-limits
03:20 +150: /Users/sto/workspace/datomworld-py-c3int1/test/cljd-out/yin/repl/ast-query-e2e-test_test.dart: null yin.repl.ast-query-e2e-test/vector-and-map-forms-arity-errors-and-result-limits
03:20 +151: /Users/sto/workspace/datomworld-py-c3int1/test/cljd-out/yin/repl/ast-query-e2e-test_test.dart: null yin.repl.ast-query-e2e-test/vector-and-map-forms-arity-errors-and-result-limits
03:22 +152: /Users/sto/workspace/datomworld-py-c3int1/test/cljd-out/yin/repl/ast-query-e2e-test_test.dart: null yin.repl.ast-query-e2e-test/vector-and-map-forms-arity-errors-and-result-limits
03:22 +153: /Users/sto/workspace/datomworld-py-c3int1/test/cljd-out/yin/repl/ast-query-e2e-test_test.dart: null yin.repl.ast-query-e2e-test/vector-and-map-forms-arity-errors-and-result-limits
03:22 +154: /Users/sto/workspace/datomworld-py-c3int1/test/cljd-out/yin/repl/ast-query-e2e-test_test.dart: null yin.repl.ast-query-e2e-test/vector-and-map-forms-arity-errors-and-result-limits
03:22 +155: /Users/sto/workspace/datomworld-py-c3int1/test/cljd-out/yin/repl/ast-query-e2e-test_test.dart: null yin.repl.ast-query-e2e-test/vector-and-map-forms-arity-errors-and-result-limits
03:22 +156: /Users/sto/workspace/datomworld-py-c3int1/test/cljd-out/yin/repl/ast-query-e2e-test_test.dart: null yin.repl.ast-query-e2e-test/vector-and-map-forms-arity-errors-and-result-limits
03:30 +157: /Users/sto/workspace/datomworld-py-c3int1/test/cljd-out/yin/repl/ast-query-e2e-test_test.dart: null yin.repl.ast-query-e2e-test/vector-and-map-forms-arity-errors-and-result-limits
03:31 +158: /Users/sto/workspace/datomworld-py-c3int1/test/cljd-out/yin/repl/ast-query-e2e-test_test.dart: null yin.repl.ast-query-e2e-test/vector-and-map-forms-arity-errors-and-result-limits
03:31 +159: /Users/sto/workspace/datomworld-py-c3int1/test/cljd-out/yin/repl/ast-query-e2e-test_test.dart: null yin.repl.ast-query-e2e-test/vector-and-map-forms-arity-errors-and-result-limits
03:31 +160: /Users/sto/workspace/datomworld-py-c3int1/test/cljd-out/yin/repl/ast-query-e2e-test_test.dart: null yin.repl.ast-query-e2e-test/vector-and-map-forms-arity-errors-and-result-limits
03:32 +161: /Users/sto/workspace/datomworld-py-c3int1/test/cljd-out/yin/repl/ast-query-e2e-test_test.dart: null yin.repl.ast-query-e2e-test/vector-and-map-forms-arity-errors-and-result-limits
03:32 +162: /Users/sto/workspace/datomworld-py-c3int1/test/cljd-out/yin/repl/ast-query-e2e-test_test.dart: null yin.repl.ast-query-e2e-test/vector-and-map-forms-arity-errors-and-result-limits
03:39 +163: /Users/sto/workspace/datomworld-py-c3int1/test/cljd-out/yin/repl/ast-query-e2e-test_test.dart: null yin.repl.ast-query-e2e-test/vector-and-map-forms-arity-errors-and-result-limits
03:39 +164: /Users/sto/workspace/datomworld-py-c3int1/test/cljd-out/yin/repl/ast-query-e2e-test_test.dart: null yin.repl.ast-query-e2e-test/vector-and-map-forms-arity-errors-and-result-limits
03:39 +165: /Users/sto/workspace/datomworld-py-c3int1/test/cljd-out/yin/repl/ast-query-e2e-test_test.dart: null yin.repl.ast-query-e2e-test/vector-and-map-forms-arity-errors-and-result-limits
03:40 +166: /Users/sto/workspace/datomworld-py-c3int1/test/cljd-out/yin/repl/ast-query-e2e-test_test.dart: null yin.repl.ast-query-e2e-test/vector-and-map-forms-arity-errors-and-result-limits
03:40 +167: /Users/sto/workspace/datomworld-py-c3int1/test/cljd-out/yin/repl/ast-query-e2e-test_test.dart: null yin.repl.ast-query-e2e-test/vector-and-map-forms-arity-errors-and-result-limits
03:40 +168: /Users/sto/workspace/datomworld-py-c3int1/test/cljd-out/yin/repl/ast-query-e2e-test_test.dart: null yin.repl.ast-query-e2e-test/vector-and-map-forms-arity-errors-and-result-limits
03:40 +169: /Users/sto/workspace/datomworld-py-c3int1/test/cljd-out/yin/repl/ast-query-e2e-test_test.dart: null yin.repl.ast-query-e2e-test/vector-and-map-forms-arity-errors-and-result-limits
03:41 +170: /Users/sto/workspace/datomworld-py-c3int1/test/cljd-out/yin/repl/ast-query-e2e-test_test.dart: null yin.repl.ast-query-e2e-test/vector-and-map-forms-arity-errors-and-result-limits
03:41 +171: /Users/sto/workspace/datomworld-py-c3int1/test/cljd-out/yin/repl/ast-query-e2e-test_test.dart: null yin.repl.ast-query-e2e-test/vector-and-map-forms-arity-errors-and-result-limits
03:43 +172: /Users/sto/workspace/datomworld-py-c3int1/test/cljd-out/yin/repl/ast-query-e2e-test_test.dart: null yin.repl.ast-query-e2e-test/vector-and-map-forms-arity-errors-and-result-limits
03:44 +173: /Users/sto/workspace/datomworld-py-c3int1/test/cljd-out/yin/repl/ast-query-e2e-test_test.dart: null yin.repl.ast-query-e2e-test/vector-and-map-forms-arity-errors-and-result-limits
03:44 +174: /Users/sto/workspace/datomworld-py-c3int1/test/cljd-out/yin/repl/ast-query-e2e-test_test.dart: null yin.repl.ast-query-e2e-test/vector-and-map-forms-arity-errors-and-result-limits
03:44 +175: /Users/sto/workspace/datomworld-py-c3int1/test/cljd-out/yin/repl/ast-query-e2e-test_test.dart: null yin.repl.ast-query-e2e-test/vector-and-map-forms-arity-errors-and-result-limits
03:44 +176: /Users/sto/workspace/datomworld-py-c3int1/test/cljd-out/yin/repl/ast-query-e2e-test_test.dart: null yin.repl.ast-query-e2e-test/vector-and-map-forms-arity-errors-and-result-limits
03:44 +177: /Users/sto/workspace/datomworld-py-c3int1/test/cljd-out/yin/repl/ast-query-e2e-test_test.dart: null yin.repl.ast-query-e2e-test/vector-and-map-forms-arity-errors-and-result-limits
03:45 +178: /Users/sto/workspace/datomworld-py-c3int1/test/cljd-out/yin/repl/ast-query-e2e-test_test.dart: null yin.repl.ast-query-e2e-test/vector-and-map-forms-arity-errors-and-result-limits
03:47 +179: /Users/sto/workspace/datomworld-py-c3int1/test/cljd-out/yin/repl/ast-query-e2e-test_test.dart: null yin.repl.ast-query-e2e-test/vector-and-map-forms-arity-errors-and-result-limits
03:47 +180: /Users/sto/workspace/datomworld-py-c3int1/test/cljd-out/yin/repl/ast-query-e2e-test_test.dart: null yin.repl.ast-query-e2e-test/vector-and-map-forms-arity-errors-and-result-limits
03:47 +181: /Users/sto/workspace/datomworld-py-c3int1/test/cljd-out/yin/repl/ast-query-e2e-test_test.dart: null yin.repl.ast-query-e2e-test/vector-and-map-forms-arity-errors-and-result-limits
03:47 +182: /Users/sto/workspace/datomworld-py-c3int1/test/cljd-out/yin/repl/ast-query-e2e-test_test.dart: null yin.repl.ast-query-e2e-test/vector-and-map-forms-arity-errors-and-result-limits
03:48 +183: /Users/sto/workspace/datomworld-py-c3int1/test/cljd-out/yin/repl/ast-query-e2e-test_test.dart: null yin.repl.ast-query-e2e-test/vector-and-map-forms-arity-errors-and-result-limits
03:48 +184: /Users/sto/workspace/datomworld-py-c3int1/test/cljd-out/yin/repl/ast-query-e2e-test_test.dart: null yin.repl.ast-query-e2e-test/vector-and-map-forms-arity-errors-and-result-limits
03:49 +185: /Users/sto/workspace/datomworld-py-c3int1/test/cljd-out/yin/repl/ast-query-e2e-test_test.dart: null yin.repl.ast-query-e2e-test/vector-and-map-forms-arity-errors-and-result-limits
03:49 +186: /Users/sto/workspace/datomworld-py-c3int1/test/cljd-out/yin/repl/query-test_test.dart: null yin.repl.query-test/a-program-calling-q-without-end-is-stopped-at-the-drive-budget
03:50 +187: /Users/sto/workspace/datomworld-py-c3int1/test/cljd-out/yin/repl/query-test_test.dart: null yin.repl.query-test/a-program-calling-q-without-end-is-stopped-at-the-drive-budget
03:50 +188: /Users/sto/workspace/datomworld-py-c3int1/test/cljd-out/yin/repl/query-test_test.dart: null yin.repl.query-test/a-program-calling-q-without-end-is-stopped-at-the-drive-budget
03:50 +189: /Users/sto/workspace/datomworld-py-c3int1/test/cljd-out/yin/repl/query-test_test.dart: null yin.repl.query-test/a-program-calling-q-without-end-is-stopped-at-the-drive-budget
03:50 +190: /Users/sto/workspace/datomworld-py-c3int1/test/cljd-out/yin/repl/query-test_test.dart: null yin.repl.query-test/a-program-calling-q-without-end-is-stopped-at-the-drive-budget
03:50 +191: /Users/sto/workspace/datomworld-py-c3int1/test/cljd-out/yin/repl/query-test_test.dart: null yin.repl.query-test/a-program-calling-q-without-end-is-stopped-at-the-drive-budget
03:59 +192: /Users/sto/workspace/datomworld-py-c3int1/test/cljd-out/yin/repl/query-test_test.dart: null yin.repl.query-test/a-program-calling-q-without-end-is-stopped-at-the-drive-budget
04:00 +193: /Users/sto/workspace/datomworld-py-c3int1/test/cljd-out/yin/repl/query-test_test.dart: null yin.repl.query-test/a-program-calling-q-without-end-is-stopped-at-the-drive-budget
04:00 +194: /Users/sto/workspace/datomworld-py-c3int1/test/cljd-out/yin/repl/query-test_test.dart: null yin.repl.query-test/a-program-calling-q-without-end-is-stopped-at-the-drive-budget
04:00 +195: /Users/sto/workspace/datomworld-py-c3int1/test/cljd-out/yin/repl/query-test_test.dart: null yin.repl.query-test/a-program-calling-q-without-end-is-stopped-at-the-drive-budget
04:00 +196: /Users/sto/workspace/datomworld-py-c3int1/test/cljd-out/yin/repl/query-test_test.dart: null yin.repl.query-test/a-program-calling-q-without-end-is-stopped-at-the-drive-budget
04:04 +197: /Users/sto/workspace/datomworld-py-c3int1/test/cljd-out/yin/repl/query-test_test.dart: null yin.repl.query-test/a-program-calling-q-without-end-is-stopped-at-the-drive-budget
04:04 +198: /Users/sto/workspace/datomworld-py-c3int1/test/cljd-out/yin/repl/query-test_test.dart: null yin.repl.query-test/a-program-calling-q-without-end-is-stopped-at-the-drive-budget
04:04 +199: /Users/sto/workspace/datomworld-py-c3int1/test/cljd-out/yin/repl/query-test_test.dart: null yin.repl.query-test/a-program-calling-q-without-end-is-stopped-at-the-drive-budget
04:04 +200: /Users/sto/workspace/datomworld-py-c3int1/test/cljd-out/yin/repl/query-test_test.dart: null yin.repl.query-test/a-program-calling-q-without-end-is-stopped-at-the-drive-budget
04:04 +201: /Users/sto/workspace/datomworld-py-c3int1/test/cljd-out/yin/repl/query-test_test.dart: null yin.repl.query-test/a-program-calling-q-without-end-is-stopped-at-the-drive-budget
04:05 +202: /Users/sto/workspace/datomworld-py-c3int1/test/cljd-out/yin/repl/query-test_test.dart: null yin.repl.query-test/a-program-calling-q-without-end-is-stopped-at-the-drive-budget
04:05 +203: /Users/sto/workspace/datomworld-py-c3int1/test/cljd-out/yin/repl/query-test_test.dart: null yin.repl.query-test/a-program-calling-q-without-end-is-stopped-at-the-drive-budget
04:05 +204: /Users/sto/workspace/datomworld-py-c3int1/test/cljd-out/yin/repl/query-test_test.dart: null yin.repl.query-test/a-program-calling-q-without-end-is-stopped-at-the-drive-budget
04:05 +205: /Users/sto/workspace/datomworld-py-c3int1/test/cljd-out/yin/repl/query-test_test.dart: null yin.repl.query-test/a-program-calling-q-without-end-is-stopped-at-the-drive-budget
04:06 +206: /Users/sto/workspace/datomworld-py-c3int1/test/cljd-out/yin/repl/query-test_test.dart: null yin.repl.query-test/a-program-calling-q-without-end-is-stopped-at-the-drive-budget
04:06 +207: /Users/sto/workspace/datomworld-py-c3int1/test/cljd-out/yin/repl/query-test_test.dart: null yin.repl.query-test/a-program-calling-q-without-end-is-stopped-at-the-drive-budget
04:06 +208: /Users/sto/workspace/datomworld-py-c3int1/test/cljd-out/yin/repl/query-test_test.dart: null yin.repl.query-test/a-program-calling-q-without-end-is-stopped-at-the-drive-budget
04:06 +209: /Users/sto/workspace/datomworld-py-c3int1/test/cljd-out/yin/repl/query-test_test.dart: null yin.repl.query-test/a-program-calling-q-without-end-is-stopped-at-the-drive-budget
04:06 +210: /Users/sto/workspace/datomworld-py-c3int1/test/cljd-out/yin/repl/query-test_test.dart: null yin.repl.query-test/a-program-calling-q-without-end-is-stopped-at-the-drive-budget
04:06 +211: /Users/sto/workspace/datomworld-py-c3int1/test/cljd-out/yin/repl/query-test_test.dart: null yin.repl.query-test/a-program-calling-q-without-end-is-stopped-at-the-drive-budget
04:06 +212: /Users/sto/workspace/datomworld-py-c3int1/test/cljd-out/yin/repl/query-test_test.dart: null yin.repl.query-test/a-program-calling-q-without-end-is-stopped-at-the-drive-budget
04:07 +213: /Users/sto/workspace/datomworld-py-c3int1/test/cljd-out/yin/repl/query-test_test.dart: null yin.repl.query-test/a-program-calling-q-without-end-is-stopped-at-the-drive-budget
04:08 +214: /Users/sto/workspace/datomworld-py-c3int1/test/cljd-out/yin/repl/query-test_test.dart: null yin.repl.query-test/a-program-calling-q-without-end-is-stopped-at-the-drive-budget
04:08 +215: /Users/sto/workspace/datomworld-py-c3int1/test/cljd-out/yin/repl/query-test_test.dart: null yin.repl.query-test/a-program-calling-q-without-end-is-stopped-at-the-drive-budget
04:08 +216: /Users/sto/workspace/datomworld-py-c3int1/test/cljd-out/yin/repl/query-test_test.dart: null yin.repl.query-test/a-program-calling-q-without-end-is-stopped-at-the-drive-budget
04:08 +217: /Users/sto/workspace/datomworld-py-c3int1/test/cljd-out/yin/repl/query-test_test.dart: null yin.repl.query-test/a-program-calling-q-without-end-is-stopped-at-the-drive-budget
04:08 +218: /Users/sto/workspace/datomworld-py-c3int1/test/cljd-out/yin/repl/query-test_test.dart: null yin.repl.query-test/a-program-calling-q-without-end-is-stopped-at-the-drive-budget
04:17 +219: /Users/sto/workspace/datomworld-py-c3int1/test/cljd-out/yin/repl/query-test_test.dart: null yin.repl.query-test/a-program-calling-q-without-end-is-stopped-at-the-drive-budget
04:18 +220: /Users/sto/workspace/datomworld-py-c3int1/test/cljd-out/yin/repl/query-test_test.dart: null yin.repl.query-test/a-program-calling-q-without-end-is-stopped-at-the-drive-budget
04:18 +221: /Users/sto/workspace/datomworld-py-c3int1/test/cljd-out/yin/repl/query-test_test.dart: null yin.repl.query-test/a-program-calling-q-without-end-is-stopped-at-the-drive-budget
04:27 +222: /Users/sto/workspace/datomworld-py-c3int1/test/cljd-out/yin/repl/query-test_test.dart: null yin.repl.query-test/a-program-calling-q-without-end-is-stopped-at-the-drive-budget
04:27 +223: /Users/sto/workspace/datomworld-py-c3int1/test/cljd-out/yin/repl/query-test_test.dart: null yin.repl.query-test/a-program-calling-q-without-end-is-stopped-at-the-drive-budget
04:27 +224: /Users/sto/workspace/datomworld-py-c3int1/test/cljd-out/yin/repl/query-test_test.dart: null yin.repl.query-test/a-program-calling-q-without-end-is-stopped-at-the-drive-budget
04:27 +225: /Users/sto/workspace/datomworld-py-c3int1/test/cljd-out/yin/repl/query-test_test.dart: null yin.repl.query-test/a-program-calling-q-without-end-is-stopped-at-the-drive-budget
04:28 +226: /Users/sto/workspace/datomworld-py-c3int1/test/cljd-out/yin/repl/query-test_test.dart: null yin.repl.query-test/a-program-calling-q-without-end-is-stopped-at-the-drive-budget
04:28 +227: /Users/sto/workspace/datomworld-py-c3int1/test/cljd-out/yin/repl/query-test_test.dart: null yin.repl.query-test/a-program-calling-q-without-end-is-stopped-at-the-drive-budget
04:28 +228: /Users/sto/workspace/datomworld-py-c3int1/test/cljd-out/yin/repl/query-test_test.dart: null yin.repl.query-test/a-program-calling-q-without-end-is-stopped-at-the-drive-budget
04:28 +229: /Users/sto/workspace/datomworld-py-c3int1/test/cljd-out/yin/repl/query-test_test.dart: null yin.repl.query-test/a-program-calling-q-without-end-is-stopped-at-the-drive-budget
04:28 +230: /Users/sto/workspace/datomworld-py-c3int1/test/cljd-out/yin/repl/query-test_test.dart: null yin.repl.query-test/a-program-calling-q-without-end-is-stopped-at-the-drive-budget
04:28 +231: /Users/sto/workspace/datomworld-py-c3int1/test/cljd-out/yin/repl/query-test_test.dart: null yin.repl.query-test/a-program-calling-q-without-end-is-stopped-at-the-drive-budget
04:28 +232: /Users/sto/workspace/datomworld-py-c3int1/test/cljd-out/yin/repl/query-test_test.dart: null yin.repl.query-test/a-program-calling-q-without-end-is-stopped-at-the-drive-budget
04:28 +233: /Users/sto/workspace/datomworld-py-c3int1/test/cljd-out/yin/repl/query-test_test.dart: null yin.repl.query-test/a-program-calling-q-without-end-is-stopped-at-the-drive-budget
04:28 +234: /Users/sto/workspace/datomworld-py-c3int1/test/cljd-out/yin/repl/query-test_test.dart: null yin.repl.query-test/a-program-calling-q-without-end-is-stopped-at-the-drive-budget
04:28 +235: /Users/sto/workspace/datomworld-py-c3int1/test/cljd-out/yin/repl/query-test_test.dart: null yin.repl.query-test/a-program-calling-q-without-end-is-stopped-at-the-drive-budget
04:28 +236: /Users/sto/workspace/datomworld-py-c3int1/test/cljd-out/yin/repl/query-test_test.dart: null yin.repl.query-test/a-program-calling-q-without-end-is-stopped-at-the-drive-budget
04:29 +237: /Users/sto/workspace/datomworld-py-c3int1/test/cljd-out/yin/repl/query-test_test.dart: null yin.repl.query-test/a-program-calling-q-without-end-is-stopped-at-the-drive-budget
04:29 +238: /Users/sto/workspace/datomworld-py-c3int1/test/cljd-out/yin/repl/query-test_test.dart: null yin.repl.query-test/a-program-calling-q-without-end-is-stopped-at-the-drive-budget
04:31 +239: /Users/sto/workspace/datomworld-py-c3int1/test/cljd-out/yin/repl/query-test_test.dart: null yin.repl.query-test/a-program-calling-q-without-end-is-stopped-at-the-drive-budget
04:32 +240: /Users/sto/workspace/datomworld-py-c3int1/test/cljd-out/yin/repl/query-test_test.dart: null yin.repl.query-test/a-program-calling-q-without-end-is-stopped-at-the-drive-budget
04:32 +241: /Users/sto/workspace/datomworld-py-c3int1/test/cljd-out/yin/repl/query-test_test.dart: null yin.repl.query-test/a-program-calling-q-without-end-is-stopped-at-the-drive-budget
04:33 +242: /Users/sto/workspace/datomworld-py-c3int1/test/cljd-out/yin/repl/query-test_test.dart: null yin.repl.query-test/a-program-calling-q-without-end-is-stopped-at-the-drive-budget
04:34 +243: /Users/sto/workspace/datomworld-py-c3int1/test/cljd-out/yin/repl/query-test_test.dart: null yin.repl.query-test/a-program-calling-q-without-end-is-stopped-at-the-drive-budget
04:34 +244: /Users/sto/workspace/datomworld-py-c3int1/test/cljd-out/yin/repl/query-test_test.dart: null yin.repl.query-test/a-program-calling-q-without-end-is-stopped-at-the-drive-budget
04:34 +245: /Users/sto/workspace/datomworld-py-c3int1/test/cljd-out/yin/repl/query-test_test.dart: null yin.repl.query-test/a-program-calling-q-without-end-is-stopped-at-the-drive-budget
04:34 +246: /Users/sto/workspace/datomworld-py-c3int1/test/cljd-out/yin/repl/query-test_test.dart: null yin.repl.query-test/a-program-calling-q-without-end-is-stopped-at-the-drive-budget
04:34 +247: /Users/sto/workspace/datomworld-py-c3int1/test/cljd-out/yin/repl/query-test_test.dart: null yin.repl.query-test/a-program-calling-q-without-end-is-stopped-at-the-drive-budget
04:34 +248: /Users/sto/workspace/datomworld-py-c3int1/test/cljd-out/yin/repl/query-test_test.dart: null yin.repl.query-test/a-program-calling-q-without-end-is-stopped-at-the-drive-budget
04:34 +249: /Users/sto/workspace/datomworld-py-c3int1/test/cljd-out/yin/repl/query-test_test.dart: null yin.repl.query-test/a-program-calling-q-without-end-is-stopped-at-the-drive-budget
04:35 +250: /Users/sto/workspace/datomworld-py-c3int1/test/cljd-out/yin/repl/query-test_test.dart: null yin.repl.query-test/a-program-calling-q-without-end-is-stopped-at-the-drive-budget
04:35 +251: /Users/sto/workspace/datomworld-py-c3int1/test/cljd-out/yin/repl/query-test_test.dart: null yin.repl.query-test/a-program-calling-q-without-end-is-stopped-at-the-drive-budget
04:39 +252: /Users/sto/workspace/datomworld-py-c3int1/test/cljd-out/yin/repl/query-test_test.dart: null yin.repl.query-test/a-program-calling-q-without-end-is-stopped-at-the-drive-budget
04:46 +253: /Users/sto/workspace/datomworld-py-c3int1/test/cljd-out/yin/repl/query-test_test.dart: null yin.repl.query-test/a-program-calling-q-without-end-is-stopped-at-the-drive-budget
04:48 +254: /Users/sto/workspace/datomworld-py-c3int1/test/cljd-out/yin/repl/query-test_test.dart: null yin.repl.query-test/a-program-calling-q-without-end-is-stopped-at-the-drive-budget
04:48 +255: /Users/sto/workspace/datomworld-py-c3int1/test/cljd-out/yin/repl/query-test_test.dart: null yin.repl.query-test/a-program-calling-q-without-end-is-stopped-at-the-drive-budget
04:48 +256: /Users/sto/workspace/datomworld-py-c3int1/test/cljd-out/yin/repl/query-test_test.dart: null yin.repl.query-test/a-program-calling-q-without-end-is-stopped-at-the-drive-budget
04:48 +257: /Users/sto/workspace/datomworld-py-c3int1/test/cljd-out/yin/repl/query-test_test.dart: null yin.repl.query-test/a-program-calling-q-without-end-is-stopped-at-the-drive-budget
04:49 +258: /Users/sto/workspace/datomworld-py-c3int1/test/cljd-out/yin/repl/query-test_test.dart: null yin.repl.query-test/a-program-calling-q-without-end-is-stopped-at-the-drive-budget
04:49 +259: /Users/sto/workspace/datomworld-py-c3int1/test/cljd-out/yin/repl/query-test_test.dart: null yin.repl.query-test/a-program-calling-q-without-end-is-stopped-at-the-drive-budget
04:49 +260: /Users/sto/workspace/datomworld-py-c3int1/test/cljd-out/yin/repl/query-test_test.dart: null yin.repl.query-test/a-program-calling-q-without-end-is-stopped-at-the-drive-budget
04:49 +261: /Users/sto/workspace/datomworld-py-c3int1/test/cljd-out/yin/repl/query-test_test.dart: null yin.repl.query-test/a-program-calling-q-without-end-is-stopped-at-the-drive-budget
04:50 +262: /Users/sto/workspace/datomworld-py-c3int1/test/cljd-out/yin/repl/query-test_test.dart: null yin.repl.query-test/a-program-calling-q-without-end-is-stopped-at-the-drive-budget
04:50 +263: /Users/sto/workspace/datomworld-py-c3int1/test/cljd-out/yin/repl/query-test_test.dart: null yin.repl.query-test/a-program-calling-q-without-end-is-stopped-at-the-drive-budget
04:50 +264: /Users/sto/workspace/datomworld-py-c3int1/test/cljd-out/yin/repl/query-test_test.dart: null yin.repl.query-test/a-program-calling-q-without-end-is-stopped-at-the-drive-budget
04:50 +265: /Users/sto/workspace/datomworld-py-c3int1/test/cljd-out/yin/repl/query-test_test.dart: null yin.repl.query-test/a-program-calling-q-without-end-is-stopped-at-the-drive-budget
04:50 +266: /Users/sto/workspace/datomworld-py-c3int1/test/cljd-out/yin/repl/query-test_test.dart: null yin.repl.query-test/a-program-calling-q-without-end-is-stopped-at-the-drive-budget
04:50 +267: /Users/sto/workspace/datomworld-py-c3int1/test/cljd-out/yin/repl/query-test_test.dart: null yin.repl.query-test/a-program-calling-q-without-end-is-stopped-at-the-drive-budget
04:50 +268: /Users/sto/workspace/datomworld-py-c3int1/test/cljd-out/yin/repl/query-test_test.dart: null yin.repl.query-test/a-program-calling-q-without-end-is-stopped-at-the-drive-budget
04:52 +269: /Users/sto/workspace/datomworld-py-c3int1/test/cljd-out/yin/repl/query-test_test.dart: null yin.repl.query-test/a-program-calling-q-without-end-is-stopped-at-the-drive-budget
04:53 +270: /Users/sto/workspace/datomworld-py-c3int1/test/cljd-out/yin/repl/query-test_test.dart: null yin.repl.query-test/a-program-calling-q-without-end-is-stopped-at-the-drive-budget
04:53 +271: /Users/sto/workspace/datomworld-py-c3int1/test/cljd-out/yin/repl/query-test_test.dart: null yin.repl.query-test/a-program-calling-q-without-end-is-stopped-at-the-drive-budget
04:53 +272: /Users/sto/workspace/datomworld-py-c3int1/test/cljd-out/yin/repl/query-test_test.dart: null yin.repl.query-test/a-program-calling-q-without-end-is-stopped-at-the-drive-budget
04:55 +273: /Users/sto/workspace/datomworld-py-c3int1/test/cljd-out/yin/repl/query-test_test.dart: null yin.repl.query-test/a-program-calling-q-without-end-is-stopped-at-the-drive-budget
04:56 +274: /Users/sto/workspace/datomworld-py-c3int1/test/cljd-out/yin/repl/query-test_test.dart: null yin.repl.query-test/a-program-calling-q-without-end-is-stopped-at-the-drive-budget
04:56 +275: /Users/sto/workspace/datomworld-py-c3int1/test/cljd-out/yin/repl/query-test_test.dart: null yin.repl.query-test/a-program-calling-q-without-end-is-stopped-at-the-drive-budget
04:57 +276: /Users/sto/workspace/datomworld-py-c3int1/test/cljd-out/yin/repl/query-test_test.dart: null yin.repl.query-test/a-program-calling-q-without-end-is-stopped-at-the-drive-budget
04:58 +277: /Users/sto/workspace/datomworld-py-c3int1/test/cljd-out/yin/repl/query-test_test.dart: null yin.repl.query-test/a-program-calling-q-without-end-is-stopped-at-the-drive-budget
04:58 +278: /Users/sto/workspace/datomworld-py-c3int1/test/cljd-out/yin/repl/query-test_test.dart: null yin.repl.query-test/a-program-calling-q-without-end-is-stopped-at-the-drive-budget
04:58 +279: /Users/sto/workspace/datomworld-py-c3int1/test/cljd-out/yin/repl/query-test_test.dart: null yin.repl.query-test/a-program-calling-q-without-end-is-stopped-at-the-drive-budget
04:58 +280: /Users/sto/workspace/datomworld-py-c3int1/test/cljd-out/yin/repl/query-test_test.dart: null yin.repl.query-test/a-program-calling-q-without-end-is-stopped-at-the-drive-budget
04:58 +281: /Users/sto/workspace/datomworld-py-c3int1/test/cljd-out/yin/repl/query-test_test.dart: null yin.repl.query-test/a-program-calling-q-without-end-is-stopped-at-the-drive-budget
04:59 +282: /Users/sto/workspace/datomworld-py-c3int1/test/cljd-out/yin/repl/query-test_test.dart: null yin.repl.query-test/a-program-calling-q-without-end-is-stopped-at-the-drive-budget
04:59 +283: /Users/sto/workspace/datomworld-py-c3int1/test/cljd-out/yin/repl/query-test_test.dart: null yin.repl.query-test/a-program-calling-q-without-end-is-stopped-at-the-drive-budget
04:59 +284: /Users/sto/workspace/datomworld-py-c3int1/test/cljd-out/yin/repl/query-test_test.dart: null yin.repl.query-test/a-program-calling-q-without-end-is-stopped-at-the-drive-budget
04:59 +285: /Users/sto/workspace/datomworld-py-c3int1/test/cljd-out/yin/repl/query-test_test.dart: null yin.repl.query-test/a-program-calling-q-without-end-is-stopped-at-the-drive-budget
04:59 +286: /Users/sto/workspace/datomworld-py-c3int1/test/cljd-out/yin/repl/query-test_test.dart: null yin.repl.query-test/a-program-calling-q-without-end-is-stopped-at-the-drive-budget
04:59 +287: /Users/sto/workspace/datomworld-py-c3int1/test/cljd-out/yin/repl/query-test_test.dart: null yin.repl.query-test/a-program-calling-q-without-end-is-stopped-at-the-drive-budget
05:00 +288: /Users/sto/workspace/datomworld-py-c3int1/test/cljd-out/yin/repl/query-test_test.dart: null yin.repl.query-test/a-program-calling-q-without-end-is-stopped-at-the-drive-budget
05:00 +289: /Users/sto/workspace/datomworld-py-c3int1/test/cljd-out/yin/repl/query-test_test.dart: null yin.repl.query-test/a-program-calling-q-without-end-is-stopped-at-the-drive-budget
05:00 +290: /Users/sto/workspace/datomworld-py-c3int1/test/cljd-out/yin/repl/dht-test_test.dart: null yin.repl.dht-test/a-two-principal-dependency-evaluates-or-raises-dependency-binding
05:01 +291: /Users/sto/workspace/datomworld-py-c3int1/test/cljd-out/yin/repl/dht-test_test.dart: null yin.repl.dht-test/a-two-principal-dependency-evaluates-or-raises-dependency-binding
05:06 +292: /Users/sto/workspace/datomworld-py-c3int1/test/cljd-out/yin/repl/dht-test_test.dart: null yin.repl.dht-test/a-two-principal-dependency-evaluates-or-raises-dependency-binding
05:07 +293: /Users/sto/workspace/datomworld-py-c3int1/test/cljd-out/yin/repl/dht-test_test.dart: null yin.repl.dht-test/a-two-principal-dependency-evaluates-or-raises-dependency-binding
05:08 +294: /Users/sto/workspace/datomworld-py-c3int1/test/cljd-out/yin/repl/dht-test_test.dart: null yin.repl.dht-test/a-two-principal-dependency-evaluates-or-raises-dependency-binding
05:09 +295: /Users/sto/workspace/datomworld-py-c3int1/test/cljd-out/yin/repl/dht-test_test.dart: null yin.repl.dht-test/a-two-principal-dependency-evaluates-or-raises-dependency-binding
05:10 +296: /Users/sto/workspace/datomworld-py-c3int1/test/cljd-out/yin/repl/dht-test_test.dart: null yin.repl.dht-test/a-two-principal-dependency-evaluates-or-raises-dependency-binding
05:10 +297: /Users/sto/workspace/datomworld-py-c3int1/test/cljd-out/yin/repl/dht-test_test.dart: null yin.repl.dht-test/a-two-principal-dependency-evaluates-or-raises-dependency-binding
05:10 +298: /Users/sto/workspace/datomworld-py-c3int1/test/cljd-out/yin/repl/dht-test_test.dart: null yin.repl.dht-test/a-two-principal-dependency-evaluates-or-raises-dependency-binding
05:11 +299: /Users/sto/workspace/datomworld-py-c3int1/test/cljd-out/yin/repl/dht-test_test.dart: null yin.repl.dht-test/a-two-principal-dependency-evaluates-or-raises-dependency-binding
05:11 +300: /Users/sto/workspace/datomworld-py-c3int1/test/cljd-out/yin/repl/dht-test_test.dart: null yin.repl.dht-test/a-two-principal-dependency-evaluates-or-raises-dependency-binding
05:11 +301: /Users/sto/workspace/datomworld-py-c3int1/test/cljd-out/yin/repl/dht-test_test.dart: null yin.repl.dht-test/a-two-principal-dependency-evaluates-or-raises-dependency-binding
05:11 +302: /Users/sto/workspace/datomworld-py-c3int1/test/cljd-out/yin/repl/dht-test_test.dart: null yin.repl.dht-test/a-two-principal-dependency-evaluates-or-raises-dependency-binding
05:11 +303: /Users/sto/workspace/datomworld-py-c3int1/test/cljd-out/yin/repl/dht-test_test.dart: null yin.repl.dht-test/a-two-principal-dependency-evaluates-or-raises-dependency-binding
05:11 +304: /Users/sto/workspace/datomworld-py-c3int1/test/cljd-out/yin/repl/dht-test_test.dart: null yin.repl.dht-test/a-two-principal-dependency-evaluates-or-raises-dependency-binding
05:11 +305: /Users/sto/workspace/datomworld-py-c3int1/test/cljd-out/yin/repl/dht-test_test.dart: null yin.repl.dht-test/a-two-principal-dependency-evaluates-or-raises-dependency-binding
05:11 +306: /Users/sto/workspace/datomworld-py-c3int1/test/cljd-out/yin/repl/dht-test_test.dart: null yin.repl.dht-test/a-two-principal-dependency-evaluates-or-raises-dependency-binding
05:11 +307: /Users/sto/workspace/datomworld-py-c3int1/test/cljd-out/yin/repl/dht-test_test.dart: null yin.repl.dht-test/a-two-principal-dependency-evaluates-or-raises-dependency-binding
05:11 +308: /Users/sto/workspace/datomworld-py-c3int1/test/cljd-out/yin/repl/dht-test_test.dart: null yin.repl.dht-test/a-two-principal-dependency-evaluates-or-raises-dependency-binding
05:12 +309: /Users/sto/workspace/datomworld-py-c3int1/test/cljd-out/yin/repl/dht-test_test.dart: null yin.repl.dht-test/a-two-principal-dependency-evaluates-or-raises-dependency-binding
05:12 +310: /Users/sto/workspace/datomworld-py-c3int1/test/cljd-out/yin/repl/dht-test_test.dart: null yin.repl.dht-test/a-two-principal-dependency-evaluates-or-raises-dependency-binding
05:12 +311: /Users/sto/workspace/datomworld-py-c3int1/test/cljd-out/yin/repl/dht-test_test.dart: null yin.repl.dht-test/a-two-principal-dependency-evaluates-or-raises-dependency-binding
05:12 +312: /Users/sto/workspace/datomworld-py-c3int1/test/cljd-out/yin/repl/dht-test_test.dart: null yin.repl.dht-test/a-two-principal-dependency-evaluates-or-raises-dependency-binding
05:12 +313: /Users/sto/workspace/datomworld-py-c3int1/test/cljd-out/yin/repl/dht-test_test.dart: null yin.repl.dht-test/a-two-principal-dependency-evaluates-or-raises-dependency-binding
05:13 +314: /Users/sto/workspace/datomworld-py-c3int1/test/cljd-out/yin/repl/dht-test_test.dart: null yin.repl.dht-test/a-two-principal-dependency-evaluates-or-raises-dependency-binding
05:22 +315: /Users/sto/workspace/datomworld-py-c3int1/test/cljd-out/yin/repl/dht-test_test.dart: null yin.repl.dht-test/a-two-principal-dependency-evaluates-or-raises-dependency-binding
05:23 +316: /Users/sto/workspace/datomworld-py-c3int1/test/cljd-out/yin/repl/dht-test_test.dart: null yin.repl.dht-test/a-two-principal-dependency-evaluates-or-raises-dependency-binding
05:23 +317: /Users/sto/workspace/datomworld-py-c3int1/test/cljd-out/yin/repl/dht-test_test.dart: null yin.repl.dht-test/a-two-principal-dependency-evaluates-or-raises-dependency-binding
05:23 +318: /Users/sto/workspace/datomworld-py-c3int1/test/cljd-out/yin/repl/dht-test_test.dart: null yin.repl.dht-test/a-two-principal-dependency-evaluates-or-raises-dependency-binding
05:23 +319: /Users/sto/workspace/datomworld-py-c3int1/test/cljd-out/yin/repl/dht-test_test.dart: null yin.repl.dht-test/a-two-principal-dependency-evaluates-or-raises-dependency-binding
05:23 +320: /Users/sto/workspace/datomworld-py-c3int1/test/cljd-out/yin/repl/dht-test_test.dart: null yin.repl.dht-test/a-two-principal-dependency-evaluates-or-raises-dependency-binding
05:23 +321: /Users/sto/workspace/datomworld-py-c3int1/test/cljd-out/yin/repl/dht-test_test.dart: null yin.repl.dht-test/a-two-principal-dependency-evaluates-or-raises-dependency-binding
05:23 +322: /Users/sto/workspace/datomworld-py-c3int1/test/cljd-out/yin/repl/dht-test_test.dart: null yin.repl.dht-test/a-two-principal-dependency-evaluates-or-raises-dependency-binding
05:38 +323: /Users/sto/workspace/datomworld-py-c3int1/test/cljd-out/yin/repl/dht-test_test.dart: null yin.repl.dht-test/a-two-principal-dependency-evaluates-or-raises-dependency-binding
05:38 +324: /Users/sto/workspace/datomworld-py-c3int1/test/cljd-out/yin/repl/dht-test_test.dart: null yin.repl.dht-test/a-two-principal-dependency-evaluates-or-raises-dependency-binding
05:39 +325: /Users/sto/workspace/datomworld-py-c3int1/test/cljd-out/yin/repl/dht-test_test.dart: null yin.repl.dht-test/a-two-principal-dependency-evaluates-or-raises-dependency-binding
05:39 +326: /Users/sto/workspace/datomworld-py-c3int1/test/cljd-out/yin/repl/dht-test_test.dart: null yin.repl.dht-test/a-two-principal-dependency-evaluates-or-raises-dependency-binding
05:39 +327: /Users/sto/workspace/datomworld-py-c3int1/test/cljd-out/yin/repl/dht-test_test.dart: null yin.repl.dht-test/a-two-principal-dependency-evaluates-or-raises-dependency-binding
05:39 +328: /Users/sto/workspace/datomworld-py-c3int1/test/cljd-out/yin/repl/dht-test_test.dart: null yin.repl.dht-test/a-two-principal-dependency-evaluates-or-raises-dependency-binding
05:39 +329: /Users/sto/workspace/datomworld-py-c3int1/test/cljd-out/yin/repl/dht-test_test.dart: null yin.repl.dht-test/a-two-principal-dependency-evaluates-or-raises-dependency-binding
05:39 +330: /Users/sto/workspace/datomworld-py-c3int1/test/cljd-out/yin/repl/dht-test_test.dart: null yin.repl.dht-test/a-two-principal-dependency-evaluates-or-raises-dependency-binding
05:39 +331: /Users/sto/workspace/datomworld-py-c3int1/test/cljd-out/yin/repl/dht-test_test.dart: null yin.repl.dht-test/a-two-principal-dependency-evaluates-or-raises-dependency-binding
05:39 +332: /Users/sto/workspace/datomworld-py-c3int1/test/cljd-out/yin/repl/dht-test_test.dart: null yin.repl.dht-test/a-two-principal-dependency-evaluates-or-raises-dependency-binding
05:39 +333: /Users/sto/workspace/datomworld-py-c3int1/test/cljd-out/yin/repl/dht-test_test.dart: null yin.repl.dht-test/a-two-principal-dependency-evaluates-or-raises-dependency-binding
05:39 +334: /Users/sto/workspace/datomworld-py-c3int1/test/cljd-out/yin/repl/dht-test_test.dart: null yin.repl.dht-test/a-two-principal-dependency-evaluates-or-raises-dependency-binding
05:39 +335: /Users/sto/workspace/datomworld-py-c3int1/test/cljd-out/yin/repl/dht-test_test.dart: null yin.repl.dht-test/a-two-principal-dependency-evaluates-or-raises-dependency-binding
05:51 +336: /Users/sto/workspace/datomworld-py-c3int1/test/cljd-out/yin/repl/query-test_test.dart: null yin.repl.query-test/ast-results-over-a-limit-refuse-naming-it
05:51 +337: /Users/sto/workspace/datomworld-py-c3int1/test/cljd-out/yin/repl/query-test_test.dart: null yin.repl.query-test/ast-results-over-a-limit-refuse-naming-it
05:53 +338: /Users/sto/workspace/datomworld-py-c3int1/test/cljd-out/yin/repl/query-test_test.dart: null yin.repl.query-test/ast-results-over-a-limit-refuse-naming-it
05:55 +339: /Users/sto/workspace/datomworld-py-c3int1/test/cljd-out/yin/repl/query-test_test.dart: null yin.repl.query-test/ast-results-over-a-limit-refuse-naming-it
05:55 +340: /Users/sto/workspace/datomworld-py-c3int1/test/cljd-out/yin/repl/query-test_test.dart: null yin.repl.query-test/ast-results-over-a-limit-refuse-naming-it
05:56 +341: /Users/sto/workspace/datomworld-py-c3int1/test/cljd-out/yin/repl/query-test_test.dart: null yin.repl.query-test/ast-results-over-a-limit-refuse-naming-it
05:56 +342: /Users/sto/workspace/datomworld-py-c3int1/test/cljd-out/yin/repl/query-test_test.dart: null yin.repl.query-test/ast-results-over-a-limit-refuse-naming-it
05:56 +343: /Users/sto/workspace/datomworld-py-c3int1/test/cljd-out/yin/repl/query-test_test.dart: null yin.repl.query-test/ast-results-over-a-limit-refuse-naming-it
05:56 +344: /Users/sto/workspace/datomworld-py-c3int1/test/cljd-out/yin/repl/query-test_test.dart: null yin.repl.query-test/ast-results-over-a-limit-refuse-naming-it
05:56 +345: /Users/sto/workspace/datomworld-py-c3int1/test/cljd-out/yin/repl/query-test_test.dart: null yin.repl.query-test/ast-results-over-a-limit-refuse-naming-it
05:56 +346: /Users/sto/workspace/datomworld-py-c3int1/test/cljd-out/yin/repl/query-test_test.dart: null yin.repl.query-test/ast-results-over-a-limit-refuse-naming-it
05:56 +347: /Users/sto/workspace/datomworld-py-c3int1/test/cljd-out/yin/repl/query-test_test.dart: null yin.repl.query-test/ast-results-over-a-limit-refuse-naming-it
05:56 +348: /Users/sto/workspace/datomworld-py-c3int1/test/cljd-out/yin/repl/query-test_test.dart: null yin.repl.query-test/ast-results-over-a-limit-refuse-naming-it
05:56 +349: /Users/sto/workspace/datomworld-py-c3int1/test/cljd-out/yin/repl/query-test_test.dart: null yin.repl.query-test/ast-results-over-a-limit-refuse-naming-it
05:56 +350: /Users/sto/workspace/datomworld-py-c3int1/test/cljd-out/yin/repl/query-test_test.dart: null yin.repl.query-test/ast-results-over-a-limit-refuse-naming-it
05:56 +351: /Users/sto/workspace/datomworld-py-c3int1/test/cljd-out/yin/repl/query-test_test.dart: null yin.repl.query-test/ast-results-over-a-limit-refuse-naming-it
05:56 +352: /Users/sto/workspace/datomworld-py-c3int1/test/cljd-out/yin/repl/query-test_test.dart: null yin.repl.query-test/ast-results-over-a-limit-refuse-naming-it
05:56 +353: /Users/sto/workspace/datomworld-py-c3int1/test/cljd-out/yin/repl/query-test_test.dart: null yin.repl.query-test/ast-results-over-a-limit-refuse-naming-it
05:56 +354: /Users/sto/workspace/datomworld-py-c3int1/test/cljd-out/yin/repl/query-test_test.dart: null yin.repl.query-test/ast-results-over-a-limit-refuse-naming-it
05:56 +355: /Users/sto/workspace/datomworld-py-c3int1/test/cljd-out/yin/repl/query-test_test.dart: null yin.repl.query-test/ast-results-over-a-limit-refuse-naming-it
05:56 +356: /Users/sto/workspace/datomworld-py-c3int1/test/cljd-out/yin/repl/query-test_test.dart: null yin.repl.query-test/ast-results-over-a-limit-refuse-naming-it
05:57 +357: /Users/sto/workspace/datomworld-py-c3int1/test/cljd-out/yin/repl/query-test_test.dart: null yin.repl.query-test/ast-results-over-a-limit-refuse-naming-it
05:57 +358: /Users/sto/workspace/datomworld-py-c3int1/test/cljd-out/yin/repl/query-test_test.dart: null yin.repl.query-test/ast-results-over-a-limit-refuse-naming-it
05:57 +359: /Users/sto/workspace/datomworld-py-c3int1/test/cljd-out/yin/repl/query-test_test.dart: null yin.repl.query-test/ast-results-over-a-limit-refuse-naming-it
05:57 +360: /Users/sto/workspace/datomworld-py-c3int1/test/cljd-out/yin/repl/query-test_test.dart: null yin.repl.query-test/ast-results-over-a-limit-refuse-naming-it
05:57 +361: /Users/sto/workspace/datomworld-py-c3int1/test/cljd-out/yin/repl/query-test_test.dart: null yin.repl.query-test/ast-results-over-a-limit-refuse-naming-it
05:57 +362: /Users/sto/workspace/datomworld-py-c3int1/test/cljd-out/yin/repl/query-test_test.dart: null yin.repl.query-test/ast-results-over-a-limit-refuse-naming-it
05:57 +363: /Users/sto/workspace/datomworld-py-c3int1/test/cljd-out/yin/repl/query-test_test.dart: null yin.repl.query-test/ast-results-over-a-limit-refuse-naming-it
05:57 +364: /Users/sto/workspace/datomworld-py-c3int1/test/cljd-out/yin/repl/query-test_test.dart: null yin.repl.query-test/ast-results-over-a-limit-refuse-naming-it
06:05 +365: /Users/sto/workspace/datomworld-py-c3int1/test/cljd-out/yin/repl/query-test_test.dart: null yin.repl.query-test/ast-results-over-a-limit-refuse-naming-it
06:06 +366: /Users/sto/workspace/datomworld-py-c3int1/test/cljd-out/yin/repl/query-test_test.dart: null yin.repl.query-test/ast-results-over-a-limit-refuse-naming-it
06:06 +367: /Users/sto/workspace/datomworld-py-c3int1/test/cljd-out/yin/repl/query-test_test.dart: null yin.repl.query-test/ast-results-over-a-limit-refuse-naming-it
06:06 +368: /Users/sto/workspace/datomworld-py-c3int1/test/cljd-out/yin/repl/query-test_test.dart: null yin.repl.query-test/ast-results-over-a-limit-refuse-naming-it
06:06 +369: /Users/sto/workspace/datomworld-py-c3int1/test/cljd-out/yin/repl/query-test_test.dart: null yin.repl.query-test/ast-results-over-a-limit-refuse-naming-it
06:06 +370: /Users/sto/workspace/datomworld-py-c3int1/test/cljd-out/yin/repl/query-test_test.dart: null yin.repl.query-test/ast-results-over-a-limit-refuse-naming-it
06:06 +371: /Users/sto/workspace/datomworld-py-c3int1/test/cljd-out/yin/repl/query-test_test.dart: null yin.repl.query-test/ast-results-over-a-limit-refuse-naming-it
06:06 +372: /Users/sto/workspace/datomworld-py-c3int1/test/cljd-out/yin/repl/query-test_test.dart: null yin.repl.query-test/ast-results-over-a-limit-refuse-naming-it
06:06 +373: /Users/sto/workspace/datomworld-py-c3int1/test/cljd-out/yin/repl/dht-test_test.dart: null yin.repl.dht-test/rounds-larger-than-the-pending-write-bound-are-acknowledged-never-busy
06:06 +374: /Users/sto/workspace/datomworld-py-c3int1/test/cljd-out/yin/repl/dht-test_test.dart: null yin.repl.dht-test/rounds-larger-than-the-pending-write-bound-are-acknowledged-never-busy
06:06 +375: /Users/sto/workspace/datomworld-py-c3int1/test/cljd-out/yin/repl/dht-test_test.dart: null yin.repl.dht-test/rounds-larger-than-the-pending-write-bound-are-acknowledged-never-busy
06:06 +376: /Users/sto/workspace/datomworld-py-c3int1/test/cljd-out/yin/repl/dht-test_test.dart: null yin.repl.dht-test/rounds-larger-than-the-pending-write-bound-are-acknowledged-never-busy
06:07 +377: /Users/sto/workspace/datomworld-py-c3int1/test/cljd-out/yin/repl/dht-test_test.dart: null yin.repl.dht-test/rounds-larger-than-the-pending-write-bound-are-acknowledged-never-busy
06:07 +378: /Users/sto/workspace/datomworld-py-c3int1/test/cljd-out/yin/repl/dht-test_test.dart: null yin.repl.dht-test/rounds-larger-than-the-pending-write-bound-are-acknowledged-never-busy
06:07 +379: /Users/sto/workspace/datomworld-py-c3int1/test/cljd-out/yin/repl/dht-test_test.dart: null yin.repl.dht-test/rounds-larger-than-the-pending-write-bound-are-acknowledged-never-busy
06:07 +380: /Users/sto/workspace/datomworld-py-c3int1/test/cljd-out/yin/repl/dht-test_test.dart: null yin.repl.dht-test/rounds-larger-than-the-pending-write-bound-are-acknowledged-never-busy
06:07 +381: /Users/sto/workspace/datomworld-py-c3int1/test/cljd-out/yin/repl/dht-test_test.dart: null yin.repl.dht-test/rounds-larger-than-the-pending-write-bound-are-acknowledged-never-busy
06:07 +382: /Users/sto/workspace/datomworld-py-c3int1/test/cljd-out/yin/repl/dht-test_test.dart: null yin.repl.dht-test/rounds-larger-than-the-pending-write-bound-are-acknowledged-never-busy
06:07 +383: /Users/sto/workspace/datomworld-py-c3int1/test/cljd-out/yin/repl/dht-test_test.dart: null yin.repl.dht-test/rounds-larger-than-the-pending-write-bound-are-acknowledged-never-busy
06:07 +384: /Users/sto/workspace/datomworld-py-c3int1/test/cljd-out/yin/repl/dht-test_test.dart: null yin.repl.dht-test/rounds-larger-than-the-pending-write-bound-are-acknowledged-never-busy
06:07 +385: /Users/sto/workspace/datomworld-py-c3int1/test/cljd-out/yin/repl/dht-test_test.dart: null yin.repl.dht-test/rounds-larger-than-the-pending-write-bound-are-acknowledged-never-busy
06:08 +386: /Users/sto/workspace/datomworld-py-c3int1/test/cljd-out/yin/repl/dht-test_test.dart: null yin.repl.dht-test/rounds-larger-than-the-pending-write-bound-are-acknowledged-never-busy
06:08 +387: /Users/sto/workspace/datomworld-py-c3int1/test/cljd-out/yin/repl/dht-test_test.dart: null yin.repl.dht-test/rounds-larger-than-the-pending-write-bound-are-acknowledged-never-busy
06:08 +388: /Users/sto/workspace/datomworld-py-c3int1/test/cljd-out/yin/repl/dht-test_test.dart: null yin.repl.dht-test/rounds-larger-than-the-pending-write-bound-are-acknowledged-never-busy
06:17 +389: /Users/sto/workspace/datomworld-py-c3int1/test/cljd-out/yin/repl/dht-test_test.dart: null yin.repl.dht-test/rounds-larger-than-the-pending-write-bound-are-acknowledged-never-busy
06:17 +390: /Users/sto/workspace/datomworld-py-c3int1/test/cljd-out/yin/repl/dht-test_test.dart: null yin.repl.dht-test/rounds-larger-than-the-pending-write-bound-are-acknowledged-never-busy
06:17 +391: /Users/sto/workspace/datomworld-py-c3int1/test/cljd-out/yin/repl/dht-test_test.dart: null yin.repl.dht-test/rounds-larger-than-the-pending-write-bound-are-acknowledged-never-busy
06:17 +392: /Users/sto/workspace/datomworld-py-c3int1/test/cljd-out/yin/repl/dht-test_test.dart: null yin.repl.dht-test/rounds-larger-than-the-pending-write-bound-are-acknowledged-never-busy
06:18 +393: /Users/sto/workspace/datomworld-py-c3int1/test/cljd-out/yin/repl/dht-test_test.dart: null yin.repl.dht-test/rounds-larger-than-the-pending-write-bound-are-acknowledged-never-busy
06:18 +394: /Users/sto/workspace/datomworld-py-c3int1/test/cljd-out/yin/repl/dht-test_test.dart: null yin.repl.dht-test/rounds-larger-than-the-pending-write-bound-are-acknowledged-never-busy
06:18 +395: /Users/sto/workspace/datomworld-py-c3int1/test/cljd-out/yin/repl/dht-test_test.dart: null yin.repl.dht-test/rounds-larger-than-the-pending-write-bound-are-acknowledged-never-busy
06:18 +396: /Users/sto/workspace/datomworld-py-c3int1/test/cljd-out/yin/repl/dht-test_test.dart: null yin.repl.dht-test/rounds-larger-than-the-pending-write-bound-are-acknowledged-never-busy
06:19 +397: /Users/sto/workspace/datomworld-py-c3int1/test/cljd-out/yin/repl/dht-test_test.dart: null yin.repl.dht-test/rounds-larger-than-the-pending-write-bound-are-acknowledged-never-busy
06:19 +398: /Users/sto/workspace/datomworld-py-c3int1/test/cljd-out/yin/repl/dht-test_test.dart: null yin.repl.dht-test/rounds-larger-than-the-pending-write-bound-are-acknowledged-never-busy
06:19 +399: /Users/sto/workspace/datomworld-py-c3int1/test/cljd-out/yin/repl/dht-test_test.dart: null yin.repl.dht-test/rounds-larger-than-the-pending-write-bound-are-acknowledged-never-busy
06:32 +400: /Users/sto/workspace/datomworld-py-c3int1/test/cljd-out/yin/repl/dht-test_test.dart: null yin.repl.dht-test/rounds-larger-than-the-pending-write-bound-are-acknowledged-never-busy
06:32 +401: /Users/sto/workspace/datomworld-py-c3int1/test/cljd-out/yin/repl/dht-test_test.dart: null yin.repl.dht-test/rounds-larger-than-the-pending-write-bound-are-acknowledged-never-busy
06:33 +402: /Users/sto/workspace/datomworld-py-c3int1/test/cljd-out/yin/repl/dht-test_test.dart: null yin.repl.dht-test/rounds-larger-than-the-pending-write-bound-are-acknowledged-never-busy
06:33 +403: /Users/sto/workspace/datomworld-py-c3int1/test/cljd-out/yin/repl/dht-test_test.dart: null yin.repl.dht-test/rounds-larger-than-the-pending-write-bound-are-acknowledged-never-busy
06:33 +404: /Users/sto/workspace/datomworld-py-c3int1/test/cljd-out/yin/repl/dht-test_test.dart: null yin.repl.dht-test/rounds-larger-than-the-pending-write-bound-are-acknowledged-never-busy
06:33 +405: /Users/sto/workspace/datomworld-py-c3int1/test/cljd-out/yin/repl/dht-test_test.dart: null yin.repl.dht-test/rounds-larger-than-the-pending-write-bound-are-acknowledged-never-busy
06:33 +406: /Users/sto/workspace/datomworld-py-c3int1/test/cljd-out/yin/repl/dht-test_test.dart: null yin.repl.dht-test/rounds-larger-than-the-pending-write-bound-are-acknowledged-never-busy
06:33 +407: /Users/sto/workspace/datomworld-py-c3int1/test/cljd-out/yin/repl/dht-test_test.dart: null yin.repl.dht-test/rounds-larger-than-the-pending-write-bound-are-acknowledged-never-busy
06:33 +408: /Users/sto/workspace/datomworld-py-c3int1/test/cljd-out/yin/repl/dht-test_test.dart: null yin.repl.dht-test/rounds-larger-than-the-pending-write-bound-are-acknowledged-never-busy
06:33 +409: /Users/sto/workspace/datomworld-py-c3int1/test/cljd-out/yin/repl/dht-test_test.dart: null yin.repl.dht-test/rounds-larger-than-the-pending-write-bound-are-acknowledged-never-busy
06:33 +410: /Users/sto/workspace/datomworld-py-c3int1/test/cljd-out/yin/repl/dht-test_test.dart: null yin.repl.dht-test/rounds-larger-than-the-pending-write-bound-are-acknowledged-never-busy
06:33 +411: /Users/sto/workspace/datomworld-py-c3int1/test/cljd-out/yin/repl/dht-test_test.dart: null yin.repl.dht-test/rounds-larger-than-the-pending-write-bound-are-acknowledged-never-busy
06:45 +412: /Users/sto/workspace/datomworld-py-c3int1/test/cljd-out/yin/repl/dht-test_test.dart: null yin.repl.dht-test/rounds-larger-than-the-pending-write-bound-are-acknowledged-never-busy
06:45 +413: /Users/sto/workspace/datomworld-py-c3int1/test/cljd-out/yin/repl/dht-test_test.dart: null yin.repl.dht-test/rounds-larger-than-the-pending-write-bound-are-acknowledged-never-busy
06:45 +414: /Users/sto/workspace/datomworld-py-c3int1/test/cljd-out/yin/repl/dht-test_test.dart: null yin.repl.dht-test/rounds-larger-than-the-pending-write-bound-are-acknowledged-never-busy
06:45 +415: /Users/sto/workspace/datomworld-py-c3int1/test/cljd-out/yin/repl/dht-test_test.dart: null yin.repl.dht-test/rounds-larger-than-the-pending-write-bound-are-acknowledged-never-busy
06:45 +416: /Users/sto/workspace/datomworld-py-c3int1/test/cljd-out/yin/repl/dht-test_test.dart: null yin.repl.dht-test/rounds-larger-than-the-pending-write-bound-are-acknowledged-never-busy
06:45 +417: /Users/sto/workspace/datomworld-py-c3int1/test/cljd-out/yin/repl/dht-test_test.dart: null yin.repl.dht-test/rounds-larger-than-the-pending-write-bound-are-acknowledged-never-busy
06:45 +418: /Users/sto/workspace/datomworld-py-c3int1/test/cljd-out/yin/repl/dht-test_test.dart: null yin.repl.dht-test/rounds-larger-than-the-pending-write-bound-are-acknowledged-never-busy
06:45 +419: /Users/sto/workspace/datomworld-py-c3int1/test/cljd-out/yin/repl/dht-test_test.dart: null yin.repl.dht-test/rounds-larger-than-the-pending-write-bound-are-acknowledged-never-busy
06:45 +420: /Users/sto/workspace/datomworld-py-c3int1/test/cljd-out/yin/repl/dht-test_test.dart: null yin.repl.dht-test/rounds-larger-than-the-pending-write-bound-are-acknowledged-never-busy
06:45 +421: /Users/sto/workspace/datomworld-py-c3int1/test/cljd-out/yin/repl/dht-test_test.dart: null yin.repl.dht-test/rounds-larger-than-the-pending-write-bound-are-acknowledged-never-busy
06:45 +422: /Users/sto/workspace/datomworld-py-c3int1/test/cljd-out/yin/repl/dht-test_test.dart: null yin.repl.dht-test/rounds-larger-than-the-pending-write-bound-are-acknowledged-never-busy
06:46 +423: /Users/sto/workspace/datomworld-py-c3int1/test/cljd-out/yin/repl/dht-test_test.dart: null yin.repl.dht-test/rounds-larger-than-the-pending-write-bound-are-acknowledged-never-busy
06:46 +424: /Users/sto/workspace/datomworld-py-c3int1/test/cljd-out/yin/repl/dht-test_test.dart: null yin.repl.dht-test/rounds-larger-than-the-pending-write-bound-are-acknowledged-never-busy
06:46 +425: /Users/sto/workspace/datomworld-py-c3int1/test/cljd-out/yin/repl/dht-test_test.dart: null yin.repl.dht-test/rounds-larger-than-the-pending-write-bound-are-acknowledged-never-busy
06:46 +426: /Users/sto/workspace/datomworld-py-c3int1/test/cljd-out/yin/repl/dht-test_test.dart: null yin.repl.dht-test/rounds-larger-than-the-pending-write-bound-are-acknowledged-never-busy
06:46 +427: /Users/sto/workspace/datomworld-py-c3int1/test/cljd-out/yin/repl/dht-test_test.dart: null yin.repl.dht-test/rounds-larger-than-the-pending-write-bound-are-acknowledged-never-busy
06:46 +428: /Users/sto/workspace/datomworld-py-c3int1/test/cljd-out/yin/repl/dht-test_test.dart: null yin.repl.dht-test/rounds-larger-than-the-pending-write-bound-are-acknowledged-never-busy
06:46 +429: /Users/sto/workspace/datomworld-py-c3int1/test/cljd-out/yin/repl/dht-test_test.dart: null yin.repl.dht-test/rounds-larger-than-the-pending-write-bound-are-acknowledged-never-busy
06:46 +430: /Users/sto/workspace/datomworld-py-c3int1/test/cljd-out/yin/repl/dht-test_test.dart: null yin.repl.dht-test/rounds-larger-than-the-pending-write-bound-are-acknowledged-never-busy
06:46 +431: /Users/sto/workspace/datomworld-py-c3int1/test/cljd-out/yin/repl/dht-test_test.dart: null yin.repl.dht-test/rounds-larger-than-the-pending-write-bound-are-acknowledged-never-busy
06:46 +432: /Users/sto/workspace/datomworld-py-c3int1/test/cljd-out/yin/repl/dht-test_test.dart: null yin.repl.dht-test/rounds-larger-than-the-pending-write-bound-are-acknowledged-never-busy
06:46 +433: /Users/sto/workspace/datomworld-py-c3int1/test/cljd-out/yin/repl/dht-test_test.dart: null yin.repl.dht-test/rounds-larger-than-the-pending-write-bound-are-acknowledged-never-busy
06:46 +434: /Users/sto/workspace/datomworld-py-c3int1/test/cljd-out/yin/repl/dht-test_test.dart: null yin.repl.dht-test/rounds-larger-than-the-pending-write-bound-are-acknowledged-never-busy
06:46 +435: /Users/sto/workspace/datomworld-py-c3int1/test/cljd-out/yin/repl/dht-test_test.dart: null yin.repl.dht-test/rounds-larger-than-the-pending-write-bound-are-acknowledged-never-busy
06:46 +436: /Users/sto/workspace/datomworld-py-c3int1/test/cljd-out/yin/repl/dht-test_test.dart: null yin.repl.dht-test/rounds-larger-than-the-pending-write-bound-are-acknowledged-never-busy
06:46 +437: /Users/sto/workspace/datomworld-py-c3int1/test/cljd-out/yin/repl/dht-test_test.dart: null yin.repl.dht-test/rounds-larger-than-the-pending-write-bound-are-acknowledged-never-busy
06:46 +438: /Users/sto/workspace/datomworld-py-c3int1/test/cljd-out/yin/repl/dht-test_test.dart: null yin.repl.dht-test/rounds-larger-than-the-pending-write-bound-are-acknowledged-never-busy
06:46 +439: /Users/sto/workspace/datomworld-py-c3int1/test/cljd-out/yin/repl/dht-test_test.dart: null yin.repl.dht-test/rounds-larger-than-the-pending-write-bound-are-acknowledged-never-busy
06:46 +440: /Users/sto/workspace/datomworld-py-c3int1/test/cljd-out/yin/repl/dht-test_test.dart: null yin.repl.dht-test/rounds-larger-than-the-pending-write-bound-are-acknowledged-never-busy
06:46 +441: /Users/sto/workspace/datomworld-py-c3int1/test/cljd-out/yin/repl/dht-test_test.dart: null yin.repl.dht-test/rounds-larger-than-the-pending-write-bound-are-acknowledged-never-busy
06:46 +442: /Users/sto/workspace/datomworld-py-c3int1/test/cljd-out/yin/repl/dht-test_test.dart: null yin.repl.dht-test/rounds-larger-than-the-pending-write-bound-are-acknowledged-never-busy
06:46 +443: /Users/sto/workspace/datomworld-py-c3int1/test/cljd-out/yin/repl/dht-test_test.dart: null yin.repl.dht-test/rounds-larger-than-the-pending-write-bound-are-acknowledged-never-busy
06:46 +444: /Users/sto/workspace/datomworld-py-c3int1/test/cljd-out/yin/repl/dht-test_test.dart: null yin.repl.dht-test/rounds-larger-than-the-pending-write-bound-are-acknowledged-never-busy
06:46 +445: /Users/sto/workspace/datomworld-py-c3int1/test/cljd-out/yin/repl/dht-test_test.dart: null yin.repl.dht-test/rounds-larger-than-the-pending-write-bound-are-acknowledged-never-busy
06:46 +446: /Users/sto/workspace/datomworld-py-c3int1/test/cljd-out/yin/repl/dht-test_test.dart: null yin.repl.dht-test/rounds-larger-than-the-pending-write-bound-are-acknowledged-never-busy
06:47 +447: /Users/sto/workspace/datomworld-py-c3int1/test/cljd-out/yin/repl/dht-test_test.dart: null yin.repl.dht-test/rounds-larger-than-the-pending-write-bound-are-acknowledged-never-busy
06:47 +448: /Users/sto/workspace/datomworld-py-c3int1/test/cljd-out/yin/repl/dht-test_test.dart: null yin.repl.dht-test/rounds-larger-than-the-pending-write-bound-are-acknowledged-never-busy
06:47 +449: /Users/sto/workspace/datomworld-py-c3int1/test/cljd-out/yin/repl/dht-test_test.dart: null yin.repl.dht-test/rounds-larger-than-the-pending-write-bound-are-acknowledged-never-busy
06:47 +450: /Users/sto/workspace/datomworld-py-c3int1/test/cljd-out/yin/repl/dht-test_test.dart: null yin.repl.dht-test/rounds-larger-than-the-pending-write-bound-are-acknowledged-never-busy
06:47 +451: /Users/sto/workspace/datomworld-py-c3int1/test/cljd-out/yin/repl/dht-test_test.dart: null yin.repl.dht-test/rounds-larger-than-the-pending-write-bound-are-acknowledged-never-busy
06:47 +452: /Users/sto/workspace/datomworld-py-c3int1/test/cljd-out/yin/repl/dht-test_test.dart: null yin.repl.dht-test/rounds-larger-than-the-pending-write-bound-are-acknowledged-never-busy
06:47 +453: /Users/sto/workspace/datomworld-py-c3int1/test/cljd-out/yin/repl/dht-test_test.dart: null yin.repl.dht-test/rounds-larger-than-the-pending-write-bound-are-acknowledged-never-busy
06:47 +454: /Users/sto/workspace/datomworld-py-c3int1/test/cljd-out/yin/repl/dht-test_test.dart: null yin.repl.dht-test/rounds-larger-than-the-pending-write-bound-are-acknowledged-never-busy
06:47 +455: /Users/sto/workspace/datomworld-py-c3int1/test/cljd-out/yin/repl/dht-test_test.dart: null yin.repl.dht-test/rounds-larger-than-the-pending-write-bound-are-acknowledged-never-busy
06:47 +456: /Users/sto/workspace/datomworld-py-c3int1/test/cljd-out/yin/repl/dht-test_test.dart: null yin.repl.dht-test/rounds-larger-than-the-pending-write-bound-are-acknowledged-never-busy
06:47 +457: /Users/sto/workspace/datomworld-py-c3int1/test/cljd-out/yin/repl/dht-test_test.dart: null yin.repl.dht-test/rounds-larger-than-the-pending-write-bound-are-acknowledged-never-busy
06:47 +458: /Users/sto/workspace/datomworld-py-c3int1/test/cljd-out/yin/repl/dht-test_test.dart: null yin.repl.dht-test/rounds-larger-than-the-pending-write-bound-are-acknowledged-never-busy
06:47 +459: /Users/sto/workspace/datomworld-py-c3int1/test/cljd-out/yin/repl/dht-test_test.dart: null yin.repl.dht-test/rounds-larger-than-the-pending-write-bound-are-acknowledged-never-busy
06:47 +460: /Users/sto/workspace/datomworld-py-c3int1/test/cljd-out/yin/repl/dht-test_test.dart: null yin.repl.dht-test/rounds-larger-than-the-pending-write-bound-are-acknowledged-never-busy
06:47 +461: /Users/sto/workspace/datomworld-py-c3int1/test/cljd-out/yin/repl/dht-test_test.dart: null yin.repl.dht-test/rounds-larger-than-the-pending-write-bound-are-acknowledged-never-busy
06:47 +462: /Users/sto/workspace/datomworld-py-c3int1/test/cljd-out/yin/repl/dht-test_test.dart: null yin.repl.dht-test/rounds-larger-than-the-pending-write-bound-are-acknowledged-never-busy
06:47 +463: /Users/sto/workspace/datomworld-py-c3int1/test/cljd-out/yin/repl/dht-test_test.dart: null yin.repl.dht-test/rounds-larger-than-the-pending-write-bound-are-acknowledged-never-busy
06:47 +464: /Users/sto/workspace/datomworld-py-c3int1/test/cljd-out/yin/repl/dht-test_test.dart: null yin.repl.dht-test/rounds-larger-than-the-pending-write-bound-are-acknowledged-never-busy
06:47 +465: /Users/sto/workspace/datomworld-py-c3int1/test/cljd-out/yin/repl/dht-test_test.dart: null yin.repl.dht-test/rounds-larger-than-the-pending-write-bound-are-acknowledged-never-busy
06:47 +466: /Users/sto/workspace/datomworld-py-c3int1/test/cljd-out/yin/repl/dht-test_test.dart: null yin.repl.dht-test/rounds-larger-than-the-pending-write-bound-are-acknowledged-never-busy
06:47 +467: /Users/sto/workspace/datomworld-py-c3int1/test/cljd-out/yin/repl/dht-test_test.dart: null yin.repl.dht-test/rounds-larger-than-the-pending-write-bound-are-acknowledged-never-busy
06:47 +468: /Users/sto/workspace/datomworld-py-c3int1/test/cljd-out/yin/repl/dht-test_test.dart: null yin.repl.dht-test/rounds-larger-than-the-pending-write-bound-are-acknowledged-never-busy
06:47 +469: /Users/sto/workspace/datomworld-py-c3int1/test/cljd-out/yin/repl/dht-test_test.dart: null yin.repl.dht-test/rounds-larger-than-the-pending-write-bound-are-acknowledged-never-busy
06:47 +470: /Users/sto/workspace/datomworld-py-c3int1/test/cljd-out/yin/repl/dht-test_test.dart: null yin.repl.dht-test/rounds-larger-than-the-pending-write-bound-are-acknowledged-never-busy
06:47 +471: /Users/sto/workspace/datomworld-py-c3int1/test/cljd-out/yin/repl/dht-test_test.dart: null yin.repl.dht-test/rounds-larger-than-the-pending-write-bound-are-acknowledged-never-busy
06:47 +472: /Users/sto/workspace/datomworld-py-c3int1/test/cljd-out/yin/repl/dht-test_test.dart: null yin.repl.dht-test/rounds-larger-than-the-pending-write-bound-are-acknowledged-never-busy
06:47 +473: /Users/sto/workspace/datomworld-py-c3int1/test/cljd-out/yin/repl/dht-test_test.dart: null yin.repl.dht-test/rounds-larger-than-the-pending-write-bound-are-acknowledged-never-busy
06:47 +474: /Users/sto/workspace/datomworld-py-c3int1/test/cljd-out/yin/repl/dht-test_test.dart: null yin.repl.dht-test/rounds-larger-than-the-pending-write-bound-are-acknowledged-never-busy
06:47 +475: /Users/sto/workspace/datomworld-py-c3int1/test/cljd-out/yin/repl/dht-test_test.dart: null yin.repl.dht-test/rounds-larger-than-the-pending-write-bound-are-acknowledged-never-busy
06:47 +476: /Users/sto/workspace/datomworld-py-c3int1/test/cljd-out/yin/repl/dht-test_test.dart: null yin.repl.dht-test/rounds-larger-than-the-pending-write-bound-are-acknowledged-never-busy
06:47 +477: /Users/sto/workspace/datomworld-py-c3int1/test/cljd-out/yin/repl/dht-test_test.dart: null yin.repl.dht-test/rounds-larger-than-the-pending-write-bound-are-acknowledged-never-busy
06:48 +478: /Users/sto/workspace/datomworld-py-c3int1/test/cljd-out/yin/repl/dht-test_test.dart: null yin.repl.dht-test/rounds-larger-than-the-pending-write-bound-are-acknowledged-never-busy
06:48 +479: /Users/sto/workspace/datomworld-py-c3int1/test/cljd-out/yin/repl/dht-test_test.dart: null yin.repl.dht-test/rounds-larger-than-the-pending-write-bound-are-acknowledged-never-busy
06:48 +480: /Users/sto/workspace/datomworld-py-c3int1/test/cljd-out/yin/repl/dht-test_test.dart: null yin.repl.dht-test/rounds-larger-than-the-pending-write-bound-are-acknowledged-never-busy
06:48 +481: /Users/sto/workspace/datomworld-py-c3int1/test/cljd-out/yin/repl/dht-test_test.dart: null yin.repl.dht-test/rounds-larger-than-the-pending-write-bound-are-acknowledged-never-busy
06:48 +482: /Users/sto/workspace/datomworld-py-c3int1/test/cljd-out/yin/repl/dht-test_test.dart: null yin.repl.dht-test/rounds-larger-than-the-pending-write-bound-are-acknowledged-never-busy
06:48 +483: /Users/sto/workspace/datomworld-py-c3int1/test/cljd-out/yin/repl/dht-test_test.dart: null yin.repl.dht-test/rounds-larger-than-the-pending-write-bound-are-acknowledged-never-busy
06:48 +484: /Users/sto/workspace/datomworld-py-c3int1/test/cljd-out/yin/repl/dht-test_test.dart: null yin.repl.dht-test/rounds-larger-than-the-pending-write-bound-are-acknowledged-never-busy
06:48 +485: /Users/sto/workspace/datomworld-py-c3int1/test/cljd-out/yin/repl/dht-test_test.dart: null yin.repl.dht-test/rounds-larger-than-the-pending-write-bound-are-acknowledged-never-busy
06:48 +486: /Users/sto/workspace/datomworld-py-c3int1/test/cljd-out/yin/repl/dht-test_test.dart: null yin.repl.dht-test/rounds-larger-than-the-pending-write-bound-are-acknowledged-never-busy
06:48 +487: /Users/sto/workspace/datomworld-py-c3int1/test/cljd-out/yin/repl/dht-test_test.dart: null yin.repl.dht-test/rounds-larger-than-the-pending-write-bound-are-acknowledged-never-busy
06:48 +488: /Users/sto/workspace/datomworld-py-c3int1/test/cljd-out/yin/repl/dht-test_test.dart: null yin.repl.dht-test/rounds-larger-than-the-pending-write-bound-are-acknowledged-never-busy
06:48 +489: /Users/sto/workspace/datomworld-py-c3int1/test/cljd-out/yin/repl/dht-test_test.dart: null yin.repl.dht-test/rounds-larger-than-the-pending-write-bound-are-acknowledged-never-busy
06:48 +490: /Users/sto/workspace/datomworld-py-c3int1/test/cljd-out/yin/repl/dht-test_test.dart: null yin.repl.dht-test/rounds-larger-than-the-pending-write-bound-are-acknowledged-never-busy
06:53 +491: /Users/sto/workspace/datomworld-py-c3int1/test/cljd-out/yin/repl/dht-test_test.dart: null yin.repl.dht-test/rounds-larger-than-the-pending-write-bound-are-acknowledged-never-busy
06:53 +492: /Users/sto/workspace/datomworld-py-c3int1/test/cljd-out/yin/repl/dht-test_test.dart: null yin.repl.dht-test/rounds-larger-than-the-pending-write-bound-are-acknowledged-never-busy
06:57 +493: /Users/sto/workspace/datomworld-py-c3int1/test/cljd-out/yin/repl/dht-test_test.dart: null yin.repl.dht-test/rounds-larger-than-the-pending-write-bound-are-acknowledged-never-busy
06:58 +494: /Users/sto/workspace/datomworld-py-c3int1/test/cljd-out/yin/repl/dht-test_test.dart: null yin.repl.dht-test/rounds-larger-than-the-pending-write-bound-are-acknowledged-never-busy
06:58 +495: /Users/sto/workspace/datomworld-py-c3int1/test/cljd-out/yin/repl/dht-test_test.dart: null yin.repl.dht-test/rounds-larger-than-the-pending-write-bound-are-acknowledged-never-busy
06:58 +496: /Users/sto/workspace/datomworld-py-c3int1/test/cljd-out/yin/repl/dht-test_test.dart: null yin.repl.dht-test/rounds-larger-than-the-pending-write-bound-are-acknowledged-never-busy
06:59 +497: /Users/sto/workspace/datomworld-py-c3int1/test/cljd-out/yin/repl/dht-test_test.dart: null yin.repl.dht-test/rounds-larger-than-the-pending-write-bound-are-acknowledged-never-busy
06:59 +498: /Users/sto/workspace/datomworld-py-c3int1/test/cljd-out/yin/repl/dht-test_test.dart: null yin.repl.dht-test/rounds-larger-than-the-pending-write-bound-are-acknowledged-never-busy
06:59 +499: /Users/sto/workspace/datomworld-py-c3int1/test/cljd-out/yin/repl/dht-test_test.dart: null yin.repl.dht-test/rounds-larger-than-the-pending-write-bound-are-acknowledged-never-busy
06:59 +500: /Users/sto/workspace/datomworld-py-c3int1/test/cljd-out/yin/repl/dht-test_test.dart: null yin.repl.dht-test/rounds-larger-than-the-pending-write-bound-are-acknowledged-never-busy
07:06 +501: /Users/sto/workspace/datomworld-py-c3int1/test/cljd-out/yin/repl/dht-test_test.dart: null yin.repl.dht-test/rounds-larger-than-the-pending-write-bound-are-acknowledged-never-busy
07:06 +502: /Users/sto/workspace/datomworld-py-c3int1/test/cljd-out/yin/repl/dht-test_test.dart: null yin.repl.dht-test/rounds-larger-than-the-pending-write-bound-are-acknowledged-never-busy
07:12 +503: /Users/sto/workspace/datomworld-py-c3int1/test/cljd-out/yin/repl/dht-test_test.dart: null yin.repl.dht-test/rounds-larger-than-the-pending-write-bound-are-acknowledged-never-busy
07:13 +504: /Users/sto/workspace/datomworld-py-c3int1/test/cljd-out/yin/repl/dht-test_test.dart: null yin.repl.dht-test/rounds-larger-than-the-pending-write-bound-are-acknowledged-never-busy
07:13 +505: /Users/sto/workspace/datomworld-py-c3int1/test/cljd-out/yin/repl/dht-test_test.dart: null yin.repl.dht-test/rounds-larger-than-the-pending-write-bound-are-acknowledged-never-busy
07:13 +506: /Users/sto/workspace/datomworld-py-c3int1/test/cljd-out/yin/repl/dht-test_test.dart: null yin.repl.dht-test/rounds-larger-than-the-pending-write-bound-are-acknowledged-never-busy
07:13 +507: /Users/sto/workspace/datomworld-py-c3int1/test/cljd-out/yin/repl/dht-test_test.dart: null yin.repl.dht-test/rounds-larger-than-the-pending-write-bound-are-acknowledged-never-busy
07:13 +508: /Users/sto/workspace/datomworld-py-c3int1/test/cljd-out/yin/repl/dht-test_test.dart: null yin.repl.dht-test/rounds-larger-than-the-pending-write-bound-are-acknowledged-never-busy
07:13 +509: /Users/sto/workspace/datomworld-py-c3int1/test/cljd-out/yin/repl/dht-test_test.dart: null yin.repl.dht-test/rounds-larger-than-the-pending-write-bound-are-acknowledged-never-busy
07:13 +510: /Users/sto/workspace/datomworld-py-c3int1/test/cljd-out/yin/repl/dht-test_test.dart: null yin.repl.dht-test/rounds-larger-than-the-pending-write-bound-are-acknowledged-never-busy
07:22 +511: /Users/sto/workspace/datomworld-py-c3int1/test/cljd-out/yin/repl/dht-test_test.dart: null yin.repl.dht-test/rounds-larger-than-the-pending-write-bound-are-acknowledged-never-busy
07:22 +512: /Users/sto/workspace/datomworld-py-c3int1/test/cljd-out/yin/repl/dht-test_test.dart: null yin.repl.dht-test/rounds-larger-than-the-pending-write-bound-are-acknowledged-never-busy
07:22 +513: /Users/sto/workspace/datomworld-py-c3int1/test/cljd-out/yin/repl/dht-test_test.dart: null yin.repl.dht-test/rounds-larger-than-the-pending-write-bound-are-acknowledged-never-busy
07:22 +514: /Users/sto/workspace/datomworld-py-c3int1/test/cljd-out/yin/repl/dht-test_test.dart: null yin.repl.dht-test/rounds-larger-than-the-pending-write-bound-are-acknowledged-never-busy
07:23 +515: /Users/sto/workspace/datomworld-py-c3int1/test/cljd-out/yin/repl/dht-test_test.dart: null yin.repl.dht-test/rounds-larger-than-the-pending-write-bound-are-acknowledged-never-busy
07:23 +516: /Users/sto/workspace/datomworld-py-c3int1/test/cljd-out/yin/repl/dht-test_test.dart: null yin.repl.dht-test/rounds-larger-than-the-pending-write-bound-are-acknowledged-never-busy
07:24 +517: /Users/sto/workspace/datomworld-py-c3int1/test/cljd-out/yin/repl/dht-test_test.dart: null yin.repl.dht-test/rounds-larger-than-the-pending-write-bound-are-acknowledged-never-busy
07:24 +518: /Users/sto/workspace/datomworld-py-c3int1/test/cljd-out/yin/repl/dht-test_test.dart: null yin.repl.dht-test/rounds-larger-than-the-pending-write-bound-are-acknowledged-never-busy
07:24 +519: /Users/sto/workspace/datomworld-py-c3int1/test/cljd-out/yin/repl/dht-test_test.dart: null yin.repl.dht-test/rounds-larger-than-the-pending-write-bound-are-acknowledged-never-busy
07:24 +520: /Users/sto/workspace/datomworld-py-c3int1/test/cljd-out/yin/repl/dht-test_test.dart: null yin.repl.dht-test/rounds-larger-than-the-pending-write-bound-are-acknowledged-never-busy
07:34 +521: /Users/sto/workspace/datomworld-py-c3int1/test/cljd-out/yin/repl/dht-test_test.dart: null yin.repl.dht-test/rounds-larger-than-the-pending-write-bound-are-acknowledged-never-busy
07:34 +522: /Users/sto/workspace/datomworld-py-c3int1/test/cljd-out/yin/repl/dht-test_test.dart: null yin.repl.dht-test/rounds-larger-than-the-pending-write-bound-are-acknowledged-never-busy
07:34 +523: /Users/sto/workspace/datomworld-py-c3int1/test/cljd-out/yin/repl/dht-test_test.dart: null yin.repl.dht-test/rounds-larger-than-the-pending-write-bound-are-acknowledged-never-busy
07:35 +524: /Users/sto/workspace/datomworld-py-c3int1/test/cljd-out/yin/repl/dht-test_test.dart: null yin.repl.dht-test/rounds-larger-than-the-pending-write-bound-are-acknowledged-never-busy
07:35 +525: /Users/sto/workspace/datomworld-py-c3int1/test/cljd-out/yin/repl/dht-test_test.dart: null yin.repl.dht-test/rounds-larger-than-the-pending-write-bound-are-acknowledged-never-busy
07:35 +526: /Users/sto/workspace/datomworld-py-c3int1/test/cljd-out/yin/repl/dht-test_test.dart: null yin.repl.dht-test/rounds-larger-than-the-pending-write-bound-are-acknowledged-never-busy
07:35 +527: /Users/sto/workspace/datomworld-py-c3int1/test/cljd-out/yin/repl/dht-test_test.dart: null yin.repl.dht-test/rounds-larger-than-the-pending-write-bound-are-acknowledged-never-busy
07:35 +528: /Users/sto/workspace/datomworld-py-c3int1/test/cljd-out/yin/repl/dht-test_test.dart: null yin.repl.dht-test/rounds-larger-than-the-pending-write-bound-are-acknowledged-never-busy
07:35 +529: /Users/sto/workspace/datomworld-py-c3int1/test/cljd-out/yin/repl/dht-test_test.dart: null yin.repl.dht-test/rounds-larger-than-the-pending-write-bound-are-acknowledged-never-busy
07:35 +530: /Users/sto/workspace/datomworld-py-c3int1/test/cljd-out/yin/repl/dht-test_test.dart: null yin.repl.dht-test/rounds-larger-than-the-pending-write-bound-are-acknowledged-never-busy
07:35 +531: /Users/sto/workspace/datomworld-py-c3int1/test/cljd-out/yin/repl/dht-test_test.dart: null yin.repl.dht-test/rounds-larger-than-the-pending-write-bound-are-acknowledged-never-busy
07:35 +532: /Users/sto/workspace/datomworld-py-c3int1/test/cljd-out/yin/repl/dht-test_test.dart: null yin.repl.dht-test/rounds-larger-than-the-pending-write-bound-are-acknowledged-never-busy
07:35 +533: /Users/sto/workspace/datomworld-py-c3int1/test/cljd-out/yin/repl/dht-test_test.dart: null yin.repl.dht-test/rounds-larger-than-the-pending-write-bound-are-acknowledged-never-busy
07:35 +534: /Users/sto/workspace/datomworld-py-c3int1/test/cljd-out/yin/repl/dht-test_test.dart: null yin.repl.dht-test/rounds-larger-than-the-pending-write-bound-are-acknowledged-never-busy
07:35 +535: /Users/sto/workspace/datomworld-py-c3int1/test/cljd-out/yin/repl/dht-test_test.dart: null yin.repl.dht-test/rounds-larger-than-the-pending-write-bound-are-acknowledged-never-busy
07:35 +536: /Users/sto/workspace/datomworld-py-c3int1/test/cljd-out/yin/repl/dht-test_test.dart: null yin.repl.dht-test/rounds-larger-than-the-pending-write-bound-are-acknowledged-never-busy
07:35 +537: /Users/sto/workspace/datomworld-py-c3int1/test/cljd-out/yin/repl/dht-test_test.dart: null yin.repl.dht-test/rounds-larger-than-the-pending-write-bound-are-acknowledged-never-busy
07:35 +538: /Users/sto/workspace/datomworld-py-c3int1/test/cljd-out/yin/repl/dht-test_test.dart: null yin.repl.dht-test/rounds-larger-than-the-pending-write-bound-are-acknowledged-never-busy
07:35 +539: /Users/sto/workspace/datomworld-py-c3int1/test/cljd-out/yin/repl/dht-test_test.dart: null yin.repl.dht-test/rounds-larger-than-the-pending-write-bound-are-acknowledged-never-busy
07:35 +540: /Users/sto/workspace/datomworld-py-c3int1/test/cljd-out/yin/repl/dht-test_test.dart: null yin.repl.dht-test/rounds-larger-than-the-pending-write-bound-are-acknowledged-never-busy
07:35 +541: /Users/sto/workspace/datomworld-py-c3int1/test/cljd-out/yin/repl/dht-test_test.dart: null yin.repl.dht-test/rounds-larger-than-the-pending-write-bound-are-acknowledged-never-busy
07:35 +542: /Users/sto/workspace/datomworld-py-c3int1/test/cljd-out/yin/repl/dht-test_test.dart: null yin.repl.dht-test/rounds-larger-than-the-pending-write-bound-are-acknowledged-never-busy
07:35 +543: /Users/sto/workspace/datomworld-py-c3int1/test/cljd-out/yin/repl/dht-test_test.dart: null yin.repl.dht-test/rounds-larger-than-the-pending-write-bound-are-acknowledged-never-busy
07:36 +544: /Users/sto/workspace/datomworld-py-c3int1/test/cljd-out/yin/repl/dht-test_test.dart: null yin.repl.dht-test/rounds-larger-than-the-pending-write-bound-are-acknowledged-never-busy
07:36 +545: /Users/sto/workspace/datomworld-py-c3int1/test/cljd-out/yin/repl/dht-test_test.dart: null yin.repl.dht-test/rounds-larger-than-the-pending-write-bound-are-acknowledged-never-busy
07:36 +546: /Users/sto/workspace/datomworld-py-c3int1/test/cljd-out/yin/repl/dht-test_test.dart: null yin.repl.dht-test/rounds-larger-than-the-pending-write-bound-are-acknowledged-never-busy
07:36 +547: /Users/sto/workspace/datomworld-py-c3int1/test/cljd-out/yin/repl/dht-test_test.dart: null yin.repl.dht-test/rounds-larger-than-the-pending-write-bound-are-acknowledged-never-busy
07:36 +548: /Users/sto/workspace/datomworld-py-c3int1/test/cljd-out/yin/repl/dht-test_test.dart: null yin.repl.dht-test/rounds-larger-than-the-pending-write-bound-are-acknowledged-never-busy
07:36 +549: /Users/sto/workspace/datomworld-py-c3int1/test/cljd-out/yin/repl/dht-test_test.dart: null yin.repl.dht-test/rounds-larger-than-the-pending-write-bound-are-acknowledged-never-busy
07:36 +550: /Users/sto/workspace/datomworld-py-c3int1/test/cljd-out/yin/repl/dht-test_test.dart: null yin.repl.dht-test/rounds-larger-than-the-pending-write-bound-are-acknowledged-never-busy
07:36 +551: /Users/sto/workspace/datomworld-py-c3int1/test/cljd-out/yin/repl/dht-test_test.dart: null yin.repl.dht-test/rounds-larger-than-the-pending-write-bound-are-acknowledged-never-busy
07:36 +552: /Users/sto/workspace/datomworld-py-c3int1/test/cljd-out/yin/repl/dht-test_test.dart: null yin.repl.dht-test/rounds-larger-than-the-pending-write-bound-are-acknowledged-never-busy
07:36 +553: /Users/sto/workspace/datomworld-py-c3int1/test/cljd-out/yin/repl/dht-test_test.dart: null yin.repl.dht-test/rounds-larger-than-the-pending-write-bound-are-acknowledged-never-busy
07:36 +554: /Users/sto/workspace/datomworld-py-c3int1/test/cljd-out/yin/repl/dht-test_test.dart: null yin.repl.dht-test/rounds-larger-than-the-pending-write-bound-are-acknowledged-never-busy
07:36 +555: /Users/sto/workspace/datomworld-py-c3int1/test/cljd-out/yin/repl/dht-test_test.dart: null yin.repl.dht-test/rounds-larger-than-the-pending-write-bound-are-acknowledged-never-busy
07:36 +556: /Users/sto/workspace/datomworld-py-c3int1/test/cljd-out/yin/repl/dht-test_test.dart: null yin.repl.dht-test/rounds-larger-than-the-pending-write-bound-are-acknowledged-never-busy
07:37 +557: /Users/sto/workspace/datomworld-py-c3int1/test/cljd-out/yin/repl/dht-test_test.dart: null yin.repl.dht-test/rounds-larger-than-the-pending-write-bound-are-acknowledged-never-busy
07:42 +558: /Users/sto/workspace/datomworld-py-c3int1/test/cljd-out/yin/repl/dht-test_test.dart: null yin.repl.dht-test/rounds-larger-than-the-pending-write-bound-are-acknowledged-never-busy
07:42 +559: /Users/sto/workspace/datomworld-py-c3int1/test/cljd-out/yin/repl/dht-test_test.dart: null yin.repl.dht-test/rounds-larger-than-the-pending-write-bound-are-acknowledged-never-busy
07:44 +560: /Users/sto/workspace/datomworld-py-c3int1/test/cljd-out/yin/repl/dht-test_test.dart: null yin.repl.dht-test/rounds-larger-than-the-pending-write-bound-are-acknowledged-never-busy
07:46 +561: /Users/sto/workspace/datomworld-py-c3int1/test/cljd-out/yin/repl/dht-test_test.dart: null yin.repl.dht-test/rounds-larger-than-the-pending-write-bound-are-acknowledged-never-busy
07:46 +562: /Users/sto/workspace/datomworld-py-c3int1/test/cljd-out/yin/repl/dht-test_test.dart: null yin.repl.dht-test/rounds-larger-than-the-pending-write-bound-are-acknowledged-never-busy
07:46 +563: /Users/sto/workspace/datomworld-py-c3int1/test/cljd-out/yin/repl/dht-test_test.dart: null yin.repl.dht-test/rounds-larger-than-the-pending-write-bound-are-acknowledged-never-busy
07:47 +564: /Users/sto/workspace/datomworld-py-c3int1/test/cljd-out/yin/repl/dht-test_test.dart: null yin.repl.dht-test/rounds-larger-than-the-pending-write-bound-are-acknowledged-never-busy
07:47 +565: /Users/sto/workspace/datomworld-py-c3int1/test/cljd-out/yin/repl/dht-test_test.dart: null yin.repl.dht-test/rounds-larger-than-the-pending-write-bound-are-acknowledged-never-busy
07:48 +566: /Users/sto/workspace/datomworld-py-c3int1/test/cljd-out/yin/repl/dht-test_test.dart: null yin.repl.dht-test/rounds-larger-than-the-pending-write-bound-are-acknowledged-never-busy
07:48 +567: /Users/sto/workspace/datomworld-py-c3int1/test/cljd-out/yin/repl/dht-test_test.dart: null yin.repl.dht-test/rounds-larger-than-the-pending-write-bound-are-acknowledged-never-busy
07:49 +568: /Users/sto/workspace/datomworld-py-c3int1/test/cljd-out/yin/repl/dht-test_test.dart: null yin.repl.dht-test/rounds-larger-than-the-pending-write-bound-are-acknowledged-never-busy
07:51 +569: /Users/sto/workspace/datomworld-py-c3int1/test/cljd-out/yin/repl/dht-test_test.dart: null yin.repl.dht-test/rounds-larger-than-the-pending-write-bound-are-acknowledged-never-busy
07:51 +570: /Users/sto/workspace/datomworld-py-c3int1/test/cljd-out/yin/repl/dht-test_test.dart: null yin.repl.dht-test/rounds-larger-than-the-pending-write-bound-are-acknowledged-never-busy
07:52 +571: /Users/sto/workspace/datomworld-py-c3int1/test/cljd-out/yin/repl/dht-test_test.dart: null yin.repl.dht-test/rounds-larger-than-the-pending-write-bound-are-acknowledged-never-busy
07:53 +572: /Users/sto/workspace/datomworld-py-c3int1/test/cljd-out/yin/repl/dht-test_test.dart: null yin.repl.dht-test/rounds-larger-than-the-pending-write-bound-are-acknowledged-never-busy
07:55 +573: /Users/sto/workspace/datomworld-py-c3int1/test/cljd-out/yin/repl/dht-test_test.dart: null yin.repl.dht-test/rounds-larger-than-the-pending-write-bound-are-acknowledged-never-busy
07:56 +574: /Users/sto/workspace/datomworld-py-c3int1/test/cljd-out/yin/repl/dht-test_test.dart: null yin.repl.dht-test/rounds-larger-than-the-pending-write-bound-are-acknowledged-never-busy
07:57 +575: /Users/sto/workspace/datomworld-py-c3int1/test/cljd-out/yin/repl/dht-test_test.dart: null yin.repl.dht-test/rounds-larger-than-the-pending-write-bound-are-acknowledged-never-busy
07:57 +576: /Users/sto/workspace/datomworld-py-c3int1/test/cljd-out/yin/vm/linker/closure-test_test.dart: null yin.vm.linker.closure-test/a-requirement-holding-no-valid-manifest-is-refused-by-the-walk
07:57 +577: /Users/sto/workspace/datomworld-py-c3int1/test/cljd-out/yin/vm/linker/closure-test_test.dart: null yin.vm.linker.closure-test/a-requirement-holding-no-valid-manifest-is-refused-by-the-walk
07:57 +578: /Users/sto/workspace/datomworld-py-c3int1/test/cljd-out/yin/vm/linker/closure-test_test.dart: null yin.vm.linker.closure-test/a-requirement-holding-no-valid-manifest-is-refused-by-the-walk
07:57 +579: /Users/sto/workspace/datomworld-py-c3int1/test/cljd-out/yin/repl/dht-test_test.dart: null yin.repl.dht-test/a-publication-sent-to-two-peers-is-reported-acknowledged
07:57 +580: /Users/sto/workspace/datomworld-py-c3int1/test/cljd-out/yin/vm/linker/closure-test_test.dart: null yin.vm.linker.closure-test/each-bound-is-a-parts-limit
07:58 +581: /Users/sto/workspace/datomworld-py-c3int1/test/cljd-out/yin/repl/dht-test_test.dart: null yin.repl.dht-test/a-partial-publication-is-reported-and-repaired-through-the-host-module
07:59 +582: /Users/sto/workspace/datomworld-py-c3int1/test/cljd-out/yin/repl/dht-test_test.dart: null yin.repl.dht-test/a-partial-publication-is-reported-and-repaired-through-the-host-module
08:00 +583: /Users/sto/workspace/datomworld-py-c3int1/test/cljd-out/yin/vm/linker/dht-end-to-end-test_test.dart: null yin.vm.linker.dht-end-to-end-test/a-retraction-of-a-retraction-is-global-at-the-prompt
08:00 +584: /Users/sto/workspace/datomworld-py-c3int1/test/cljd-out/yin/vm/linker/dht-end-to-end-test_test.dart: null yin.vm.linker.dht-end-to-end-test/a-retraction-of-a-retraction-is-global-at-the-prompt
08:01 +585: /Users/sto/workspace/datomworld-py-c3int1/test/cljd-out/yin/vm/linker/dht-end-to-end-test_test.dart: null yin.vm.linker.dht-end-to-end-test/a-retraction-of-a-retraction-is-global-at-the-prompt
08:01 +586: /Users/sto/workspace/datomworld-py-c3int1/test/cljd-out/yin/vm/linker/dht-end-to-end-test_test.dart: null yin.vm.linker.dht-end-to-end-test/a-retraction-of-a-retraction-is-global-at-the-prompt
08:01 +587: /Users/sto/workspace/datomworld-py-c3int1/test/cljd-out/yin/vm/linker/dht-end-to-end-test_test.dart: null yin.vm.linker.dht-end-to-end-test/a-retraction-of-a-retraction-is-global-at-the-prompt
08:01 +588: /Users/sto/workspace/datomworld-py-c3int1/test/cljd-out/yin/vm/linker/dht-end-to-end-test_test.dart: null yin.vm.linker.dht-end-to-end-test/a-retraction-of-a-retraction-is-global-at-the-prompt
08:02 +589: /Users/sto/workspace/datomworld-py-c3int1/test/cljd-out/yin/vm/linker/dht-end-to-end-test_test.dart: null yin.vm.linker.dht-end-to-end-test/a-retraction-of-a-retraction-is-global-at-the-prompt
08:02 +590: /Users/sto/workspace/datomworld-py-c3int1/test/cljd-out/yin/vm/linker/dht-end-to-end-test_test.dart: null yin.vm.linker.dht-end-to-end-test/a-retraction-of-a-retraction-is-global-at-the-prompt
08:02 +591: /Users/sto/workspace/datomworld-py-c3int1/test/cljd-out/yin/vm/linker/dht-end-to-end-test_test.dart: null yin.vm.linker.dht-end-to-end-test/a-retraction-of-a-retraction-is-global-at-the-prompt
08:02 +592: /Users/sto/workspace/datomworld-py-c3int1/test/cljd-out/yin/vm/linker/dht-end-to-end-test_test.dart: null yin.vm.linker.dht-end-to-end-test/a-retraction-of-a-retraction-is-global-at-the-prompt
08:02 +593: /Users/sto/workspace/datomworld-py-c3int1/test/cljd-out/yin/vm/linker/dht-end-to-end-test_test.dart: null yin.vm.linker.dht-end-to-end-test/a-retraction-of-a-retraction-is-global-at-the-prompt
08:03 +594: /Users/sto/workspace/datomworld-py-c3int1/test/cljd-out/yin/vm/linker/dht-end-to-end-test_test.dart: null yin.vm.linker.dht-end-to-end-test/a-retraction-of-a-retraction-is-global-at-the-prompt
08:03 +595: /Users/sto/workspace/datomworld-py-c3int1/test/cljd-out/yin/vm/linker/dht-end-to-end-test_test.dart: null yin.vm.linker.dht-end-to-end-test/a-retraction-of-a-retraction-is-global-at-the-prompt
08:04 +596: /Users/sto/workspace/datomworld-py-c3int1/test/cljd-out/yin/vm/linker/dht-end-to-end-test_test.dart: null yin.vm.linker.dht-end-to-end-test/a-retraction-of-a-retraction-is-global-at-the-prompt
08:08 +597: /Users/sto/workspace/datomworld-py-c3int1/test/cljd-out/yin/vm/linker/dht-end-to-end-test_test.dart: null yin.vm.linker.dht-end-to-end-test/a-retraction-of-a-retraction-is-global-at-the-prompt
08:10 +598: /Users/sto/workspace/datomworld-py-c3int1/test/cljd-out/yin/vm/linker/dht-end-to-end-test_test.dart: null yin.vm.linker.dht-end-to-end-test/a-retraction-of-a-retraction-is-global-at-the-prompt
08:11 +599: /Users/sto/workspace/datomworld-py-c3int1/test/cljd-out/yin/vm/linker/dht-end-to-end-test_test.dart: null yin.vm.linker.dht-end-to-end-test/a-retraction-of-a-retraction-is-global-at-the-prompt
08:11 +600: /Users/sto/workspace/datomworld-py-c3int1/test/cljd-out/yin/vm/linker/dht-end-to-end-test_test.dart: null yin.vm.linker.dht-end-to-end-test/a-retraction-of-a-retraction-is-global-at-the-prompt
08:12 +601: /Users/sto/workspace/datomworld-py-c3int1/test/cljd-out/yin/vm/linker/dht-end-to-end-test_test.dart: null yin.vm.linker.dht-end-to-end-test/a-retraction-of-a-retraction-is-global-at-the-prompt
08:13 +602: /Users/sto/workspace/datomworld-py-c3int1/test/cljd-out/yin/vm/linker/dht-test_test.dart: null yin.vm.linker.dht-test/a-closure-loaded-by-address-links-on-all-four-formats-with-no-fetch
08:14 +603: /Users/sto/workspace/datomworld-py-c3int1/test/cljd-out/yin/vm/linker/dht-end-to-end-test_test.dart: null yin.vm.linker.dht-end-to-end-test/a-reader-requires-a-published-module-by-name-on-all-four-vms
08:14 +604: /Users/sto/workspace/datomworld-py-c3int1/test/cljd-out/yin/vm/linker/dht-end-to-end-test_test.dart: null yin.vm.linker.dht-end-to-end-test/a-reader-requires-a-published-module-by-name-on-all-four-vms
08:14 +605: /Users/sto/workspace/datomworld-py-c3int1/test/cljd-out/yin/vm/linker/dht-end-to-end-test_test.dart: null yin.vm.linker.dht-end-to-end-test/a-reader-requires-a-published-module-by-name-on-all-four-vms
08:14 +606: /Users/sto/workspace/datomworld-py-c3int1/test/cljd-out/yin/vm/linker/dht-end-to-end-test_test.dart: null yin.vm.linker.dht-end-to-end-test/a-reader-requires-a-published-module-by-name-on-all-four-vms
08:14 +607: /Users/sto/workspace/datomworld-py-c3int1/test/cljd-out/yin/vm/linker/dht-end-to-end-test_test.dart: null yin.vm.linker.dht-end-to-end-test/a-reader-requires-a-published-module-by-name-on-all-four-vms
08:14 +608: /Users/sto/workspace/datomworld-py-c3int1/test/cljd-out/yin/vm/linker/dht-end-to-end-test_test.dart: null yin.vm.linker.dht-end-to-end-test/a-reader-requires-a-published-module-by-name-on-all-four-vms
08:15 +609: /Users/sto/workspace/datomworld-py-c3int1/test/cljd-out/yin/vm/linker/dht-end-to-end-test_test.dart: null yin.vm.linker.dht-end-to-end-test/a-reader-requires-a-published-module-by-name-on-all-four-vms
08:16 +610: /Users/sto/workspace/datomworld-py-c3int1/test/cljd-out/yin/vm/linker/dht-end-to-end-test_test.dart: null yin.vm.linker.dht-end-to-end-test/a-reader-requires-a-published-module-by-name-on-all-four-vms
08:16 +611: /Users/sto/workspace/datomworld-py-c3int1/test/cljd-out/yin/vm/linker/dht-end-to-end-test_test.dart: null yin.vm.linker.dht-end-to-end-test/a-reader-requires-a-published-module-by-name-on-all-four-vms
08:16 +612: /Users/sto/workspace/datomworld-py-c3int1/test/cljd-out/yin/vm/linker/dht-end-to-end-test_test.dart: null yin.vm.linker.dht-end-to-end-test/a-reader-requires-a-published-module-by-name-on-all-four-vms
08:16 +613: /Users/sto/workspace/datomworld-py-c3int1/test/cljd-out/yin/vm/linker/dht-end-to-end-test_test.dart: null yin.vm.linker.dht-end-to-end-test/a-reader-requires-a-published-module-by-name-on-all-four-vms
08:16 +614: /Users/sto/workspace/datomworld-py-c3int1/test/cljd-out/yin/vm/linker/dht-end-to-end-test_test.dart: null yin.vm.linker.dht-end-to-end-test/a-reader-requires-a-published-module-by-name-on-all-four-vms
08:16 +615: /Users/sto/workspace/datomworld-py-c3int1/test/cljd-out/yin/vm/linker/dht-end-to-end-test_test.dart: null yin.vm.linker.dht-end-to-end-test/a-reader-requires-a-published-module-by-name-on-all-four-vms
08:16 +616: /Users/sto/workspace/datomworld-py-c3int1/test/cljd-out/yin/vm/linker/dht-end-to-end-test_test.dart: null yin.vm.linker.dht-end-to-end-test/a-reader-requires-a-published-module-by-name-on-all-four-vms
08:17 +617: /Users/sto/workspace/datomworld-py-c3int1/test/cljd-out/yin/vm/linker/dht-end-to-end-test_test.dart: null yin.vm.linker.dht-end-to-end-test/a-reader-requires-a-published-module-by-name-on-all-four-vms
08:17 +618: /Users/sto/workspace/datomworld-py-c3int1/test/cljd-out/yin/vm/linker/dht-end-to-end-test_test.dart: null yin.vm.linker.dht-end-to-end-test/a-reader-requires-a-published-module-by-name-on-all-four-vms
08:17 +619: /Users/sto/workspace/datomworld-py-c3int1/test/cljd-out/yin/vm/linker/dht-end-to-end-test_test.dart: null yin.vm.linker.dht-end-to-end-test/a-reader-requires-a-published-module-by-name-on-all-four-vms
08:17 +620: /Users/sto/workspace/datomworld-py-c3int1/test/cljd-out/yin/vm/linker/dht-end-to-end-test_test.dart: null yin.vm.linker.dht-end-to-end-test/a-reader-requires-a-published-module-by-name-on-all-four-vms
08:17 +621: /Users/sto/workspace/datomworld-py-c3int1/test/cljd-out/yin/vm/linker/dht-end-to-end-test_test.dart: null yin.vm.linker.dht-end-to-end-test/a-reader-requires-a-published-module-by-name-on-all-four-vms
08:17 +622: /Users/sto/workspace/datomworld-py-c3int1/test/cljd-out/yin/vm/linker/dht-end-to-end-test_test.dart: null yin.vm.linker.dht-end-to-end-test/a-reader-requires-a-published-module-by-name-on-all-four-vms
08:17 +623: /Users/sto/workspace/datomworld-py-c3int1/test/cljd-out/yin/vm/linker/dht-end-to-end-test_test.dart: null yin.vm.linker.dht-end-to-end-test/a-reader-requires-a-published-module-by-name-on-all-four-vms
08:17 +624: /Users/sto/workspace/datomworld-py-c3int1/test/cljd-out/yin/vm/linker/dht-end-to-end-test_test.dart: null yin.vm.linker.dht-end-to-end-test/a-reader-requires-a-published-module-by-name-on-all-four-vms
08:17 +625: /Users/sto/workspace/datomworld-py-c3int1/test/cljd-out/yin/vm/linker/dht-end-to-end-test_test.dart: null yin.vm.linker.dht-end-to-end-test/a-reader-requires-a-published-module-by-name-on-all-four-vms
08:17 +626: /Users/sto/workspace/datomworld-py-c3int1/test/cljd-out/yin/vm/linker/dht-end-to-end-test_test.dart: null yin.vm.linker.dht-end-to-end-test/a-reader-requires-a-published-module-by-name-on-all-four-vms
08:17 +627: /Users/sto/workspace/datomworld-py-c3int1/test/cljd-out/yin/vm/linker/dht-end-to-end-test_test.dart: null yin.vm.linker.dht-end-to-end-test/a-reader-requires-a-published-module-by-name-on-all-four-vms
08:17 +628: /Users/sto/workspace/datomworld-py-c3int1/test/cljd-out/yin/vm/linker/dht-end-to-end-test_test.dart: null yin.vm.linker.dht-end-to-end-test/a-reader-requires-a-published-module-by-name-on-all-four-vms
08:17 +629: /Users/sto/workspace/datomworld-py-c3int1/test/cljd-out/yin/vm/linker/dht-end-to-end-test_test.dart: null yin.vm.linker.dht-end-to-end-test/a-reader-requires-a-published-module-by-name-on-all-four-vms
08:17 +630: /Users/sto/workspace/datomworld-py-c3int1/test/cljd-out/yin/vm/linker/dht-end-to-end-test_test.dart: null yin.vm.linker.dht-end-to-end-test/a-reader-requires-a-published-module-by-name-on-all-four-vms
08:17 +631: /Users/sto/workspace/datomworld-py-c3int1/test/cljd-out/yin/vm/linker/dht-end-to-end-test_test.dart: null yin.vm.linker.dht-end-to-end-test/a-reader-requires-a-published-module-by-name-on-all-four-vms
08:17 +632: /Users/sto/workspace/datomworld-py-c3int1/test/cljd-out/yin/vm/linker/dht-end-to-end-test_test.dart: null yin.vm.linker.dht-end-to-end-test/a-reader-requires-a-published-module-by-name-on-all-four-vms
08:18 +633: /Users/sto/workspace/datomworld-py-c3int1/test/cljd-out/yin/vm/linker/dht-end-to-end-test_test.dart: null yin.vm.linker.dht-end-to-end-test/a-reader-requires-a-published-module-by-name-on-all-four-vms
08:18 +634: /Users/sto/workspace/datomworld-py-c3int1/test/cljd-out/yin/vm/debruijn/stack-effects-test_test.dart: null yin.vm.debruijn.stack-effects-test/installed-handlers-round-trip-test
08:19 +635: /Users/sto/workspace/datomworld-py-c3int1/test/cljd-out/yin/vm/linker/dht-test_test.dart: null yin.vm.linker.dht-test/each-closed-code-fails-the-load-without-retry
08:19 +636: /Users/sto/workspace/datomworld-py-c3int1/test/cljd-out/yin/vm/linker/dht-test_test.dart: null yin.vm.linker.dht-test/each-closed-code-fails-the-load-without-retry
08:19 +637: /Users/sto/workspace/datomworld-py-c3int1/test/cljd-out/yin/vm/linker/dht-test_test.dart: null yin.vm.linker.dht-test/each-closed-code-fails-the-load-without-retry
08:19 +638: /Users/sto/workspace/datomworld-py-c3int1/test/cljd-out/yin/vm/linker/dht-test_test.dart: null yin.vm.linker.dht-test/each-closed-code-fails-the-load-without-retry
08:19 +639: /Users/sto/workspace/datomworld-py-c3int1/test/cljd-out/yin/vm/linker/dht-test_test.dart: null yin.vm.linker.dht-test/each-closed-code-fails-the-load-without-retry
08:19 +640: /Users/sto/workspace/datomworld-py-c3int1/test/cljd-out/yin/vm/linker/dht-test_test.dart: null yin.vm.linker.dht-test/each-closed-code-fails-the-load-without-retry
08:19 +641: /Users/sto/workspace/datomworld-py-c3int1/test/cljd-out/yin/vm/linker/dht-test_test.dart: null yin.vm.linker.dht-test/each-closed-code-fails-the-load-without-retry
08:19 +642: /Users/sto/workspace/datomworld-py-c3int1/test/cljd-out/yin/vm/linker/dht-test_test.dart: null yin.vm.linker.dht-test/each-closed-code-fails-the-load-without-retry
08:19 +643: /Users/sto/workspace/datomworld-py-c3int1/test/cljd-out/yin/vm/linker/dht-test_test.dart: null yin.vm.linker.dht-test/each-closed-code-fails-the-load-without-retry
08:19 +644: /Users/sto/workspace/datomworld-py-c3int1/test/cljd-out/yin/vm/linker/dht-test_test.dart: null yin.vm.linker.dht-test/each-closed-code-fails-the-load-without-retry
08:19 +645: /Users/sto/workspace/datomworld-py-c3int1/test/cljd-out/yin/vm/linker/dht-test_test.dart: null yin.vm.linker.dht-test/each-closed-code-fails-the-load-without-retry
08:19 +646: /Users/sto/workspace/datomworld-py-c3int1/test/cljd-out/yin/vm/linker/dht-test_test.dart: null yin.vm.linker.dht-test/each-closed-code-fails-the-load-without-retry
08:19 +647: /Users/sto/workspace/datomworld-py-c3int1/test/cljd-out/yin/vm/linker/dht-test_test.dart: null yin.vm.linker.dht-test/each-closed-code-fails-the-load-without-retry
08:19 +648: /Users/sto/workspace/datomworld-py-c3int1/test/cljd-out/yin/vm/linker/dht-end-to-end-test_test.dart: null yin.vm.linker.dht-end-to-end-test/without-the-principal-the-require-is-absent-undeclared
08:19 +649: /Users/sto/workspace/datomworld-py-c3int1/test/cljd-out/yin/vm/linker/dht-end-to-end-test_test.dart: null yin.vm.linker.dht-end-to-end-test/without-the-principal-the-require-is-absent-undeclared
08:19 +650: /Users/sto/workspace/datomworld-py-c3int1/test/cljd-out/yin/vm/linker/dht-end-to-end-test_test.dart: null yin.vm.linker.dht-end-to-end-test/without-the-principal-the-require-is-absent-undeclared
08:19 +651: /Users/sto/workspace/datomworld-py-c3int1/test/cljd-out/yin/vm/linker/dht-end-to-end-test_test.dart: null yin.vm.linker.dht-end-to-end-test/without-the-principal-the-require-is-absent-undeclared
08:19 +652: /Users/sto/workspace/datomworld-py-c3int1/test/cljd-out/yin/vm/linker/dht-end-to-end-test_test.dart: null yin.vm.linker.dht-end-to-end-test/without-the-principal-the-require-is-absent-undeclared
08:19 +653: /Users/sto/workspace/datomworld-py-c3int1/test/cljd-out/yin/vm/linker/dht-end-to-end-test_test.dart: null yin.vm.linker.dht-end-to-end-test/without-the-principal-the-require-is-absent-undeclared
08:19 +654: /Users/sto/workspace/datomworld-py-c3int1/test/cljd-out/yin/vm/linker/dht-end-to-end-test_test.dart: null yin.vm.linker.dht-end-to-end-test/without-the-principal-the-require-is-absent-undeclared
08:19 +655: /Users/sto/workspace/datomworld-py-c3int1/test/cljd-out/yin/vm/linker/dht-end-to-end-test_test.dart: null yin.vm.linker.dht-end-to-end-test/without-the-principal-the-require-is-absent-undeclared
08:19 +656: /Users/sto/workspace/datomworld-py-c3int1/test/cljd-out/yin/vm/linker/dht-end-to-end-test_test.dart: null yin.vm.linker.dht-end-to-end-test/without-the-principal-the-require-is-absent-undeclared
08:19 +657: /Users/sto/workspace/datomworld-py-c3int1/test/cljd-out/yin/vm/linker/dht-end-to-end-test_test.dart: null yin.vm.linker.dht-end-to-end-test/without-the-principal-the-require-is-absent-undeclared
08:19 +658: /Users/sto/workspace/datomworld-py-c3int1/test/cljd-out/yin/vm/linker/dht-end-to-end-test_test.dart: null yin.vm.linker.dht-end-to-end-test/without-the-principal-the-require-is-absent-undeclared
08:19 +659: /Users/sto/workspace/datomworld-py-c3int1/test/cljd-out/yin/vm/linker/dht-end-to-end-test_test.dart: null yin.vm.linker.dht-end-to-end-test/without-the-principal-the-require-is-absent-undeclared
08:19 +660: /Users/sto/workspace/datomworld-py-c3int1/test/cljd-out/yin/vm/linker/dht-end-to-end-test_test.dart: null yin.vm.linker.dht-end-to-end-test/without-the-principal-the-require-is-absent-undeclared
08:19 +661: /Users/sto/workspace/datomworld-py-c3int1/test/cljd-out/yin/vm/linker/dht-end-to-end-test_test.dart: null yin.vm.linker.dht-end-to-end-test/without-the-principal-the-require-is-absent-undeclared
08:19 +662: /Users/sto/workspace/datomworld-py-c3int1/test/cljd-out/yin/vm/linker/dht-end-to-end-test_test.dart: null yin.vm.linker.dht-end-to-end-test/without-the-principal-the-require-is-absent-undeclared
08:19 +663: /Users/sto/workspace/datomworld-py-c3int1/test/cljd-out/yin/vm/linker/dht-end-to-end-test_test.dart: null yin.vm.linker.dht-end-to-end-test/without-the-principal-the-require-is-absent-undeclared
08:19 +664: /Users/sto/workspace/datomworld-py-c3int1/test/cljd-out/yin/vm/linker/dht-end-to-end-test_test.dart: null yin.vm.linker.dht-end-to-end-test/without-the-principal-the-require-is-absent-undeclared
08:19 +665: /Users/sto/workspace/datomworld-py-c3int1/test/cljd-out/yin/vm/linker/dht-end-to-end-test_test.dart: null yin.vm.linker.dht-end-to-end-test/without-the-principal-the-require-is-absent-undeclared
08:20 +666: /Users/sto/workspace/datomworld-py-c3int1/test/cljd-out/yin/vm/linker/dht-end-to-end-test_test.dart: null yin.vm.linker.dht-end-to-end-test/without-the-principal-the-require-is-absent-undeclared
08:20 +667: /Users/sto/workspace/datomworld-py-c3int1/test/cljd-out/yin/vm/linker/dht-end-to-end-test_test.dart: null yin.vm.linker.dht-end-to-end-test/without-the-principal-the-require-is-absent-undeclared
08:20 +668: /Users/sto/workspace/datomworld-py-c3int1/test/cljd-out/yin/vm/linker/dht-end-to-end-test_test.dart: null yin.vm.linker.dht-end-to-end-test/without-the-principal-the-require-is-absent-undeclared
08:20 +669: /Users/sto/workspace/datomworld-py-c3int1/test/cljd-out/yin/vm/linker/dht-end-to-end-test_test.dart: null yin.vm.linker.dht-end-to-end-test/without-the-principal-the-require-is-absent-undeclared
08:20 +670: /Users/sto/workspace/datomworld-py-c3int1/test/cljd-out/yin/vm/linker/dht-end-to-end-test_test.dart: null yin.vm.linker.dht-end-to-end-test/without-the-principal-the-require-is-absent-undeclared
08:20 +671: /Users/sto/workspace/datomworld-py-c3int1/test/cljd-out/yin/vm/linker/dht-end-to-end-test_test.dart: null yin.vm.linker.dht-end-to-end-test/without-the-principal-the-require-is-absent-undeclared
08:20 +672: /Users/sto/workspace/datomworld-py-c3int1/test/cljd-out/yin/vm/linker/dht-end-to-end-test_test.dart: null yin.vm.linker.dht-end-to-end-test/without-the-principal-the-require-is-absent-undeclared
08:21 +673: /Users/sto/workspace/datomworld-py-c3int1/test/cljd-out/yin/vm/linker/dht-end-to-end-test_test.dart: null yin.vm.linker.dht-end-to-end-test/without-the-principal-the-require-is-absent-undeclared
08:21 +674: /Users/sto/workspace/datomworld-py-c3int1/test/cljd-out/yin/vm/linker/dht-end-to-end-test_test.dart: null yin.vm.linker.dht-end-to-end-test/without-the-principal-the-require-is-absent-undeclared
08:21 +675: /Users/sto/workspace/datomworld-py-c3int1/test/cljd-out/yin/vm/linker/dht-end-to-end-test_test.dart: null yin.vm.linker.dht-end-to-end-test/without-the-principal-the-require-is-absent-undeclared
08:21 +676: /Users/sto/workspace/datomworld-py-c3int1/test/cljd-out/yin/vm/linker/dht-end-to-end-test_test.dart: null yin.vm.linker.dht-end-to-end-test/without-the-principal-the-require-is-absent-undeclared
08:21 +677: /Users/sto/workspace/datomworld-py-c3int1/test/cljd-out/yin/vm/linker/dht-end-to-end-test_test.dart: null yin.vm.linker.dht-end-to-end-test/without-the-principal-the-require-is-absent-undeclared
08:21 +678: /Users/sto/workspace/datomworld-py-c3int1/test/cljd-out/yin/vm/linker/dht-end-to-end-test_test.dart: null yin.vm.linker.dht-end-to-end-test/without-the-principal-the-require-is-absent-undeclared
08:21 +679: /Users/sto/workspace/datomworld-py-c3int1/test/cljd-out/yin/vm/linker/dht-end-to-end-test_test.dart: null yin.vm.linker.dht-end-to-end-test/without-the-principal-the-require-is-absent-undeclared
08:21 +680: /Users/sto/workspace/datomworld-py-c3int1/test/cljd-out/yin/vm/linker/dht-end-to-end-test_test.dart: null yin.vm.linker.dht-end-to-end-test/without-the-principal-the-require-is-absent-undeclared
08:21 +681: /Users/sto/workspace/datomworld-py-c3int1/test/cljd-out/yin/vm/linker/dht-end-to-end-test_test.dart: null yin.vm.linker.dht-end-to-end-test/without-the-principal-the-require-is-absent-undeclared
08:21 +682: /Users/sto/workspace/datomworld-py-c3int1/test/cljd-out/yin/vm/linker/dht-end-to-end-test_test.dart: null yin.vm.linker.dht-end-to-end-test/without-the-principal-the-require-is-absent-undeclared
08:21 +683: /Users/sto/workspace/datomworld-py-c3int1/test/cljd-out/yin/vm/linker/dht-end-to-end-test_test.dart: null yin.vm.linker.dht-end-to-end-test/without-the-principal-the-require-is-absent-undeclared
08:21 +684: /Users/sto/workspace/datomworld-py-c3int1/test/cljd-out/yin/vm/linker/dht-end-to-end-test_test.dart: null yin.vm.linker.dht-end-to-end-test/without-the-principal-the-require-is-absent-undeclared
08:21 +685: /Users/sto/workspace/datomworld-py-c3int1/test/cljd-out/yin/vm/linker/dht-end-to-end-test_test.dart: null yin.vm.linker.dht-end-to-end-test/without-the-principal-the-require-is-absent-undeclared
08:21 +686: /Users/sto/workspace/datomworld-py-c3int1/test/cljd-out/yin/vm/linker/dht-end-to-end-test_test.dart: null yin.vm.linker.dht-end-to-end-test/without-the-principal-the-require-is-absent-undeclared
08:21 +687: /Users/sto/workspace/datomworld-py-c3int1/test/cljd-out/yin/vm/linker/dht-end-to-end-test_test.dart: null yin.vm.linker.dht-end-to-end-test/without-the-principal-the-require-is-absent-undeclared
08:21 +688: /Users/sto/workspace/datomworld-py-c3int1/test/cljd-out/yin/vm/linker/dht-end-to-end-test_test.dart: null yin.vm.linker.dht-end-to-end-test/without-the-principal-the-require-is-absent-undeclared
08:21 +689: /Users/sto/workspace/datomworld-py-c3int1/test/cljd-out/yin/vm/linker/dht-end-to-end-test_test.dart: null yin.vm.linker.dht-end-to-end-test/without-the-principal-the-require-is-absent-undeclared
08:21 +690: /Users/sto/workspace/datomworld-py-c3int1/test/cljd-out/yin/vm/linker/dht-end-to-end-test_test.dart: null yin.vm.linker.dht-end-to-end-test/without-the-principal-the-require-is-absent-undeclared
08:21 +691: /Users/sto/workspace/datomworld-py-c3int1/test/cljd-out/yin/vm/linker/dht-end-to-end-test_test.dart: null yin.vm.linker.dht-end-to-end-test/without-the-principal-the-require-is-absent-undeclared
08:21 +692: /Users/sto/workspace/datomworld-py-c3int1/test/cljd-out/yin/vm/linker/dht-end-to-end-test_test.dart: null yin.vm.linker.dht-end-to-end-test/without-the-principal-the-require-is-absent-undeclared
08:21 +693: /Users/sto/workspace/datomworld-py-c3int1/test/cljd-out/yin/vm/linker/dht-end-to-end-test_test.dart: null yin.vm.linker.dht-end-to-end-test/without-the-principal-the-require-is-absent-undeclared
08:21 +694: /Users/sto/workspace/datomworld-py-c3int1/test/cljd-out/yin/vm/linker/dht-end-to-end-test_test.dart: null yin.vm.linker.dht-end-to-end-test/without-the-principal-the-require-is-absent-undeclared
08:21 +695: /Users/sto/workspace/datomworld-py-c3int1/test/cljd-out/yin/vm/linker/dht-end-to-end-test_test.dart: null yin.vm.linker.dht-end-to-end-test/an-empty-export-list-publishes-the-no-op-module-at-the-prompt
08:22 +696: /Users/sto/workspace/datomworld-py-c3int1/test/cljd-out/yin/vm/linker/dht-end-to-end-test_test.dart: null yin.vm.linker.dht-end-to-end-test/an-empty-export-list-publishes-the-no-op-module-at-the-prompt
08:22 +697: /Users/sto/workspace/datomworld-py-c3int1/test/cljd-out/yin/vm/linker/dht-end-to-end-test_test.dart: null yin.vm.linker.dht-end-to-end-test/an-empty-export-list-publishes-the-no-op-module-at-the-prompt
08:22 +698: /Users/sto/workspace/datomworld-py-c3int1/test/cljd-out/yin/vm/linker/dht-end-to-end-test_test.dart: null yin.vm.linker.dht-end-to-end-test/an-empty-export-list-publishes-the-no-op-module-at-the-prompt
08:22 +699: /Users/sto/workspace/datomworld-py-c3int1/test/cljd-out/yin/vm/linker/dht-end-to-end-test_test.dart: null yin.vm.linker.dht-end-to-end-test/an-empty-export-list-publishes-the-no-op-module-at-the-prompt
08:22 +700: /Users/sto/workspace/datomworld-py-c3int1/test/cljd-out/yin/vm/linker/dht-end-to-end-test_test.dart: null yin.vm.linker.dht-end-to-end-test/an-empty-export-list-publishes-the-no-op-module-at-the-prompt
08:23 +701: /Users/sto/workspace/datomworld-py-c3int1/test/cljd-out/yin/vm/linker/dht-end-to-end-test_test.dart: null yin.vm.linker.dht-end-to-end-test/an-empty-export-list-publishes-the-no-op-module-at-the-prompt
08:23 +702: /Users/sto/workspace/datomworld-py-c3int1/test/cljd-out/yin/vm/linker/dht-end-to-end-test_test.dart: null yin.vm.linker.dht-end-to-end-test/an-empty-export-list-publishes-the-no-op-module-at-the-prompt
08:23 +703: /Users/sto/workspace/datomworld-py-c3int1/test/cljd-out/yin/vm/linker/dht-end-to-end-test_test.dart: null yin.vm.linker.dht-end-to-end-test/an-empty-export-list-publishes-the-no-op-module-at-the-prompt
08:23 +704: /Users/sto/workspace/datomworld-py-c3int1/test/cljd-out/yin/vm/linker/dht-end-to-end-test_test.dart: null yin.vm.linker.dht-end-to-end-test/an-empty-export-list-publishes-the-no-op-module-at-the-prompt
08:23 +705: /Users/sto/workspace/datomworld-py-c3int1/test/cljd-out/yin/vm/linker/dht-end-to-end-test_test.dart: null yin.vm.linker.dht-end-to-end-test/an-empty-export-list-publishes-the-no-op-module-at-the-prompt
08:23 +706: /Users/sto/workspace/datomworld-py-c3int1/test/cljd-out/yin/vm/linker/dht-end-to-end-test_test.dart: null yin.vm.linker.dht-end-to-end-test/an-empty-export-list-publishes-the-no-op-module-at-the-prompt
08:23 +707: /Users/sto/workspace/datomworld-py-c3int1/test/cljd-out/yin/vm/linker/dht-end-to-end-test_test.dart: null yin.vm.linker.dht-end-to-end-test/an-empty-export-list-publishes-the-no-op-module-at-the-prompt
08:23 +708: /Users/sto/workspace/datomworld-py-c3int1/test/cljd-out/yin/vm/linker/dht-end-to-end-test_test.dart: null yin.vm.linker.dht-end-to-end-test/an-empty-export-list-publishes-the-no-op-module-at-the-prompt
08:23 +709: /Users/sto/workspace/datomworld-py-c3int1/test/cljd-out/yin/vm/linker/dht-end-to-end-test_test.dart: null yin.vm.linker.dht-end-to-end-test/an-empty-export-list-publishes-the-no-op-module-at-the-prompt
08:23 +710: /Users/sto/workspace/datomworld-py-c3int1/test/cljd-out/yin/vm/linker/dht-end-to-end-test_test.dart: null yin.vm.linker.dht-end-to-end-test/an-empty-export-list-publishes-the-no-op-module-at-the-prompt
08:23 +711: /Users/sto/workspace/datomworld-py-c3int1/test/cljd-out/yin/vm/linker/dht-end-to-end-test_test.dart: null yin.vm.linker.dht-end-to-end-test/an-empty-export-list-publishes-the-no-op-module-at-the-prompt
08:24 +712: /Users/sto/workspace/datomworld-py-c3int1/test/cljd-out/yin/vm/linker/dht-end-to-end-test_test.dart: null yin.vm.linker.dht-end-to-end-test/an-empty-export-list-publishes-the-no-op-module-at-the-prompt
08:24 +713: /Users/sto/workspace/datomworld-py-c3int1/test/cljd-out/yin/vm/linker/dht-end-to-end-test_test.dart: null yin.vm.linker.dht-end-to-end-test/an-empty-export-list-publishes-the-no-op-module-at-the-prompt
08:24 +714: /Users/sto/workspace/datomworld-py-c3int1/test/cljd-out/yin/vm/linker/dht-end-to-end-test_test.dart: null yin.vm.linker.dht-end-to-end-test/an-empty-export-list-publishes-the-no-op-module-at-the-prompt
08:24 +715: /Users/sto/workspace/datomworld-py-c3int1/test/cljd-out/yin/vm/linker/dht-end-to-end-test_test.dart: null yin.vm.linker.dht-end-to-end-test/an-empty-export-list-publishes-the-no-op-module-at-the-prompt
08:24 +716: /Users/sto/workspace/datomworld-py-c3int1/test/cljd-out/yin/vm/linker/dht-end-to-end-test_test.dart: null yin.vm.linker.dht-end-to-end-test/an-empty-export-list-publishes-the-no-op-module-at-the-prompt
08:24 +717: /Users/sto/workspace/datomworld-py-c3int1/test/cljd-out/yin/vm/linker/dht-end-to-end-test_test.dart: null yin.vm.linker.dht-end-to-end-test/an-empty-export-list-publishes-the-no-op-module-at-the-prompt
08:24 +718: /Users/sto/workspace/datomworld-py-c3int1/test/cljd-out/yin/vm/linker/dht-end-to-end-test_test.dart: null yin.vm.linker.dht-end-to-end-test/an-empty-export-list-publishes-the-no-op-module-at-the-prompt
08:24 +719: /Users/sto/workspace/datomworld-py-c3int1/test/cljd-out/yin/vm/linker/dht-end-to-end-test_test.dart: null yin.vm.linker.dht-end-to-end-test/an-empty-export-list-publishes-the-no-op-module-at-the-prompt
08:24 +720: /Users/sto/workspace/datomworld-py-c3int1/test/cljd-out/yin/vm/linker/dht-end-to-end-test_test.dart: null yin.vm.linker.dht-end-to-end-test/an-empty-export-list-publishes-the-no-op-module-at-the-prompt
08:24 +721: /Users/sto/workspace/datomworld-py-c3int1/test/cljd-out/yin/vm/linker/dht-end-to-end-test_test.dart: null yin.vm.linker.dht-end-to-end-test/an-empty-export-list-publishes-the-no-op-module-at-the-prompt
08:24 +722: /Users/sto/workspace/datomworld-py-c3int1/test/cljd-out/yin/vm/linker/dht-end-to-end-test_test.dart: null yin.vm.linker.dht-end-to-end-test/an-empty-export-list-publishes-the-no-op-module-at-the-prompt
08:24 +723: /Users/sto/workspace/datomworld-py-c3int1/test/cljd-out/yin/vm/linker/dht-end-to-end-test_test.dart: null yin.vm.linker.dht-end-to-end-test/an-empty-export-list-publishes-the-no-op-module-at-the-prompt
08:24 +724: /Users/sto/workspace/datomworld-py-c3int1/test/cljd-out/yin/vm/linker/dht-end-to-end-test_test.dart: null yin.vm.linker.dht-end-to-end-test/an-empty-export-list-publishes-the-no-op-module-at-the-prompt
08:24 +725: /Users/sto/workspace/datomworld-py-c3int1/test/cljd-out/yin/vm/linker/dht-end-to-end-test_test.dart: null yin.vm.linker.dht-end-to-end-test/an-empty-export-list-publishes-the-no-op-module-at-the-prompt
08:25 +726: /Users/sto/workspace/datomworld-py-c3int1/test/cljd-out/yin/vm/linker/dht-end-to-end-test_test.dart: null yin.vm.linker.dht-end-to-end-test/a-dangling-retraction-is-one-global-diagnostic-at-the-prompt
08:26 +727: /Users/sto/workspace/datomworld-py-c3int1/test/cljd-out/yin/vm/linker/dht-end-to-end-test_test.dart: null yin.vm.linker.dht-end-to-end-test/a-dangling-retraction-is-one-global-diagnostic-at-the-prompt
08:26 +728: /Users/sto/workspace/datomworld-py-c3int1/test/cljd-out/yin/vm/linker/dht-end-to-end-test_test.dart: null yin.vm.linker.dht-end-to-end-test/a-dangling-retraction-is-one-global-diagnostic-at-the-prompt
08:26 +729: /Users/sto/workspace/datomworld-py-c3int1/test/cljd-out/yin/vm/linker/dht-end-to-end-test_test.dart: null yin.vm.linker.dht-end-to-end-test/a-dangling-retraction-is-one-global-diagnostic-at-the-prompt
08:26 +730: /Users/sto/workspace/datomworld-py-c3int1/test/cljd-out/yin/vm/linker/dht-end-to-end-test_test.dart: null yin.vm.linker.dht-end-to-end-test/a-dangling-retraction-is-one-global-diagnostic-at-the-prompt
08:26 +731: /Users/sto/workspace/datomworld-py-c3int1/test/cljd-out/yin/vm/linker/dht-end-to-end-test_test.dart: null yin.vm.linker.dht-end-to-end-test/a-dangling-retraction-is-one-global-diagnostic-at-the-prompt
08:26 +732: /Users/sto/workspace/datomworld-py-c3int1/test/cljd-out/yin/vm/linker/dht-end-to-end-test_test.dart: null yin.vm.linker.dht-end-to-end-test/a-dangling-retraction-is-one-global-diagnostic-at-the-prompt
08:26 +733: /Users/sto/workspace/datomworld-py-c3int1/test/cljd-out/yin/vm/linker/dht-end-to-end-test_test.dart: null yin.vm.linker.dht-end-to-end-test/a-dangling-retraction-is-one-global-diagnostic-at-the-prompt
08:26 +734: /Users/sto/workspace/datomworld-py-c3int1/test/cljd-out/yin/vm/linker/dht-end-to-end-test_test.dart: null yin.vm.linker.dht-end-to-end-test/a-dangling-retraction-is-one-global-diagnostic-at-the-prompt
08:26 +735: /Users/sto/workspace/datomworld-py-c3int1/test/cljd-out/yin/vm/linker/dht-end-to-end-test_test.dart: null yin.vm.linker.dht-end-to-end-test/a-dangling-retraction-is-one-global-diagnostic-at-the-prompt
08:26 +736: /Users/sto/workspace/datomworld-py-c3int1/test/cljd-out/yin/vm/linker/dht-end-to-end-test_test.dart: null yin.vm.linker.dht-end-to-end-test/a-dangling-retraction-is-one-global-diagnostic-at-the-prompt
08:26 +737: /Users/sto/workspace/datomworld-py-c3int1/test/cljd-out/yin/vm/linker/dht-end-to-end-test_test.dart: null yin.vm.linker.dht-end-to-end-test/a-dangling-retraction-is-one-global-diagnostic-at-the-prompt
08:26 +738: /Users/sto/workspace/datomworld-py-c3int1/test/cljd-out/yin/vm/linker/dht-end-to-end-test_test.dart: null yin.vm.linker.dht-end-to-end-test/a-dangling-retraction-is-one-global-diagnostic-at-the-prompt
08:27 +739: /Users/sto/workspace/datomworld-py-c3int1/test/cljd-out/yin/vm/linker/dht-end-to-end-test_test.dart: null yin.vm.linker.dht-end-to-end-test/a-proof-over-another-envelope-does-not-resolve
08:28 +740: /Users/sto/workspace/datomworld-py-c3int1/test/cljd-out/yin/vm/linker/dht-end-to-end-test_test.dart: null yin.vm.linker.dht-end-to-end-test/a-proof-over-another-envelope-does-not-resolve
08:28 +741: /Users/sto/workspace/datomworld-py-c3int1/test/cljd-out/yin/vm/linker/dht-end-to-end-test_test.dart: null yin.vm.linker.dht-end-to-end-test/a-proof-over-another-envelope-does-not-resolve
08:28 +742: /Users/sto/workspace/datomworld-py-c3int1/test/cljd-out/yin/vm/linker/dht-end-to-end-test_test.dart: null yin.vm.linker.dht-end-to-end-test/a-proof-over-another-envelope-does-not-resolve
08:28 +743: /Users/sto/workspace/datomworld-py-c3int1/test/cljd-out/yin/vm/linker/dht-end-to-end-test_test.dart: null yin.vm.linker.dht-end-to-end-test/a-proof-over-another-envelope-does-not-resolve
08:28 +744: /Users/sto/workspace/datomworld-py-c3int1/test/cljd-out/yin/vm/linker/dht-end-to-end-test_test.dart: null yin.vm.linker.dht-end-to-end-test/a-proof-over-another-envelope-does-not-resolve
08:29 +745: /Users/sto/workspace/datomworld-py-c3int1/test/cljd-out/yin/vm/linker/dht-end-to-end-test_test.dart: null yin.vm.linker.dht-end-to-end-test/a-proof-over-another-envelope-does-not-resolve
08:30 +746: /Users/sto/workspace/datomworld-py-c3int1/test/cljd-out/yin/vm/linker/dht-end-to-end-test_test.dart: null yin.vm.linker.dht-end-to-end-test/a-proof-over-another-envelope-does-not-resolve
08:30 +747: /Users/sto/workspace/datomworld-py-c3int1/test/cljd-out/yin/vm/linker-manifest-test_test.dart: null yin.vm.linker-manifest-test/a-manifest-declaring-another-name-is-module-name-mismatch
08:30 +748: /Users/sto/workspace/datomworld-py-c3int1/test/cljd-out/yin/vm/linker-manifest-test_test.dart: null yin.vm.linker-manifest-test/the-manifest-index-resolves-the-images-it-names
08:30 +749: /Users/sto/workspace/datomworld-py-c3int1/test/cljd-out/yin/vm/linker-manifest-test_test.dart: null yin.vm.linker-manifest-test/a-free-name-the-manifest-never-declares-is-undeclared-free
08:30 +750: /Users/sto/workspace/datomworld-py-c3int1/test/cljd-out/yin/vm/linker-manifest-test_test.dart: null yin.vm.linker-manifest-test/another-schema-version-is-a-schema-defect
08:30 +751: /Users/sto/workspace/datomworld-py-c3int1/test/cljd-out/yin/vm/linker-manifest-test_test.dart: null yin.vm.linker-manifest-test/a-record-of-the-wrong-op-or-shape-is-a-defect
08:30 +752: /Users/sto/workspace/datomworld-py-c3int1/test/cljd-out/yin/vm/linker-manifest-test_test.dart: null yin.vm.linker-manifest-test/the-fallbacks-read-derivations-from-the-manifest
08:30 +753: /Users/sto/workspace/datomworld-py-c3int1/test/cljd-out/yin/vm/linker-manifest-test_test.dart: null yin.vm.linker-manifest-test/a-declared-obligation-without-an-address-resolves-nothing
08:30 +754: /Users/sto/workspace/datomworld-py-c3int1/test/cljd-out/yin/vm/linker-manifest-test_test.dart: null yin.vm.linker-manifest-test/a-manifest-stamping-another-contract-is-contract-mismatch
08:30 +755: /Users/sto/workspace/datomworld-py-c3int1/test/cljd-out/yin/vm/linker-manifest-test_test.dart: null yin.vm.linker-manifest-test/a-manifest-declaring-the-definition-operator-is-reserved-name
08:30 +756: /Users/sto/workspace/datomworld-py-c3int1/test/cljd-out/yin/vm/linker-manifest-test_test.dart: null yin.vm.linker-manifest-test/a-non-map-manifest-is-a-shape-defect
08:30 +757: /Users/sto/workspace/datomworld-py-c3int1/test/cljd-out/yin/vm/linker-manifest-test_test.dart: null yin.vm.linker-manifest-test/manifests-and-records-verify-as-content
08:30 +758: /Users/sto/workspace/datomworld-py-c3int1/test/cljd-out/yin/vm/linker-manifest-test_test.dart: null yin.vm.linker-manifest-test/one-four-way-manifest-links-through-all-four-kernels
08:31 +759: /Users/sto/workspace/datomworld-py-c3int1/test/cljd-out/yin/vm/semantic-stream-observer-test_test.dart: null yin.vm.semantic-stream-observer-test/a-blocked-program-holds-the-next-batch-test
08:31 +760: /Users/sto/workspace/datomworld-py-c3int1/test/cljd-out/yin/vm/semantic-stream-observer-test_test.dart: null yin.vm.semantic-stream-observer-test/a-blocked-program-holds-the-next-batch-test
08:31 +761: /Users/sto/workspace/datomworld-py-c3int1/test/cljd-out/yin/vm/semantic-stream-observer-test_test.dart: null yin.vm.semantic-stream-observer-test/a-blocked-program-holds-the-next-batch-test
08:31 +762: /Users/sto/workspace/datomworld-py-c3int1/test/cljd-out/yin/vm/semantic-stream-observer-test_test.dart: null yin.vm.semantic-stream-observer-test/a-blocked-program-holds-the-next-batch-test
08:31 +763: /Users/sto/workspace/datomworld-py-c3int1/test/cljd-out/yin/vm/linker-manifest-test_test.dart: null yin.vm.linker-manifest-test/records-leading-from-another-tree-are-derivation-mismatch
08:31 +764: /Users/sto/workspace/datomworld-py-c3int1/test/cljd-out/yin/vm/semantic-stream-observer-test_test.dart: null yin.vm.semantic-stream-observer-test/the-two-observer-stages-compose-end-to-end-test
08:31 +765: /Users/sto/workspace/datomworld-py-c3int1/test/cljd-out/yin/vm/semantic-stream-observer-test_test.dart: null yin.vm.semantic-stream-observer-test/an-idle-step-waits-for-the-observer-test
08:31 +766: /Users/sto/workspace/datomworld-py-c3int1/test/cljd-out/yin/vm/semantic-stream-observer-test_test.dart: null yin.vm.semantic-stream-observer-test/a-malformed-row-set-is-rejected-by-the-row-fed-loader-test
08:31 +767: /Users/sto/workspace/datomworld-py-c3int1/test/cljd-out/yin/vm/semantic-stream-observer-test_test.dart: null yin.vm.semantic-stream-observer-test/a-code-medium-needs-no-lowering-test
08:31 +768: /Users/sto/workspace/datomworld-py-c3int1/test/cljd-out/yin/vm/semantic-stream-observer-test_test.dart: null yin.vm.semantic-stream-observer-test/successive-batches-run-test
08:31 +769: /Users/sto/workspace/datomworld-py-c3int1/test/cljd-out/yin/vm/semantic-stream-observer-test_test.dart: null yin.vm.semantic-stream-observer-test/source-envelope-projects-occurrence-side-tables
08:31 +770: /Users/sto/workspace/datomworld-py-c3int1/test/cljd-out/yin/vm/semantic-stream-observer-test_test.dart: null yin.vm.semantic-stream-observer-test/ingress-across-a-gap-test
08:31 +771: /Users/sto/workspace/datomworld-py-c3int1/test/cljd-out/yin/vm/semantic-stream-observer-test_test.dart: null yin.vm.semantic-stream-observer-test/a-queued-row-set-runs-test
08:31 +772: /Users/sto/workspace/datomworld-py-c3int1/test/cljd-out/yin/vm/semantic-stream-observer-test_test.dart: null yin.vm.semantic-stream-observer-test/the-datom-lane-stays-a-legal-composition-test
08:31 +773: /Users/sto/workspace/datomworld-py-c3int1/test/cljd-out/yin/vm/semantic-stream-observer-test_test.dart: null yin.vm.semantic-stream-observer-test/datom-adapter-records-every-path-of-a-shared-entity
08:31 +774: /Users/sto/workspace/datomworld-py-c3int1/test/cljd-out/yin/vm/semantic-stream-observer-test_test.dart: null yin.vm.semantic-stream-observer-test/definitions-persist-across-batches-test
08:33 +775: /Users/sto/workspace/datomworld-py-c3int1/test/cljd-out/yin/vm/cell-test_test.dart: null yin.vm.cell-test/every-vm-starts-with-an-empty-heap-test
08:33 +776: /Users/sto/workspace/datomworld-py-c3int1/test/cljd-out/yin/vm/cell-test_test.dart: null yin.vm.cell-test/foreign-task-ref-refused-test
08:33 +777: /Users/sto/workspace/datomworld-py-c3int1/test/cljd-out/yin/vm/cell-test_test.dart: null yin.vm.cell-test/ref-equality-is-cell-identity-test
08:33 +778: /Users/sto/workspace/datomworld-py-c3int1/test/cljd-out/yin/vm/cell-test_test.dart: null yin.vm.cell-test/set-answers-the-written-value-test
08:33 +779: /Users/sto/workspace/datomworld-py-c3int1/test/cljd-out/yin/vm/cell-test_test.dart: null yin.vm.cell-test/spawned-module-child-starts-with-an-empty-heap-test
08:33 +780: /Users/sto/workspace/datomworld-py-c3int1/test/cljd-out/yin/vm/cell-test_test.dart: null yin.vm.cell-test/lift-of-a-bare-cell-ref-is-refused-test
08:33 +781: /Users/sto/workspace/datomworld-py-c3int1/test/cljd-out/yin/vm/cell-test_test.dart: null yin.vm.cell-test/cell-holding-nil-test
08:33 +782: /Users/sto/workspace/datomworld-py-c3int1/test/cljd-out/yin/vm/cell-test_test.dart: null yin.vm.cell-test/distinct-cells-per-activation-test
08:33 +783: /Users/sto/workspace/datomworld-py-c3int1/test/cljd-out/yin/vm/cell-test_test.dart: null yin.vm.cell-test/ref-as-map-key-and-nested-value-test
08:34 +784: /Users/sto/workspace/datomworld-py-c3int1/test/cljd-out/yin/vm/cell-test_test.dart: null yin.vm.cell-test/mutation-survives-multi-shot-re-entry-test
08:34 +785: /Users/sto/workspace/datomworld-py-c3int1/test/cljd-out/yin/vm/cell-test_test.dart: null yin.vm.cell-test/completion-over-a-cell-is-not-complete-test
08:34 +786: /Users/sto/workspace/datomworld-py-c3int1/test/cljd-out/yin/vm/cell-test_test.dart: null yin.vm.cell-test/counter-shared-by-two-closures-test
08:34 +787: /Users/sto/workspace/datomworld-py-c3int1/test/cljd-out/yin/vm/cell-test_test.dart: null yin.vm.cell-test/cell-holding-an-effect-shaped-map-test
08:34 +788: /Users/sto/workspace/datomworld-py-c3int1/test/cljd-out/yin/vm/cell-test_test.dart: null yin.vm.cell-test/mutation-survives-an-abortive-escape-test
08:34 +789: /Users/sto/workspace/datomworld-py-c3int1/test/cljd-out/yin/vm/cell-test_test.dart: null yin.vm.cell-test/self-referential-cell-test
08:34 +790: /Users/sto/workspace/datomworld-py-c3int1/test/cljd-out/yin/vm/cell-test_test.dart: null yin.vm.cell-test/lift-of-a-closure-over-a-cell-is-refused-test
08:34 +791: /Users/sto/workspace/datomworld-py-c3int1/test/cljd-out/yin/vm/cell-test_test.dart: null yin.vm.cell-test/forged-cell-ref-refused-test
08:34 +792: /Users/sto/workspace/datomworld-py-c3int1/test/cljd-out/yin/vm/debruijn-register-benchmark-test_test.dart: null yin.vm.debruijn-register-benchmark-test/benchmark-report-test

[R3] de Bruijn stack VM vs register VM (informational)

[R3] tail-countdown (10 timed runs, value 0)
  stack    run=10.181ms lower=0.658ms load=3.599ms instrs=56 bytes=998 steps=10518 peak-frames=1 peak-cont=0
  register run=17.053ms lower=1.644ms load=10.504ms instrs=35 bytes=4295 steps=6012 peak-frames=1 peak-cont=0
  register/stack: run=1.674 lower=2.497 load=2.918 steps=0.571 bytes=4.303

[R3] fibonacci (10 timed runs, value 144)
  stack    run=12.111ms lower=0.894ms load=4.452ms instrs=92 bytes=1618 steps=11850 peak-frames=1 peak-cont=11
  register run=23.049ms lower=1.771ms load=15.289ms instrs=53 bytes=7059 steps=6740 peak-frames=1 peak-cont=11
  register/stack: run=1.903 lower=1.981 load=3.433 steps=0.568 bytes=4.362
08:37 +793: /Users/sto/workspace/datomworld-py-c3int1/test/cljd-out/yin/vm/debruijn-register-benchmark-test_test.dart: null yin.vm.debruijn-register-benchmark-test/benchmark-report-test
08:37 +794: /Users/sto/workspace/datomworld-py-c3int1/test/cljd-out/yin/vm/debruijn-register-benchmark-test_test.dart: null yin.vm.debruijn-register-benchmark-test/benchmark-report-test
08:37 +795: /Users/sto/workspace/datomworld-py-c3int1/test/cljd-out/yin/vm/debruijn-register-benchmark-test_test.dart: null yin.vm.debruijn-register-benchmark-test/benchmark-report-test
08:37 +796: /Users/sto/workspace/datomworld-py-c3int1/test/cljd-out/yin/vm/debruijn-register-benchmark-test_test.dart: null yin.vm.debruijn-register-benchmark-test/benchmark-report-test
08:37 +797: /Users/sto/workspace/datomworld-py-c3int1/test/cljd-out/yin/vm/debruijn-register-benchmark-test_test.dart: null yin.vm.debruijn-register-benchmark-test/benchmark-report-test
08:37 +798: /Users/sto/workspace/datomworld-py-c3int1/test/cljd-out/yin/vm/debruijn-register-benchmark-test_test.dart: null yin.vm.debruijn-register-benchmark-test/benchmark-report-test
08:38 +799: /Users/sto/workspace/datomworld-py-c3int1/test/cljd-out/yin/vm/debruijn-register-benchmark-test_test.dart: null yin.vm.debruijn-register-benchmark-test/benchmark-report-test
08:38 +800: /Users/sto/workspace/datomworld-py-c3int1/test/cljd-out/yin/vm/debruijn-register-benchmark-test_test.dart: null yin.vm.debruijn-register-benchmark-test/benchmark-report-test

[R3] lexical-binding (50 timed runs, value 36)
  stack    run=3.509ms lower=0.661ms load=3.784ms instrs=92 bytes=1541 steps=84 peak-frames=8 peak-cont=0
  register run=14.677ms lower=1.159ms load=14.975ms instrs=55 bytes=7702 steps=46 peak-frames=8 peak-cont=0
  register/stack: run=4.181 lower=1.752 load=3.957 steps=0.547 bytes=4.998
08:38 +801: /Users/sto/workspace/datomworld-py-c3int1/test/cljd-out/yin/vm/debruijn-register-benchmark-test_test.dart: null yin.vm.debruijn-register-benchmark-test/benchmark-report-test
08:38 +802: /Users/sto/workspace/datomworld-py-c3int1/test/cljd-out/yin/vm/debruijn-register-benchmark-test_test.dart: null yin.vm.debruijn-register-benchmark-test/benchmark-report-test
08:38 +803: /Users/sto/workspace/datomworld-py-c3int1/test/cljd-out/yin/vm/debruijn-register-benchmark-test_test.dart: null yin.vm.debruijn-register-benchmark-test/benchmark-report-test

[R3] corpus: literal map (50 timed runs, value {:x 10, :y 20})
  stack    run=0.802ms lower=0.015ms load=0.815ms instrs=2 bytes=128 steps=2 peak-frames=0 peak-cont=0
  register run=1.449ms lower=0.062ms load=1.428ms instrs=2 bytes=359 steps=2 peak-frames=0 peak-cont=0
  register/stack: run=1.805 lower=4.091 load=1.752 steps=1.0 bytes=2.804

[R3] corpus: addition (50 timed runs, value 30)
  stack    run=0.833ms lower=0.052ms load=0.827ms instrs=8 bytes=127 steps=8 peak-frames=0 peak-cont=0
  register run=1.586ms lower=0.099ms load=1.601ms instrs=5 bytes=614 steps=5 peak-frames=0 peak-cont=0
  register/stack: run=1.904 lower=1.876 load=1.935 steps=0.625 bytes=4.834

[R3] corpus: nested application (50 timed runs, value 6)
  stack    run=1.216ms lower=0.128ms load=1.07ms instrs=14 bytes=224 steps=14 peak-frames=0 peak-cont=0
  register run=2.429ms lower=0.145ms load=2.252ms instrs=8 bytes=1019 steps=8 peak-frames=0 peak-cont=0
  register/stack: run=1.996 lower=1.128 load=2.103 steps=0.571 bytes=4.549

[R3] corpus: if true branch (50 timed runs, value 100)
  stack    run=0.994ms lower=0.077ms load=0.98ms instrs=12 bytes=219 steps=11 peak-frames=0 peak-cont=0
  register run=2.275ms lower=0.137ms load=2.648ms instrs=9 bytes=942 steps=8 peak-frames=0 peak-cont=0
  register/stack: run=2.287 lower=1.783 load=2.701 steps=0.727 bytes=4.301

[R3] corpus: if false branch (50 timed runs, value 200)
  stack    run=1.041ms lower=0.077ms load=1.182ms instrs=12 bytes=219 steps=10 peak-frames=0 peak-cont=0
  register run=2.276ms lower=0.147ms load=2.203ms instrs=9 bytes=942 steps=7 peak-frames=0 peak-cont=0
  register/stack: run=2.185 lower=1.887 load=1.863 steps=0.7 bytes=4.301

[R3] corpus: lambda application (50 timed runs, value 11)
  stack    run=1.075ms lower=0.091ms load=1.029ms instrs=14 bytes=231 steps=14 peak-frames=1 peak-cont=1
  register run=2.961ms lower=0.167ms load=2.76ms instrs=9 bytes=1167 steps=9 peak-frames=1 peak-cont=1
  register/stack: run=2.754 lower=1.818 load=2.68 steps=0.642 bytes=5.051
08:40 +804: /Users/sto/workspace/datomworld-py-c3int1/test/cljd-out/yin/vm/debruijn-register-benchmark-test_test.dart: null yin.vm.debruijn-register-benchmark-test/benchmark-report-test
08:40 +805: /Users/sto/workspace/datomworld-py-c3int1/test/cljd-out/yin/vm/debruijn-register-benchmark-test_test.dart: null yin.vm.debruijn-register-benchmark-test/benchmark-report-test
08:40 +806: /Users/sto/workspace/datomworld-py-c3int1/test/cljd-out/yin/vm/debruijn-register-benchmark-test_test.dart: null yin.vm.debruijn-register-benchmark-test/benchmark-report-test
08:40 +807: /Users/sto/workspace/datomworld-py-c3int1/test/cljd-out/yin/vm/debruijn-register-benchmark-test_test.dart: null yin.vm.debruijn-register-benchmark-test/benchmark-report-test
08:40 +808: /Users/sto/workspace/datomworld-py-c3int1/test/cljd-out/yin/vm/debruijn-register-benchmark-test_test.dart: null yin.vm.debruijn-register-benchmark-test/benchmark-report-test

[R3] corpus: closure value (50 timed runs, value {:type :closure, :arity 1})
  stack    run=0.793ms lower=0.031ms load=0.674ms instrs=4 bytes=72 steps=2 peak-frames=0 peak-cont=0
  register run=1.612ms lower=0.064ms load=1.6ms instrs=4 bytes=583 steps=2 peak-frames=0 peak-cont=0
  register/stack: run=2.031 lower=2.084 load=2.371 steps=1.0 bytes=8.097
08:40 +809: /Users/sto/workspace/datomworld-py-c3int1/test/cljd-out/yin/vm/debruijn-register-benchmark-test_test.dart: null yin.vm.debruijn-register-benchmark-test/benchmark-report-test
08:41 +810: /Users/sto/workspace/datomworld-py-c3int1/test/cljd-out/yin/vm/debruijn-register-benchmark-test_test.dart: null yin.vm.debruijn-register-benchmark-test/benchmark-report-test
08:41 +811: /Users/sto/workspace/datomworld-py-c3int1/test/cljd-out/yin/vm/debruijn-register-benchmark-test_test.dart: null yin.vm.debruijn-register-benchmark-test/benchmark-report-test

[R3] corpus: higher order (50 timed runs, value 15)
  stack    run=1.44ms lower=0.109ms load=1.224ms instrs=20 bytes=335 steps=20 peak-frames=1 peak-cont=2
  register run=3.954ms lower=0.21ms load=3.53ms instrs=13 bytes=1720 steps=13 peak-frames=1 peak-cont=2
  register/stack: run=2.744 lower=1.915 load=2.883 steps=0.65 bytes=5.134
08:41 +812: /Users/sto/workspace/datomworld-py-c3int1/test/cljd-out/yin/vm/debruijn-register-benchmark-test_test.dart: null yin.vm.debruijn-register-benchmark-test/benchmark-report-test
08:41 +813: /Users/sto/workspace/datomworld-py-c3int1/test/cljd-out/yin/vm/debruijn-register-benchmark-test_test.dart: null yin.vm.debruijn-register-benchmark-test/benchmark-report-test

[R3] corpus: collection primitives (50 timed runs, value 9)
  stack    run=0.832ms lower=0.038ms load=0.863ms instrs=6 bytes=163 steps=6 peak-frames=0 peak-cont=0
  register run=1.531ms lower=0.064ms load=1.545ms instrs=4 bytes=567 steps=4 peak-frames=0 peak-cont=0
  register/stack: run=1.839 lower=1.678 load=1.789 steps=0.666 bytes=3.478
08:41 +814: /Users/sto/workspace/datomworld-py-c3int1/test/cljd-out/yin/vm/host-typed-values-test_test.dart: null yin.vm.host-typed-values-test/a-foreign-closure-refuses-to-lift-test
08:41 +815: /Users/sto/workspace/datomworld-py-c3int1/test/cljd-out/yin/vm/host-typed-values-test_test.dart: null yin.vm.host-typed-values-test/a-foreign-closure-refuses-to-lift-test
08:41 +816: /Users/sto/workspace/datomworld-py-c3int1/test/cljd-out/yin/vm/debruijn-register-benchmark-test_test.dart: null yin.vm.debruijn-register-benchmark-test/workload-values-test
08:41 +817: /Users/sto/workspace/datomworld-py-c3int1/test/cljd-out/yin/vm/debruijn-register-benchmark-test_test.dart: null yin.vm.debruijn-register-benchmark-test/workload-values-test
08:41 +818: /Users/sto/workspace/datomworld-py-c3int1/test/cljd-out/yin/vm/host-typed-values-test_test.dart: null yin.vm.host-typed-values-test/a-value-handed-raw-to-another-task-refuses-test
08:41 +819: /Users/sto/workspace/datomworld-py-c3int1/test/cljd-out/yin/vm/host-typed-values-test_test.dart: null yin.vm.host-typed-values-test/a-value-handed-raw-to-another-task-refuses-test
08:41 +820: /Users/sto/workspace/datomworld-py-c3int1/test/cljd-out/yin/vm/host-typed-values-test_test.dart: null yin.vm.host-typed-values-test/a-closure-or-continuation-prints-opaquely-test
08:41 +821: /Users/sto/workspace/datomworld-py-c3int1/test/cljd-out/yin/vm/host-typed-values-test_test.dart: null yin.vm.host-typed-values-test/a-lower-takes-its-binders-from-the-attached-lambda-test
08:42 +822: /Users/sto/workspace/datomworld-py-c3int1/test/cljd-out/yin/vm/host-typed-values-test_test.dart: null yin.vm.host-typed-values-test/a-guest-frame-shaped-map-keeps-its-cell-test
08:42 +823: /Users/sto/workspace/datomworld-py-c3int1/test/cljd-out/yin/vm/host-typed-values-test_test.dart: null yin.vm.host-typed-values-test/two-runs-give-equal-vm-states-test
08:42 +824: /Users/sto/workspace/datomworld-py-c3int1/test/cljd-out/yin/vm/debruijn-register-contract-test_test.dart: null yin.vm.debruijn-register-contract-test/descriptor-field-list-has-every-declared-field
08:42 +825: /Users/sto/workspace/datomworld-py-c3int1/test/cljd-out/yin/vm/debruijn-register-contract-test_test.dart: null yin.vm.debruijn-register-contract-test/descriptor-declared-instructions-are-in-section-four-fours-instruction-set
08:42 +826: /Users/sto/workspace/datomworld-py-c3int1/test/cljd-out/yin/vm/debruijn-register-contract-test_test.dart: null yin.vm.debruijn-register-contract-test/address-law-holds-over-b2s-duplicate-and-shared-occurrence-fixtures
08:42 +827: /Users/sto/workspace/datomworld-py-c3int1/test/cljd-out/yin/vm/debruijn-register-contract-test_test.dart: null yin.vm.debruijn-register-contract-test/descriptor-contract-version-field-matches-the-frozen-constant
08:42 +828: /Users/sto/workspace/datomworld-py-c3int1/test/cljd-out/yin/vm/debruijn-register-contract-test_test.dart: null yin.vm.debruijn-register-contract-test/all-mappings-name-only-section-four-four-instructions
08:42 +829: /Users/sto/workspace/datomworld-py-c3int1/test/cljd-out/yin/vm/debruijn-register-contract-test_test.dart: null yin.vm.debruijn-register-contract-test/address-law-holds-over-the-b0-parity-corpus
08:42 +830: /Users/sto/workspace/datomworld-py-c3int1/test/cljd-out/yin/vm/debruijn-register-contract-test_test.dart: null yin.vm.debruijn-register-contract-test/register-contract-version-is-a-frozen-positive-integer
08:42 +831: /Users/sto/workspace/datomworld-py-c3int1/test/cljd-out/yin/vm/debruijn-register-contract-test_test.dart: null yin.vm.debruijn-register-contract-test/operand-mapping-covers-every-resolver-node-type-exactly
08:42 +832: /Users/sto/workspace/datomworld-py-c3int1/test/cljd-out/yin/vm/debruijn-register-contract-test_test.dart: null yin.vm.debruijn-register-contract-test/descriptor-lexical-and-free-addressing-match-the-operand-mapping
08:43 +833: /Users/sto/workspace/datomworld-py-c3int1/test/cljd-out/yin/vm/telemetry-test_test.dart: null yin.vm.telemetry-test/disabled-vms-emit-nothing-by-default-test
08:44 +834: /Users/sto/workspace/datomworld-py-c3int1/test/cljd-out/yin/vm/telemetry-test_test.dart: null yin.vm.telemetry-test/counters-are-monotonic-across-steps-test
08:44 +835: /Users/sto/workspace/datomworld-py-c3int1/test/cljd-out/yin/vm/telemetry-test_test.dart: null yin.vm.telemetry-test/bridge-dispatch-emits-and-preserves-resumed-state-test
08:44 +836: /Users/sto/workspace/datomworld-py-c3int1/test/cljd-out/yin/vm/telemetry-test_test.dart: null yin.vm.telemetry-test/snapshots-carry-root-facts-and-component-refs-test
08:44 +837: /Users/sto/workspace/datomworld-py-c3int1/test/cljd-out/yin/vm/telemetry-test_test.dart: null yin.vm.telemetry-test/semantic-smoke-test
08:44 +838: /Users/sto/workspace/datomworld-py-c3int1/test/cljd-out/yin/vm/telemetry-test_test.dart: null yin.vm.telemetry-test/ast-walker-smoke-test
08:44 +839: /Users/sto/workspace/datomworld-py-c3int1/test/cljd-out/yin/vm/telemetry-test_test.dart: null yin.vm.telemetry-test/enabled-vms-write-datoms-to-the-provided-sink-test
08:44 +840: /Users/sto/workspace/datomworld-py-c3int1/test/cljd-out/yin/vm/telemetry-test_test.dart: null yin.vm.telemetry-test/summaries-never-embed-raw-handles-or-host-functions-test
08:44 +841: /Users/sto/workspace/datomworld-py-c3int1/test/cljd-out/yin/vm/telemetry-test_test.dart: null yin.vm.telemetry-test/store-summaries-preserve-stream-and-cursor-identities-test
08:45 +842: /Users/sto/workspace/datomworld-py-c3int1/test/cljd-out/yin/vm/attach-image-test_test.dart: null yin.vm.attach-image-test/walker-attach-adds-rows-and-extends-the-index-test
08:45 +843: /Users/sto/workspace/datomworld-py-c3int1/test/cljd-out/yin/vm/attach-image-test_test.dart: null yin.vm.attach-image-test/semantic-closure-entry-outside-its-image-is-refused-test
08:46 +844: /Users/sto/workspace/datomworld-py-c3int1/test/cljd-out/yin/vm/attach-image-test_test.dart: null yin.vm.attach-image-test/semantic-exported-closure-lowers-per-receiver-test
08:46 +845: /Users/sto/workspace/datomworld-py-c3int1/test/cljd-out/yin/vm/attach-image-test_test.dart: null yin.vm.attach-image-test/walker-parked-entry-restores-after-an-attach-test
08:46 +846: /Users/sto/workspace/datomworld-py-c3int1/test/cljd-out/yin/vm/attach-image-test_test.dart: null yin.vm.attach-image-test/stack-continuation-lifted-after-attach-rebases-test
08:46 +847: /Users/sto/workspace/datomworld-py-c3int1/test/cljd-out/yin/vm/attach-image-test_test.dart: null yin.vm.attach-image-test/register-entry-parked-after-an-attach-restores-test
08:46 +848: /Users/sto/workspace/datomworld-py-c3int1/test/cljd-out/yin/vm/attach-image-test_test.dart: null yin.vm.attach-image-test/walker-load-annotates-lambda-nodes-and-closures-test
08:46 +849: /Users/sto/workspace/datomworld-py-c3int1/test/cljd-out/yin/vm/attach-image-test_test.dart: null yin.vm.attach-image-test/register-call-in-flight-survives-a-nested-attach-test
08:46 +850: /Users/sto/workspace/datomworld-py-c3int1/test/cljd-out/yin/vm/attach-image-test_test.dart: null yin.vm.attach-image-test/walker-row-nodes-are-decoded-once-and-held-test
08:46 +851: /Users/sto/workspace/datomworld-py-c3int1/test/cljd-out/yin/vm/attach-image-test_test.dart: null yin.vm.attach-image-test/stack-exported-closure-relocates-per-receiver-test
08:46 +852: /Users/sto/workspace/datomworld-py-c3int1/test/cljd-out/yin/vm/attach-image-test_test.dart: null yin.vm.attach-image-test/stack-parked-entry-restores-after-an-attach-test
08:46 +853: /Users/sto/workspace/datomworld-py-c3int1/test/cljd-out/yin/vm/attach-image-test_test.dart: null yin.vm.attach-image-test/semantic-attach-mints-a-local-id-and-an-alias-test
08:46 +854: /Users/sto/workspace/datomworld-py-c3int1/test/cljd-out/yin/vm/attach-image-test_test.dart: null yin.vm.attach-image-test/stack-empty-attach-and-out-of-range-pcs-test
08:46 +855: /Users/sto/workspace/datomworld-py-c3int1/test/cljd-out/yin/vm/attach-image-test_test.dart: null yin.vm.attach-image-test/register-exported-closure-relocates-per-receiver-test
08:46 +856: /Users/sto/workspace/datomworld-py-c3int1/test/cljd-out/yin/vm/attach-image-test_test.dart: null yin.vm.attach-image-test/register-empty-attach-and-out-of-range-pcs-test
08:46 +857: /Users/sto/workspace/datomworld-py-c3int1/test/cljd-out/yin/vm/attach-image-test_test.dart: null yin.vm.attach-image-test/walker-shared-body-lifts-from-its-recorded-row-test
08:46 +858: /Users/sto/workspace/datomworld-py-c3int1/test/cljd-out/yin/vm/attach-image-test_test.dart: null yin.vm.attach-image-test/register-parked-entry-restores-after-an-attach-test
08:46 +859: /Users/sto/workspace/datomworld-py-c3int1/test/cljd-out/yin/vm/attach-image-test_test.dart: null yin.vm.attach-image-test/semantic-parked-entry-restores-after-an-attach-test
08:46 +860: /Users/sto/workspace/datomworld-py-c3int1/test/cljd-out/yin/vm/attach-image-test_test.dart: null yin.vm.attach-image-test/stack-attach-appends-relocated-and-records-a-row-test
08:46 +861: /Users/sto/workspace/datomworld-py-c3int1/test/cljd-out/yin/vm/attach-image-test_test.dart: null yin.vm.attach-image-test/register-attach-appends-relocated-and-records-a-row-test
08:46 +862: /Users/sto/workspace/datomworld-py-c3int1/test/cljd-out/yin/vm/attach-image-test_test.dart: null yin.vm.attach-image-test/register-entry-table-must-cover-the-code-space-exactly-test
08:46 +863: /Users/sto/workspace/datomworld-py-c3int1/test/cljd-out/yin/vm/attach-image-test_test.dart: null yin.vm.attach-image-test/walker-exported-closure-lowers-structurally-equal-test
08:46 +864: /Users/sto/workspace/datomworld-py-c3int1/test/cljd-out/yin/vm/attach-image-test_test.dart: null yin.vm.attach-image-test/register-continuation-lifted-after-attach-rebases-test
08:47 +865: /Users/sto/workspace/datomworld-py-c3int1/test/cljd-out/yin/vm/data-test_test.dart: null yin.vm.data-test/dissoc-disj-test
08:47 +866: /Users/sto/workspace/datomworld-py-c3int1/test/cljd-out/yin/vm/data-test_test.dart: null yin.vm.data-test/subvec-test
08:47 +867: /Users/sto/workspace/datomworld-py-c3int1/test/cljd-out/yin/vm/data-test_test.dart: null yin.vm.data-test/peek-pop-test
08:47 +868: /Users/sto/workspace/datomworld-py-c3int1/test/cljd-out/yin/vm/data-test_test.dart: null yin.vm.data-test/count-test
08:47 +869: /Users/sto/workspace/datomworld-py-c3int1/test/cljd-out/yin/vm/data-test_test.dart: null yin.vm.data-test/every-export-is-pure-test
08:47 +870: /Users/sto/workspace/datomworld-py-c3int1/test/cljd-out/yin/vm/data-test_test.dart: null yin.vm.data-test/non-bmp-code-points-test
08:47 +871: /Users/sto/workspace/datomworld-py-c3int1/test/cljd-out/yin/vm/data-test_test.dart: null yin.vm.data-test/number?-callable?-test
08:47 +872: /Users/sto/workspace/datomworld-py-c3int1/test/cljd-out/yin/vm/data-test_test.dart: null yin.vm.data-test/str-index-of-test
08:47 +873: /Users/sto/workspace/datomworld-py-c3int1/test/cljd-out/yin/vm/data-test_test.dart: null yin.vm.data-test/code-points-str-compare-test
08:48 +874: /Users/sto/workspace/datomworld-py-c3int1/test/cljd-out/yin/vm/data-test_test.dart: null yin.vm.data-test/str-concat-length-test
08:48 +875: /Users/sto/workspace/datomworld-py-c3int1/test/cljd-out/yin/vm/data-test_test.dart: null yin.vm.data-test/arity-refusal-test
08:48 +876: /Users/sto/workspace/datomworld-py-c3int1/test/cljd-out/yin/vm/data-test_test.dart: null yin.vm.data-test/str-split-join-test
08:48 +877: /Users/sto/workspace/datomworld-py-c3int1/test/cljd-out/yin/vm/data-test_test.dart: null yin.vm.data-test/installed-only-by-composition-test
08:48 +878: /Users/sto/workspace/datomworld-py-c3int1/test/cljd-out/yin/vm/data-test_test.dart: null yin.vm.data-test/hash-set-into-test
08:48 +879: /Users/sto/workspace/datomworld-py-c3int1/test/cljd-out/yin/vm/data-test_test.dart: null yin.vm.data-test/contains?-test
08:48 +880: /Users/sto/workspace/datomworld-py-c3int1/test/cljd-out/yin/vm/data-test_test.dart: null yin.vm.data-test/effect-shaped-map-is-data-test
08:48 +881: /Users/sto/workspace/datomworld-py-c3int1/test/cljd-out/yin/vm/data-test_test.dart: null yin.vm.data-test/absent-without-registration-on-every-vm-test
08:48 +882: /Users/sto/workspace/datomworld-py-c3int1/test/cljd-out/yin/vm/data-test_test.dart: null yin.vm.data-test/program-runs-on-every-vm-test
08:49 +883: /Users/sto/workspace/datomworld-py-c3int1/test/cljd-out/yin/vm/data-test_test.dart: null yin.vm.data-test/substring-char-at-test
08:49 +884: /Users/sto/workspace/datomworld-py-c3int1/test/cljd-out/yin/vm/data-test_test.dart: null yin.vm.data-test/nth-test
08:50 +885: /Users/sto/workspace/datomworld-py-c3int1/test/cljd-out/yin/vm/linker-require-test_test.dart: null yin.vm.linker-require-test/a-response-before-the-first-poll-is-not-skipped-test
08:51 +886: /Users/sto/workspace/datomworld-py-c3int1/test/cljd-out/yin/vm/linker-require-test_test.dart: null yin.vm.linker-require-test/an-install-refuses-a-missing-export-and-a-loader-defect-test
08:51 +887: /Users/sto/workspace/datomworld-py-c3int1/test/cljd-out/yin/vm/linker-require-test_test.dart: null yin.vm.linker-require-test/a-missing-module-store-refuses-the-lift-test
08:51 +888: /Users/sto/workspace/datomworld-py-c3int1/test/cljd-out/yin/vm/linker-require-test_test.dart: null yin.vm.linker-require-test/input-after-a-tail-applied-module-closure-is-the-tasks-own-test
08:51 +889: /Users/sto/workspace/datomworld-py-c3int1/test/cljd-out/yin/vm/linker-require-test_test.dart: null yin.vm.linker-require-test/a-transitive-require-links-while-a-third-task-runs-test
08:52 +890: /Users/sto/workspace/datomworld-py-c3int1/test/cljd-out/yin/vm/linker-require-test_test.dart: null yin.vm.linker-require-test/a-module-closure-calling-another-writes-each-store-test
08:52 +891: /Users/sto/workspace/datomworld-py-c3int1/test/cljd-out/yin/vm/linker-require-test_test.dart: null yin.vm.linker-require-test/step-5b-runs-against-the-live-state-test
08:52 +892: /Users/sto/workspace/datomworld-py-c3int1/test/cljd-out/yin/vm/linker-require-test_test.dart: null yin.vm.linker-require-test/a-fabricated-reference-export-fails-the-lift-test
08:52 +893: /Users/sto/workspace/datomworld-py-c3int1/test/cljd-out/yin/vm/linker-require-test_test.dart: null yin.vm.linker-require-test/an-origin-the-scheduler-never-verified-is-foreign-test
08:52 +894: /Users/sto/workspace/datomworld-py-c3int1/test/cljd-out/yin/vm/linker-require-test_test.dart: null yin.vm.linker-require-test/install-children-and-the-root-mint-distinct-ids-test
08:53 +895: /Users/sto/workspace/datomworld-py-c3int1/test/cljd-out/yin/vm/linker-require-test_test.dart: null yin.vm.linker-require-test/install-children-and-the-root-mint-distinct-ids-test
08:53 +896: /Users/sto/workspace/datomworld-py-c3int1/test/cljd-out/yin/vm/linker-require-test_test.dart: null yin.vm.linker-require-test/install-children-and-the-root-mint-distinct-ids-test
08:53 +897: /Users/sto/workspace/datomworld-py-c3int1/test/cljd-out/yin/vm/linker-test_test.dart: null yin.vm.linker-test/a-fetch-without-explicit-bounds-is-finite
08:53 +898: /Users/sto/workspace/datomworld-py-c3int1/test/cljd-out/yin/vm/linker-require-test_test.dart: null yin.vm.linker-require-test/a-forged-resource-key-reads-nothing-test
08:53 +899: /Users/sto/workspace/datomworld-py-c3int1/test/cljd-out/yin/vm/linker-require-test_test.dart: null yin.vm.linker-require-test/a-forged-resource-key-reads-nothing-test
08:53 +900: /Users/sto/workspace/datomworld-py-c3int1/test/cljd-out/yin/vm/linker-test_test.dart: null yin.vm.linker-test/wrong-program-at-the-indexed-address-is-a-hash-mismatch
08:53 +901: /Users/sto/workspace/datomworld-py-c3int1/test/cljd-out/yin/vm/linker-require-test_test.dart: null yin.vm.linker-require-test/a-module-closure-reads-and-writes-its-own-store-test
08:54 +902: /Users/sto/workspace/datomworld-py-c3int1/test/cljd-out/yin/vm/linker-require-test_test.dart: null yin.vm.linker-require-test/a-module-closure-reads-and-writes-its-own-store-test
08:54 +903: /Users/sto/workspace/datomworld-py-c3int1/test/cljd-out/yin/vm/linker-require-test_test.dart: null yin.vm.linker-require-test/a-module-closure-reads-and-writes-its-own-store-test
08:54 +904: /Users/sto/workspace/datomworld-py-c3int1/test/cljd-out/yin/vm/linker-require-test_test.dart: null yin.vm.linker-require-test/a-module-closure-reads-and-writes-its-own-store-test
08:54 +905: /Users/sto/workspace/datomworld-py-c3int1/test/cljd-out/yin/vm/linker-require-test_test.dart: null yin.vm.linker-require-test/a-module-closure-reads-and-writes-its-own-store-test
08:54 +906: /Users/sto/workspace/datomworld-py-c3int1/test/cljd-out/yin/vm/linker-require-test_test.dart: null yin.vm.linker-require-test/a-module-closure-reads-and-writes-its-own-store-test
08:54 +907: /Users/sto/workspace/datomworld-py-c3int1/test/cljd-out/yin/vm/linker-require-test_test.dart: null yin.vm.linker-require-test/a-module-closure-reads-and-writes-its-own-store-test
08:54 +908: /Users/sto/workspace/datomworld-py-c3int1/test/cljd-out/yin/vm/linker-test_test.dart: null yin.vm.linker-test/images-transfer-over-dao-stream
08:54 +909: /Users/sto/workspace/datomworld-py-c3int1/test/cljd-out/yin/vm/linker-require-test_test.dart: null yin.vm.linker-require-test/a-body-read-applied-before-its-definition-keeps-its-obligation-test
08:54 +910: /Users/sto/workspace/datomworld-py-c3int1/test/cljd-out/yin/vm/linker-require-test_test.dart: null yin.vm.linker-require-test/a-body-read-applied-before-its-definition-keeps-its-obligation-test
08:54 +911: /Users/sto/workspace/datomworld-py-c3int1/test/cljd-out/yin/vm/linker-require-test_test.dart: null yin.vm.linker-require-test/a-body-read-applied-before-its-definition-keeps-its-obligation-test
08:54 +912: /Users/sto/workspace/datomworld-py-c3int1/test/cljd-out/yin/vm/linker-require-test_test.dart: null yin.vm.linker-require-test/a-body-read-applied-before-its-definition-keeps-its-obligation-test
08:54 +913: /Users/sto/workspace/datomworld-py-c3int1/test/cljd-out/yin/vm/linker-require-test_test.dart: null yin.vm.linker-require-test/a-body-read-applied-before-its-definition-keeps-its-obligation-test
08:54 +914: /Users/sto/workspace/datomworld-py-c3int1/test/cljd-out/yin/vm/linker-require-test_test.dart: null yin.vm.linker-require-test/a-body-read-applied-before-its-definition-keeps-its-obligation-test
08:54 +915: /Users/sto/workspace/datomworld-py-c3int1/test/cljd-out/yin/vm/linker-require-test_test.dart: null yin.vm.linker-require-test/a-body-read-applied-before-its-definition-keeps-its-obligation-test
08:54 +916: /Users/sto/workspace/datomworld-py-c3int1/test/cljd-out/yin/vm/linker-require-test_test.dart: null yin.vm.linker-require-test/a-body-read-applied-before-its-definition-keeps-its-obligation-test
08:54 +917: /Users/sto/workspace/datomworld-py-c3int1/test/cljd-out/yin/vm/linker-test_test.dart: null yin.vm.linker-test/a-definition-whose-value-is-the-quoted-symbol-links
08:54 +918: /Users/sto/workspace/datomworld-py-c3int1/test/cljd-out/yin/vm/linker-require-test_test.dart: null yin.vm.linker-require-test/two-outstanding-requires-restore-on-their-own-ids-test
08:54 +919: /Users/sto/workspace/datomworld-py-c3int1/test/cljd-out/yin/vm/linker-test_test.dart: null yin.vm.linker-test/dht-peer-with-mismatched-content-is-absent
08:54 +920: /Users/sto/workspace/datomworld-py-c3int1/test/cljd-out/yin/vm/linker-test_test.dart: null yin.vm.linker-test/dht-peer-with-mismatched-content-is-absent
08:54 +921: /Users/sto/workspace/datomworld-py-c3int1/test/cljd-out/yin/vm/linker-test_test.dart: null yin.vm.linker-test/dht-peer-with-mismatched-content-is-absent
08:54 +922: /Users/sto/workspace/datomworld-py-c3int1/test/cljd-out/yin/vm/linker-test_test.dart: null yin.vm.linker-test/dht-peer-with-mismatched-content-is-absent
08:54 +923: /Users/sto/workspace/datomworld-py-c3int1/test/cljd-out/yin/vm/linker-test_test.dart: null yin.vm.linker-test/dht-peer-with-mismatched-content-is-absent
08:54 +924: /Users/sto/workspace/datomworld-py-c3int1/test/cljd-out/yin/vm/linker-require-test_test.dart: null yin.vm.linker-require-test/a-dependency-store-crosses-with-the-child-mutations-test
08:54 +925: /Users/sto/workspace/datomworld-py-c3int1/test/cljd-out/yin/vm/linker-require-test_test.dart: null yin.vm.linker-require-test/a-dependency-store-crosses-with-the-child-mutations-test
08:54 +926: /Users/sto/workspace/datomworld-py-c3int1/test/cljd-out/yin/vm/linker-require-test_test.dart: null yin.vm.linker-require-test/a-dependency-store-crosses-with-the-child-mutations-test
08:54 +927: /Users/sto/workspace/datomworld-py-c3int1/test/cljd-out/yin/vm/linker-require-test_test.dart: null yin.vm.linker-require-test/a-dependency-store-crosses-with-the-child-mutations-test
08:55 +928: /Users/sto/workspace/datomworld-py-c3int1/test/cljd-out/yin/vm/linker-require-test_test.dart: null yin.vm.linker-require-test/a-dependency-store-crosses-with-the-child-mutations-test
08:55 +929: /Users/sto/workspace/datomworld-py-c3int1/test/cljd-out/yin/vm/linker-require-test_test.dart: null yin.vm.linker-require-test/a-dependency-store-crosses-with-the-child-mutations-test
08:55 +930: /Users/sto/workspace/datomworld-py-c3int1/test/cljd-out/yin/vm/linker-require-test_test.dart: null yin.vm.linker-require-test/a-dependency-store-crosses-with-the-child-mutations-test
08:55 +931: /Users/sto/workspace/datomworld-py-c3int1/test/cljd-out/yin/vm/linker-require-test_test.dart: null yin.vm.linker-require-test/a-dependency-store-crosses-with-the-child-mutations-test
08:55 +932: /Users/sto/workspace/datomworld-py-c3int1/test/cljd-out/yin/vm/linker-require-test_test.dart: null yin.vm.linker-require-test/a-dependency-store-crosses-with-the-child-mutations-test
08:55 +933: /Users/sto/workspace/datomworld-py-c3int1/test/cljd-out/yin/vm/linker-require-test_test.dart: null yin.vm.linker-require-test/a-dependency-store-crosses-with-the-child-mutations-test
08:55 +934: /Users/sto/workspace/datomworld-py-c3int1/test/cljd-out/yin/vm/linker-require-test_test.dart: null yin.vm.linker-require-test/a-dependency-store-crosses-with-the-child-mutations-test
08:55 +935: /Users/sto/workspace/datomworld-py-c3int1/test/cljd-out/yin/vm/linker-require-test_test.dart: null yin.vm.linker-require-test/a-dependency-store-crosses-with-the-child-mutations-test
08:55 +936: /Users/sto/workspace/datomworld-py-c3int1/test/cljd-out/yin/vm/linker-require-test_test.dart: null yin.vm.linker-require-test/a-dependency-store-crosses-with-the-child-mutations-test
08:55 +937: /Users/sto/workspace/datomworld-py-c3int1/test/cljd-out/yin/vm/linker-require-test_test.dart: null yin.vm.linker-require-test/a-dependency-store-crosses-with-the-child-mutations-test
08:55 +938: /Users/sto/workspace/datomworld-py-c3int1/test/cljd-out/yin/vm/linker-require-test_test.dart: null yin.vm.linker-require-test/a-dependency-store-crosses-with-the-child-mutations-test
08:55 +939: /Users/sto/workspace/datomworld-py-c3int1/test/cljd-out/yin/vm/linker-require-test_test.dart: null yin.vm.linker-require-test/a-dependency-store-crosses-with-the-child-mutations-test
08:55 +940: /Users/sto/workspace/datomworld-py-c3int1/test/cljd-out/yin/vm/linker-require-test_test.dart: null yin.vm.linker-require-test/a-dependency-store-crosses-with-the-child-mutations-test
08:55 +941: /Users/sto/workspace/datomworld-py-c3int1/test/cljd-out/yin/vm/linker-require-test_test.dart: null yin.vm.linker-require-test/a-dependency-store-crosses-with-the-child-mutations-test
08:55 +942: /Users/sto/workspace/datomworld-py-c3int1/test/cljd-out/yin/vm/linker-require-test_test.dart: null yin.vm.linker-require-test/a-dependency-store-crosses-with-the-child-mutations-test
08:55 +943: /Users/sto/workspace/datomworld-py-c3int1/test/cljd-out/yin/vm/linker-require-test_test.dart: null yin.vm.linker-require-test/a-dependency-store-crosses-with-the-child-mutations-test
08:55 +944: /Users/sto/workspace/datomworld-py-c3int1/test/cljd-out/yin/vm/linker-require-test_test.dart: null yin.vm.linker-require-test/a-dependency-store-crosses-with-the-child-mutations-test
08:55 +945: /Users/sto/workspace/datomworld-py-c3int1/test/cljd-out/yin/vm/linker-test_test.dart: null yin.vm.linker-test/vector-scanners-yield-position-bearing-records
08:55 +946: /Users/sto/workspace/datomworld-py-c3int1/test/cljd-out/yin/vm/linker-require-test_test.dart: null yin.vm.linker-require-test/a-marker-of-another-binding-discipline-is-refused-test
08:55 +947: /Users/sto/workspace/datomworld-py-c3int1/test/cljd-out/yin/vm/linker-require-test_test.dart: null yin.vm.linker-require-test/a-marker-of-another-binding-discipline-is-refused-test
08:55 +948: /Users/sto/workspace/datomworld-py-c3int1/test/cljd-out/yin/vm/linker-test_test.dart: null yin.vm.linker-test/ast-definitions-mark-branch-and-body-bindings-conditional
08:55 +949: /Users/sto/workspace/datomworld-py-c3int1/test/cljd-out/yin/vm/linker-require-test_test.dart: null yin.vm.linker-require-test/duplicate-late-and-abandoned-links-test
08:55 +950: /Users/sto/workspace/datomworld-py-c3int1/test/cljd-out/yin/vm/linker-require-test_test.dart: null yin.vm.linker-require-test/duplicate-late-and-abandoned-links-test
08:55 +951: /Users/sto/workspace/datomworld-py-c3int1/test/cljd-out/yin/vm/linker-require-test_test.dart: null yin.vm.linker-require-test/duplicate-late-and-abandoned-links-test
08:55 +952: /Users/sto/workspace/datomworld-py-c3int1/test/cljd-out/yin/vm/linker-require-test_test.dart: null yin.vm.linker-require-test/duplicate-late-and-abandoned-links-test
08:55 +953: /Users/sto/workspace/datomworld-py-c3int1/test/cljd-out/yin/vm/linker-require-test_test.dart: null yin.vm.linker-require-test/duplicate-late-and-abandoned-links-test
08:56 +954: /Users/sto/workspace/datomworld-py-c3int1/test/cljd-out/yin/vm/linker-require-test_test.dart: null yin.vm.linker-require-test/duplicate-late-and-abandoned-links-test
08:56 +955: /Users/sto/workspace/datomworld-py-c3int1/test/cljd-out/yin/vm/linker-require-test_test.dart: null yin.vm.linker-require-test/duplicate-late-and-abandoned-links-test
08:56 +956: /Users/sto/workspace/datomworld-py-c3int1/test/cljd-out/yin/vm/linker-require-test_test.dart: null yin.vm.linker-require-test/duplicate-late-and-abandoned-links-test
08:56 +957: /Users/sto/workspace/datomworld-py-c3int1/test/cljd-out/yin/vm/linker-require-test_test.dart: null yin.vm.linker-require-test/duplicate-late-and-abandoned-links-test
08:56 +958: /Users/sto/workspace/datomworld-py-c3int1/test/cljd-out/yin/vm/ffi/remote-serve-test_test.dart: null yin.vm.ffi.remote-serve-test/release-by-the-holder-reclaims
08:56 +959: /Users/sto/workspace/datomworld-py-c3int1/test/cljd-out/yin/vm/ffi/remote-serve-test_test.dart: null yin.vm.ffi.remote-serve-test/release-by-the-holder-reclaims
08:56 +960: /Users/sto/workspace/datomworld-py-c3int1/test/cljd-out/yin/vm/linker-require-test_test.dart: null yin.vm.linker-require-test/a-full-request-stream-retries-the-envelope-verbatim-test
08:56 +961: /Users/sto/workspace/datomworld-py-c3int1/test/cljd-out/yin/vm/linker-require-test_test.dart: null yin.vm.linker-require-test/a-full-request-stream-retries-the-envelope-verbatim-test
08:56 +962: /Users/sto/workspace/datomworld-py-c3int1/test/cljd-out/yin/vm/linker-require-test_test.dart: null yin.vm.linker-require-test/a-full-request-stream-retries-the-envelope-verbatim-test
08:56 +963: /Users/sto/workspace/datomworld-py-c3int1/test/cljd-out/yin/vm/linker-require-test_test.dart: null yin.vm.linker-require-test/a-full-request-stream-retries-the-envelope-verbatim-test
08:56 +964: /Users/sto/workspace/datomworld-py-c3int1/test/cljd-out/yin/vm/linker-test_test.dart: null yin.vm.linker-test/absent-identity-or-payload-is-refused
08:56 +965: /Users/sto/workspace/datomworld-py-c3int1/test/cljd-out/yin/vm/ffi/remote-serve-test_test.dart: null yin.vm.ffi.remote-serve-test/close-retires-everything
08:56 +966: /Users/sto/workspace/datomworld-py-c3int1/test/cljd-out/yin/vm/linker-require-test_test.dart: null yin.vm.linker-require-test/a-stream-using-module-installs-through-dao-await-test
08:56 +967: /Users/sto/workspace/datomworld-py-c3int1/test/cljd-out/yin/vm/linker-require-test_test.dart: null yin.vm.linker-require-test/a-stream-using-module-installs-through-dao-await-test
08:56 +968: /Users/sto/workspace/datomworld-py-c3int1/test/cljd-out/yin/vm/ffi/remote-serve-test_test.dart: null yin.vm.ffi.remote-serve-test/open-refuses-each-missing-or-malformed-lease-option
08:56 +969: /Users/sto/workspace/datomworld-py-c3int1/test/cljd-out/yin/vm/linker-test_test.dart: null yin.vm.linker-test/unresolved-free-name-is-refused
08:56 +970: /Users/sto/workspace/datomworld-py-c3int1/test/cljd-out/yin/vm/linker-test_test.dart: null yin.vm.linker-test/unresolved-free-name-is-refused
08:56 +971: /Users/sto/workspace/datomworld-py-c3int1/test/cljd-out/yin/vm/linker-require-test_test.dart: null yin.vm.linker-require-test/a-publication-defect-refuses-the-install-test
08:56 +972: /Users/sto/workspace/datomworld-py-c3int1/test/cljd-out/yin/vm/linker-require-test_test.dart: null yin.vm.linker-require-test/a-publication-defect-refuses-the-install-test
08:56 +973: /Users/sto/workspace/datomworld-py-c3int1/test/cljd-out/yin/vm/linker-require-test_test.dart: null yin.vm.linker-require-test/a-publication-defect-refuses-the-install-test
08:56 +974: /Users/sto/workspace/datomworld-py-c3int1/test/cljd-out/yin/vm/linker-require-test_test.dart: null yin.vm.linker-require-test/a-publication-defect-refuses-the-install-test
08:56 +975: /Users/sto/workspace/datomworld-py-c3int1/test/cljd-out/yin/vm/ffi/remote-serve-test_test.dart: null yin.vm.ffi.remote-serve-test/serve-is-stable-per-live-handle
08:56 +976: /Users/sto/workspace/datomworld-py-c3int1/test/cljd-out/yin/vm/linker-require-test_test.dart: null yin.vm.linker-require-test/a-reference-lowers-only-where-it-can-attach-test
08:56 +977: /Users/sto/workspace/datomworld-py-c3int1/test/cljd-out/yin/vm/ffi/remote-serve-test_test.dart: null yin.vm.ffi.remote-serve-test/live-renewal-keeps-the-export-served
08:56 +978: /Users/sto/workspace/datomworld-py-c3int1/test/cljd-out/yin/vm/linker-require-test_test.dart: null yin.vm.linker-require-test/a-forged-reference-fails-at-effect-dispatch-test
08:56 +979: /Users/sto/workspace/datomworld-py-c3int1/test/cljd-out/yin/vm/linker-require-test_test.dart: null yin.vm.linker-require-test/a-forged-reference-fails-at-effect-dispatch-test
08:56 +980: /Users/sto/workspace/datomworld-py-c3int1/test/cljd-out/yin/vm/linker-require-test_test.dart: null yin.vm.linker-require-test/a-forged-reference-fails-at-effect-dispatch-test
08:56 +981: /Users/sto/workspace/datomworld-py-c3int1/test/cljd-out/yin/vm/linker-require-test_test.dart: null yin.vm.linker-require-test/a-forged-reference-fails-at-effect-dispatch-test
08:56 +982: /Users/sto/workspace/datomworld-py-c3int1/test/cljd-out/yin/vm/ffi/remote-serve-test_test.dart: null yin.vm.ffi.remote-serve-test/a-refused-frame-leaves-no-provisional-export
08:57 +983: /Users/sto/workspace/datomworld-py-c3int1/test/cljd-out/yin/vm/ffi/remote-serve-test_test.dart: null yin.vm.ffi.remote-serve-test/an-in-flight-append-at-reclaim-is-never-retried
08:57 +984: /Users/sto/workspace/datomworld-py-c3int1/test/cljd-out/yin/vm/ffi/remote-serve-test_test.dart: null yin.vm.ffi.remote-serve-test/reclaim-is-idempotent
08:57 +985: /Users/sto/workspace/datomworld-py-c3int1/test/cljd-out/yin/vm/ffi/remote-serve-test_test.dart: null yin.vm.ffi.remote-serve-test/serve-refuses-what-policy-refuses
08:57 +986: /Users/sto/workspace/datomworld-py-c3int1/test/cljd-out/yin/vm/ffi/remote-serve-test_test.dart: null yin.vm.ffi.remote-serve-test/expiry-reclaims-through-retire
08:57 +987: /Users/sto/workspace/datomworld-py-c3int1/test/cljd-out/yin/vm/ffi/remote-serve-test_test.dart: null yin.vm.ffi.remote-serve-test/step-is-a-bounded-pass
08:57 +988: /Users/sto/workspace/datomworld-py-c3int1/test/cljd-out/yin/vm/ffi/remote-serve-test_test.dart: null yin.vm.ffi.remote-serve-test/serving-grants-a-lease-to-a-served-renewal-medium
08:57 +989: /Users/sto/workspace/datomworld-py-c3int1/test/cljd-out/yin/vm/ffi/remote-serve/responder-test_test.dart: null yin.vm.ffi.remote-serve.responder-test/an-unrelated-response-leaves-the-waiter-parked
08:58 +990: /Users/sto/workspace/datomworld-py-c3int1/test/cljd-out/yin/vm/ffi/remote-serve/responder-test_test.dart: null yin.vm.ffi.remote-serve.responder-test/two-callers-on-one-pair-each-receive-their-own-result
08:58 +991: /Users/sto/workspace/datomworld-py-c3int1/test/cljd-out/yin/vm/ffi/remote-serve/responder-test_test.dart: null yin.vm.ffi.remote-serve.responder-test/a-refused-request-append-is-retained-and-retried
08:58 +992: /Users/sto/workspace/datomworld-py-c3int1/test/cljd-out/yin/vm/ffi/remote-serve/responder-test_test.dart: null yin.vm.ffi.remote-serve.responder-test/detach-and-rebind-under-the-same-identity
08:58 +993: /Users/sto/workspace/datomworld-py-c3int1/test/cljd-out/yin/vm/ffi/remote-serve/responder-test_test.dart: null yin.vm.ffi.remote-serve.responder-test/a-reclaimed-pair-answers-not-found
08:58 +994: /Users/sto/workspace/datomworld-py-c3int1/test/cljd-out/yin/vm/ffi/remote-serve/responder-test_test.dart: null yin.vm.ffi.remote-serve.responder-test/a-retained-call-lifts-at-b-and-resumes-at-a
08:58 +995: /Users/sto/workspace/datomworld-py-c3int1/test/cljd-out/yin/vm/ffi/remote-serve/responder-test_test.dart: null yin.vm.ffi.remote-serve.responder-test/a-real-vm-call-is-answered-remotely
08:58 +996: /Users/sto/workspace/datomworld-py-c3int1/test/cljd-out/yin/vm/ffi/remote-serve/responder-test_test.dart: null yin.vm.ffi.remote-serve.responder-test/a-migrated-composite-call-is-routed-on-its-carried-cell
08:58 +997: /Users/sto/workspace/datomworld-py-c3int1/test/cljd-out/yin/vm/ffi/remote-serve/responder-test_test.dart: null yin.vm.ffi.remote-serve.responder-test/an-unservable-endpoint-refuses-the-responder
08:58 +998: /Users/sto/workspace/datomworld-py-c3int1/test/cljd-out/yin/vm/ffi/remote-serve/responder-test_test.dart: null yin.vm.ffi.remote-serve.responder-test/a-request-carries-its-extra-keys-in-transit
08:58 +999: /Users/sto/workspace/datomworld-py-c3int1/test/cljd-out/yin/vm/ffi/remote-serve/responder-test_test.dart: null yin.vm.ffi.remote-serve.responder-test/nil-is-a-value-and-errors-raise
08:58 +1000: /Users/sto/workspace/datomworld-py-c3int1/test/cljd-out/yin/vm/ffi/remote-serve/responder-test_test.dart: null yin.vm.ffi.remote-serve.responder-test/a-readiness-attempt-without-a-vm-leaves-no-open-reflection
08:58 +1001: /Users/sto/workspace/datomworld-py-c3int1/test/cljd-out/yin/vm/ffi/remote-serve/responder-test_test.dart: null yin.vm.ffi.remote-serve.responder-test/a-call-in-gap-is-reported-as-loss
08:58 +1002: /Users/sto/workspace/datomworld-py-c3int1/test/cljd-out/yin/vm/ffi/remote-serve/responder-test_test.dart: null yin.vm.ffi.remote-serve.responder-test/the-readiness-step-yields-then-returns-a-real-cursor
08:58 +1003: /Users/sto/workspace/datomworld-py-c3int1/test/cljd-out/yin/vm/ffi/remote-serve/responder-test_test.dart: null yin.vm.ffi.remote-serve.responder-test/a-refused-remote-answer-leaves-the-append-unknown
08:58 +1004: /Users/sto/workspace/datomworld-py-c3int1/test/cljd-out/yin/vm/ffi/remote-serve/responder-test_test.dart: null yin.vm.ffi.remote-serve.responder-test/a-refused-response-is-retained-without-a-second-run
08:58 +1005: /Users/sto/workspace/datomworld-py-c3int1/test/cljd-out/yin/vm/ffi/remote-serve/responder-test_test.dart: null yin.vm.ffi.remote-serve.responder-test/a-pair-channel-gap-ends-the-link
08:59 +1006: /Users/sto/workspace/datomworld-py-c3int1/test/cljd-out/yin/vm/linker-step-test_test.dart: null yin.vm.linker-step-test/two-links-on-one-pair-each-complete-under-their-own-id
09:00 +1007: /Users/sto/workspace/datomworld-py-c3int1/test/cljd-out/yin/vm/linker-step-test_test.dart: null yin.vm.linker-step-test/a-terminal-client-fails-every-owed-read-closed
09:00 +1008: /Users/sto/workspace/datomworld-py-c3int1/test/cljd-out/yin/vm/linker-step-test_test.dart: null yin.vm.linker-step-test/a-request-by-name-has-no-name-environment-yet
09:00 +1009: /Users/sto/workspace/datomworld-py-c3int1/test/cljd-out/yin/vm/linker-step-test_test.dart: null yin.vm.linker-step-test/the-refusal-matrix-holds-through-step
09:00 +1010: /Users/sto/workspace/datomworld-py-c3int1/test/cljd-out/yin/vm/linker-step-test_test.dart: null yin.vm.linker-step-test/a-link-stays-pending-while-the-server-answers-one-part-per-step
09:00 +1011: /Users/sto/workspace/datomworld-py-c3int1/test/cljd-out/yin/vm/linker-step-test_test.dart: null yin.vm.linker-step-test/abandon-completes-a-link-lost-exactly-once
09:00 +1012: /Users/sto/workspace/datomworld-py-c3int1/test/cljd-out/yin/vm/linker-step-test_test.dart: null yin.vm.linker-step-test/a-full-writer-retries-the-one-request-it-owes
09:00 +1013: /Users/sto/workspace/datomworld-py-c3int1/test/cljd-out/yin/vm/linker-step-test_test.dart: null yin.vm.linker-step-test/an-oversize-base64-reply-is-refused-before-it-is-decoded
09:00 +1014: /Users/sto/workspace/datomworld-py-c3int1/test/cljd-out/yin/vm/linker-step-test_test.dart: null yin.vm.linker-step-test/a-local-fetch-is-exactly-the-stepped-traffic-over-a-handle-free-state
09:01 +1015: /Users/sto/workspace/datomworld-py-c3int1/test/cljd-out/yin/vm/linker-step-test_test.dart: null yin.vm.linker-step-test/the-format-record-is-admitted-before-the-contract
09:01 +1016: /Users/sto/workspace/datomworld-py-c3int1/test/cljd-out/yin/vm/linker-step-test_test.dart: null yin.vm.linker-step-test/the-dht-behind-the-served-boundary-answers-a-link
09:01 +1017: /Users/sto/workspace/datomworld-py-c3int1/test/cljd-out/yin/vm/linker-step-test_test.dart: null yin.vm.linker-step-test/an-addressed-instruction-stream-runs-under-its-stamp-or-is-refused
09:01 +1018: /Users/sto/workspace/datomworld-py-c3int1/test/cljd-out/yin/vm/linker-step-test_test.dart: null yin.vm.linker-step-test/a-request-carrying-a-function-or-a-handle-is-invalid-request
09:01 +1019: /Users/sto/workspace/datomworld-py-c3int1/test/cljd-out/yin/vm/pipeline-test_test.dart: null yin.vm.pipeline-test/projected-write-failure-is-reported-not-thrown
09:02 +1020: /Users/sto/workspace/datomworld-py-c3int1/test/cljd-out/yin/vm/pipeline-test_test.dart: null yin.vm.pipeline-test/named-failure-skips-projected-persistence
09:02 +1021: /Users/sto/workspace/datomworld-py-c3int1/test/cljd-out/yin/vm/pipeline-test_test.dart: null yin.vm.pipeline-test/renamed-programs-store-equal-projected-datoms
09:02 +1022: /Users/sto/workspace/datomworld-py-c3int1/test/cljd-out/yin/vm/pipeline-test_test.dart: null yin.vm.pipeline-test/envelope-build-defects-are-internal-errors-not-write-failures
09:02 +1023: /Users/sto/workspace/datomworld-py-c3int1/test/cljd-out/yin/vm/pipeline-test_test.dart: null yin.vm.pipeline-test/equal-projections-dedupe-to-one-envelope
09:02 +1024: /Users/sto/workspace/datomworld-py-c3int1/test/cljd-out/yin/vm/pipeline-test_test.dart: null yin.vm.pipeline-test/projection-defects-are-internal-errors-not-diagnostics
09:02 +1025: /Users/sto/workspace/datomworld-py-c3int1/test/cljd-out/yin/vm/pipeline-test_test.dart: null yin.vm.pipeline-test/a-request-takes-exactly-one-source
09:02 +1026: /Users/sto/workspace/datomworld-py-c3int1/test/cljd-out/yin/vm/pipeline-test_test.dart: null yin.vm.pipeline-test/a-nil-literal-round-trips-through-durable-storage
09:02 +1027: /Users/sto/workspace/datomworld-py-c3int1/test/cljd-out/yin/vm/pipeline-test_test.dart: null yin.vm.pipeline-test/values-the-file-codec-cannot-carry-are-refused-not-corrupted
09:03 +1028: /Users/sto/workspace/datomworld-py-c3int1/test/cljd-out/yin/vm/pipeline-test_test.dart: null yin.vm.pipeline-test/projection-failure-never-fails-the-named-side
09:03 +1029: /Users/sto/workspace/datomworld-py-c3int1/test/cljd-out/yin/vm/pipeline-test_test.dart: null yin.vm.pipeline-test/only-exactly-one-complete-frame-persists
09:03 +1030: /Users/sto/workspace/datomworld-py-c3int1/test/cljd-out/yin/vm/pipeline-test_test.dart: null yin.vm.pipeline-test/every-node-type-and-scalar-class-round-trips-through-durable-storage
09:03 +1031: /Users/sto/workspace/datomworld-py-c3int1/test/cljd-out/yin/vm/pipeline-test_test.dart: null yin.vm.pipeline-test/named-and-projected-persist-separately
09:03 +1032: /Users/sto/workspace/datomworld-py-c3int1/test/cljd-out/yin/vm/pipeline-test_test.dart: null yin.vm.pipeline-test/writer-answers-without-a-keyword-outcome-are-classified
09:03 +1033: /Users/sto/workspace/datomworld-py-c3int1/test/cljd-out/yin/vm/pipeline-test_test.dart: null yin.vm.pipeline-test/a-framing-gate-defect-rejects-with-its-rule-only
09:03 +1034: /Users/sto/workspace/datomworld-py-c3int1/test/cljd-out/yin/vm/pipeline-test_test.dart: null yin.vm.pipeline-test/adjacent-batches-reusing-tempids-project-independently
09:03 +1035: /Users/sto/workspace/datomworld-py-c3int1/test/cljd-out/yin/vm/pipeline-test_test.dart: null yin.vm.pipeline-test/list-literals-persist-in-memory
09:03 +1036: /Users/sto/workspace/datomworld-py-c3int1/test/cljd-out/yin/vm/pipeline-test_test.dart: null yin.vm.pipeline-test/different-programs-keep-different-identities
09:03 +1037: /Users/sto/workspace/datomworld-py-c3int1/test/cljd-out/yin/vm/pipeline-test_test.dart: null yin.vm.pipeline-test/partial-and-rootless-batches-reject-before-persistence
09:04 +1038: /Users/sto/workspace/datomworld-py-c3int1/test/cljd-out/yin/vm/ucf-test_test.dart: null yin.vm.ucf-test/activation-state-and-requirements-test
09:04 +1039: /Users/sto/workspace/datomworld-py-c3int1/test/cljd-out/yin/vm/ucf-test_test.dart: null yin.vm.ucf-test/distinction-test
09:04 +1040: /Users/sto/workspace/datomworld-py-c3int1/test/cljd-out/yin/vm/ucf-test_test.dart: null yin.vm.ucf-test/equivalence-under-saturation-and-resolution-test
09:04 +1041: /Users/sto/workspace/datomworld-py-c3int1/test/cljd-out/yin/vm/ucf-test_test.dart: null yin.vm.ucf-test/blocked-read-conformance-test
09:04 +1042: /Users/sto/workspace/datomworld-py-c3int1/test/cljd-out/yin/vm/ucf-test_test.dart: null yin.vm.ucf-test/activation-state-multi-frame-stack-bases-test
09:04 +1043: /Users/sto/workspace/datomworld-py-c3int1/test/cljd-out/yin/vm/ucf-test_test.dart: null yin.vm.ucf-test/equivalence-under-relabelling-and-reordering-test
09:04 +1044: /Users/sto/workspace/datomworld-py-c3int1/test/cljd-out/yin/vm/ucf-test_test.dart: null yin.vm.ucf-test/lexically-required-test
09:04 +1045: /Users/sto/workspace/datomworld-py-c3int1/test/cljd-out/yin/vm/ucf-test_test.dart: null yin.vm.ucf-test/stack-effect-per-parking-kind-test
09:04 +1046: /Users/sto/workspace/datomworld-py-c3int1/test/cljd-out/yin/vm/ucf-test_test.dart: null yin.vm.ucf-test/blocked-write-conformance-test
09:04 +1047: /Users/sto/workspace/datomworld-py-c3int1/test/cljd-out/yin/vm/ucf-test_test.dart: null yin.vm.ucf-test/explicit-park-conformance-test
09:04 +1048: /Users/sto/workspace/datomworld-py-c3int1/test/cljd-out/yin/vm/ucf-test_test.dart: null yin.vm.ucf-test/non-canonicalizable-test
09:04 +1049: /Users/sto/workspace/datomworld-py-c3int1/test/cljd-out/yin/vm/ucf-test_test.dart: null yin.vm.ucf-test/effectful-call-conformance-test
09:04 +1050: /Users/sto/workspace/datomworld-py-c3int1/test/cljd-out/yin/vm/ucf-test_test.dart: null yin.vm.ucf-test/canonical-vector-of-the-worked-segment-test
09:04 +1051: /Users/sto/workspace/datomworld-py-c3int1/test/cljd-out/yin/vm/ucf-test_test.dart: null yin.vm.ucf-test/ffi-call-conformance-test
09:04 +1052: /Users/sto/workspace/datomworld-py-c3int1/test/cljd-out/yin/vm/ucf-test_test.dart: null yin.vm.ucf-test/ffi-call-retained-conformance-test
09:04 +1053: /Users/sto/workspace/datomworld-py-c3int1/test/cljd-out/yin/vm/ucf-test_test.dart: null yin.vm.ucf-test/canonicalize-rethrows-non-ucf-exceptions-test
09:04 +1054: /Users/sto/workspace/datomworld-py-c3int1/test/cljd-out/yin/vm/ucf-test_test.dart: null yin.vm.ucf-test/loader-verifies-the-address-canonicalization-mints-test
09:04 +1055: /Users/sto/workspace/datomworld-py-c3int1/test/cljd-out/yin/vm/ucf-test_test.dart: null yin.vm.ucf-test/safepoint-reasons-for-park-and-ffi-call-test
09:04 +1056: /Users/sto/workspace/datomworld-py-c3int1/test/cljd-out/yin/vm/ucf-test_test.dart: null yin.vm.ucf-test/load-image-refuses-before-checking-a-claimed-hash-test
09:04 +1057: /Users/sto/workspace/datomworld-py-c3int1/test/cljd-out/yin/vm/ucf-test_test.dart: null yin.vm.ucf-test/safepoints-of-the-worked-segment-test
09:04 +1058: /Users/sto/workspace/datomworld-py-c3int1/test/cljd-out/yin/vm/ucf-test_test.dart: null yin.vm.ucf-test/code-identity-and-contract-stamp-test
09:04 +1059: /Users/sto/workspace/datomworld-py-c3int1/test/cljd-out/yin/vm/ucf-test_test.dart: null yin.vm.ucf-test/transitions-cover-the-vocabulary-test
09:04 +1060: /Users/sto/workspace/datomworld-py-c3int1/test/cljd-out/yin/vm/ucf-test_test.dart: null yin.vm.ucf-test/safepoint-table-and-lookup-test
09:05 +1061: /Users/sto/workspace/datomworld-py-c3int1/test/cljd-out/yin/vm/parity-test_test.dart: null yin.vm.parity-test/stream-round-trip-parity-test
09:06 +1062: /Users/sto/workspace/datomworld-py-c3int1/test/cljd-out/yin/vm/parity-test_test.dart: null yin.vm.parity-test/blocked-read-parity-test
09:06 +1063: /Users/sto/workspace/datomworld-py-c3int1/test/cljd-out/yin/vm/parity-test_test.dart: null yin.vm.parity-test/ffi-round-trip-parity-test
09:06 +1064: /Users/sto/workspace/datomworld-py-c3int1/test/cljd-out/yin/vm/parity-test_test.dart: null yin.vm.parity-test/ast-walker-parity-test
09:06 +1065: /Users/sto/workspace/datomworld-py-c3int1/test/cljd-out/yin/vm/parity-test_test.dart: null yin.vm.parity-test/stream-close-parity-test
09:07 +1066: /Users/sto/workspace/datomworld-py-c3int1/test/cljd-out/yin/vm/ffi-test_test.dart: null yin.vm.ffi-test/a-lost-response-raises-the-portable-ended-error-test
09:08 +1067: /Users/sto/workspace/datomworld-py-c3int1/test/cljd-out/yin/vm/ffi-test_test.dart: null yin.vm.ffi-test/installed-handlers-round-trip-test
09:08 +1068: /Users/sto/workspace/datomworld-py-c3int1/test/cljd-out/yin/vm/ffi-test_test.dart: null yin.vm.ffi-test/every-vm-kind-parks-and-resumes-under-a-composite-id-test
09:08 +1069: /Users/sto/workspace/datomworld-py-c3int1/test/cljd-out/yin/vm/ffi-test_test.dart: null yin.vm.ffi-test/manual-bridge-step-test
09:08 +1070: /Users/sto/workspace/datomworld-py-c3int1/test/cljd-out/yin/vm/ffi-test_test.dart: null yin.vm.ffi-test/bridge-cursor-is-minted-not-fabricated-test
09:08 +1071: /Users/sto/workspace/datomworld-py-c3int1/test/cljd-out/yin/vm/ffi-test_test.dart: null yin.vm.ffi-test/a-supplied-call-out-needs-a-composition-cursor-test
09:08 +1072: /Users/sto/workspace/datomworld-py-c3int1/test/cljd-out/yin/vm/ffi-test_test.dart: null yin.vm.ffi-test/end-on-the-request-stream-terminates-test
09:08 +1073: /Users/sto/workspace/datomworld-py-c3int1/test/cljd-out/yin/vm/ffi-test_test.dart: null yin.vm.ffi-test/no-call-pair-test
09:08 +1074: /Users/sto/workspace/datomworld-py-c3int1/test/cljd-out/yin/vm/ffi-test_test.dart: null yin.vm.ffi-test/full-retains-the-unsent-request-test
09:08 +1075: /Users/sto/workspace/datomworld-py-c3int1/test/cljd-out/yin/vm/ffi-test_test.dart: null yin.vm.ffi-test/completed-calls-leave-no-parked-entries-test
09:08 +1076: /Users/sto/workspace/datomworld-py-c3int1/test/cljd-out/yin/vm/ffi-test_test.dart: null yin.vm.ffi-test/a-vm-without-a-caller-token-keeps-its-local-ids-test
09:08 +1077: /Users/sto/workspace/datomworld-py-c3int1/test/cljd-out/yin/vm/ffi-test_test.dart: null yin.vm.ffi-test/full-retains-the-response-and-runs-the-handler-once-test
09:08 +1078: /Users/sto/workspace/datomworld-py-c3int1/test/cljd-out/yin/vm/ffi-test_test.dart: null yin.vm.ffi-test/gap-at-the-bridge-cursor-is-fatal-test
09:08 +1079: /Users/sto/workspace/datomworld-py-c3int1/test/cljd-out/yin/vm/ffi-test_test.dart: null yin.vm.ffi-test/a-caller-token-is-plain-portable-data-test
09:08 +1080: /Users/sto/workspace/datomworld-py-c3int1/test/cljd-out/yin/vm/ffi-test_test.dart: null yin.vm.ffi-test/terminal-append-outcome-ends-the-bridge-test
09:08 +1081: /Users/sto/workspace/datomworld-py-c3int1/test/cljd-out/yin/vm/ffi-test_test.dart: null yin.vm.ffi-test/history-before-the-cursor-is-not-skipped-test
09:08 +1082: /Users/sto/workspace/datomworld-py-c3int1/test/cljd-out/yin/vm/ffi-test_test.dart: null yin.vm.ffi-test/full-request-is-sent-on-retry-and-answered-test
09:08 +1083: /Users/sto/workspace/datomworld-py-c3int1/test/cljd-out/yin/vm/ffi-test_test.dart: null yin.vm.ffi-test/malformed-request-without-an-id-is-a-diagnostic-test
09:08 +1084: /Users/sto/workspace/datomworld-py-c3int1/test/cljd-out/yin/vm/ffi-test_test.dart: null yin.vm.ffi-test/error-responses-surface-as-errors-test
09:09 +1085: /Users/sto/workspace/datomworld-py-c3int1/test/cljd-out/yin/vm/ast-walker-test_test.dart: null yin.vm.ast-walker-test/stream-cursor-next-test
09:10 +1086: /Users/sto/workspace/datomworld-py-c3int1/test/cljd-out/yin/vm/ast-walker-test_test.dart: null yin.vm.ast-walker-test/lambda-closure-test
09:10 +1087: /Users/sto/workspace/datomworld-py-c3int1/test/cljd-out/yin/vm/ast-walker-test_test.dart: null yin.vm.ast-walker-test/stream-put-test
09:10 +1088: /Users/sto/workspace/datomworld-py-c3int1/test/cljd-out/yin/vm/ast-walker-test_test.dart: null yin.vm.ast-walker-test/comparison-operations-test
09:10 +1089: /Users/sto/workspace/datomworld-py-c3int1/test/cljd-out/yin/vm/ast-walker-test_test.dart: null yin.vm.ast-walker-test/telemetry-opt-is-installed-test
09:10 +1090: /Users/sto/workspace/datomworld-py-c3int1/test/cljd-out/yin/vm/ast-walker-test_test.dart: null yin.vm.ast-walker-test/literal-test
09:10 +1091: /Users/sto/workspace/datomworld-py-c3int1/test/cljd-out/yin/vm/ast-walker-test_test.dart: null yin.vm.ast-walker-test/conditional-test
09:10 +1092: /Users/sto/workspace/datomworld-py-c3int1/test/cljd-out/yin/vm/ast-walker-test_test.dart: null yin.vm.ast-walker-test/nested-call-test
09:10 +1093: /Users/sto/workspace/datomworld-py-c3int1/test/cljd-out/yin/vm/ast-walker-test_test.dart: null yin.vm.ast-walker-test/arithmetic-test
09:10 +1094: /Users/sto/workspace/datomworld-py-c3int1/test/cljd-out/yin/vm/ast-walker-test_test.dart: null yin.vm.ast-walker-test/eval-lambda-test
09:10 +1095: /Users/sto/workspace/datomworld-py-c3int1/test/cljd-out/yin/vm/ast-walker-test_test.dart: null yin.vm.ast-walker-test/eval-effectful-primitive-single-invocation-test
09:10 +1096: /Users/sto/workspace/datomworld-py-c3int1/test/cljd-out/yin/vm/ast-walker-test_test.dart: null yin.vm.ast-walker-test/direct-eval-does-not-drain-queued-program-input-test
09:10 +1097: /Users/sto/workspace/datomworld-py-c3int1/test/cljd-out/yin/vm/ast-walker-test_test.dart: null yin.vm.ast-walker-test/under-arity-call-binds-missing-param-to-nil-test
09:10 +1098: /Users/sto/workspace/datomworld-py-c3int1/test/cljd-out/yin/vm/ast-walker-test_test.dart: null yin.vm.ast-walker-test/literal-types-test
09:10 +1099: /Users/sto/workspace/datomworld-py-c3int1/test/cljd-out/yin/vm/ast-walker-test_test.dart: null yin.vm.ast-walker-test/ingress-across-a-gap-test
09:10 +1100: /Users/sto/workspace/datomworld-py-c3int1/test/cljd-out/yin/vm/ast-walker-test_test.dart: null yin.vm.ast-walker-test/eval-literal-test
09:10 +1101: /Users/sto/workspace/datomworld-py-c3int1/test/cljd-out/yin/vm/ast-walker-test_test.dart: null yin.vm.ast-walker-test/ingress-runs-successive-batches-test
09:10 +1102: /Users/sto/workspace/datomworld-py-c3int1/test/cljd-out/yin/vm/ast-walker-test_test.dart: null yin.vm.ast-walker-test/under-arity-zero-args-call-binds-param-to-nil-test
09:10 +1103: /Users/sto/workspace/datomworld-py-c3int1/test/cljd-out/yin/vm/ast-walker-test_test.dart: null yin.vm.ast-walker-test/over-arity-call-drops-extra-args-test
09:10 +1104: /Users/sto/workspace/datomworld-py-c3int1/test/cljd-out/yin/vm/ast-walker-test_test.dart: null yin.vm.ast-walker-test/lambda-test
09:10 +1105: /Users/sto/workspace/datomworld-py-c3int1/test/cljd-out/yin/vm/ast-walker-test_test.dart: null yin.vm.ast-walker-test/obsolete-in-stream-option-is-rejected-test
09:10 +1106: /Users/sto/workspace/datomworld-py-c3int1/test/cljd-out/yin/vm/ast-walker-test_test.dart: null yin.vm.ast-walker-test/stream-close-ends-a-reader-test
09:10 +1107: /Users/sto/workspace/datomworld-py-c3int1/test/cljd-out/yin/vm/ast-walker-test_test.dart: null yin.vm.ast-walker-test/cesk-state-test
09:10 +1108: /Users/sto/workspace/datomworld-py-c3int1/test/cljd-out/yin/vm/ast-walker-test_test.dart: null yin.vm.ast-walker-test/eval-arithmetic-test
09:10 +1109: /Users/sto/workspace/datomworld-py-c3int1/test/cljd-out/yin/vm/ast-walker-test_test.dart: null yin.vm.ast-walker-test/literal-single-step-test
09:10 +1110: /Users/sto/workspace/datomworld-py-c3int1/test/cljd-out/yin/vm/ast-walker-test_test.dart: null yin.vm.ast-walker-test/all-arithmetic-primitives-test
09:10 +1111: /Users/sto/workspace/datomworld-py-c3int1/test/cljd-out/yin/vm/ast-walker-test_test.dart: null yin.vm.ast-walker-test/stream-make-test
09:10 +1112: /Users/sto/workspace/datomworld-py-c3int1/test/cljd-out/yin/vm/ast-walker-test_test.dart: null yin.vm.ast-walker-test/eval-blocked-effect-preserves-current-env-test
09:11 +1113: /Users/sto/workspace/datomworld-py-c3int1/test/cljd-out/yin/vm/debruijn-code-test_test.dart: null yin.vm.debruijn-code-test/descriptor-declares-the-contract
09:11 +1114: /Users/sto/workspace/datomworld-py-c3int1/test/cljd-out/yin/vm/debruijn-code-test_test.dart: null yin.vm.debruijn-code-test/exact-scalar-spelling-is-preserved
09:11 +1115: /Users/sto/workspace/datomworld-py-c3int1/test/cljd-out/yin/vm/debruijn-code-test_test.dart: null yin.vm.debruijn-code-test/unsupported-value-is-refused-not-silently-hashed
09:11 +1116: /Users/sto/workspace/datomworld-py-c3int1/test/cljd-out/yin/vm/debruijn-code-test_test.dart: null yin.vm.debruijn-code-test/ratio-out-of-long-range-is-refused
09:11 +1117: /Users/sto/workspace/datomworld-py-c3int1/test/cljd-out/yin/vm/debruijn-code-test_test.dart: null yin.vm.debruijn-code-test/opcode-table-derives-from-the-named-table
09:11 +1118: /Users/sto/workspace/datomworld-py-c3int1/test/cljd-out/yin/vm/debruijn-code-test_test.dart: null yin.vm.debruijn-code-test/conflicting-body-declarations-are-rejected
09:11 +1119: /Users/sto/workspace/datomworld-py-c3int1/test/cljd-out/yin/vm/debruijn-code-test_test.dart: null yin.vm.debruijn-code-test/golden-corpus-bytes-and-hash
09:11 +1120: /Users/sto/workspace/datomworld-py-c3int1/test/cljd-out/yin/vm/debruijn-code-test_test.dart: null yin.vm.debruijn-code-test/char-distinct-from-other-classes-on-jvm
09:11 +1121: /Users/sto/workspace/datomworld-py-c3int1/test/cljd-out/yin/vm/debruijn-code-test_test.dart: null yin.vm.debruijn-code-test/ratio-fixture
09:11 +1122: /Users/sto/workspace/datomworld-py-c3int1/test/cljd-out/yin/vm/debruijn-code-test_test.dart: null yin.vm.debruijn-code-test/host-boundary-refusal-for-an-unsupported-class
09:11 +1123: /Users/sto/workspace/datomworld-py-c3int1/test/cljd-out/yin/vm/debruijn-code-test_test.dart: null yin.vm.debruijn-code-test/one-vs-one-point-zero-distinct-on-jvm-and-dart
09:11 +1124: /Users/sto/workspace/datomworld-py-c3int1/test/cljd-out/yin/vm/debruijn-code-test_test.dart: null yin.vm.debruijn-code-test/malformed-rows-are-rejected
09:11 +1125: /Users/sto/workspace/datomworld-py-c3int1/test/cljd-out/yin/vm/debruijn-code-test_test.dart: null yin.vm.debruijn-code-test/unsafe-integer-uint-operand-is-rejected-on-cljs
09:11 +1126: /Users/sto/workspace/datomworld-py-c3int1/test/cljd-out/yin/vm/debruijn-code-test_test.dart: null yin.vm.debruijn-code-test/ratio-distinct-from-other-classes-on-jvm
09:11 +1127: /Users/sto/workspace/datomworld-py-c3int1/test/cljd-out/yin/vm/debruijn-code-test_test.dart: null yin.vm.debruijn-code-test/identical-bytes-across-hosts-for-common-domain
09:11 +1128: /Users/sto/workspace/datomworld-py-c3int1/test/cljd-out/yin/vm/debruijn-code-test_test.dart: null yin.vm.debruijn-code-test/out-of-range-bound-operands-are-rejected
09:13 +1129: /Users/sto/workspace/datomworld-py-c3int1/test/cljd-out/yin/vm/rule-r-test_test.dart: null yin.vm.rule-r-test/a-ready-entry-carries-only-minted-keys
09:13 +1130: /Users/sto/workspace/datomworld-py-c3int1/test/cljd-out/yin/vm/rule-r-test_test.dart: null yin.vm.rule-r-test/every-persistent-code-loader-requires-and-compares-a-stamp
09:13 +1131: /Users/sto/workspace/datomworld-py-c3int1/test/cljd-out/yin/vm/rule-r-test_test.dart: null yin.vm.rule-r-test/store-put-refuses-the-reserved-key
09:13 +1132: /Users/sto/workspace/datomworld-py-c3int1/test/cljd-out/yin/vm/rule-r-test_test.dart: null yin.vm.rule-r-test/reserved-operands-are-refused-by-the-semantic-loaders
09:13 +1133: /Users/sto/workspace/datomworld-py-c3int1/test/cljd-out/yin/vm/rule-r-test_test.dart: null yin.vm.rule-r-test/reserved-operands-are-refused-by-the-stack-loader
09:13 +1134: /Users/sto/workspace/datomworld-py-c3int1/test/cljd-out/yin/vm/rule-r-test_test.dart: null yin.vm.rule-r-test/free-names-exclude-the-definition-operator
09:14 +1135: /Users/sto/workspace/datomworld-py-c3int1/test/cljd-out/yin/vm/rule-r-test_test.dart: null yin.vm.rule-r-test/the-lowering-adapters-verify-the-incoming-stamp
09:14 +1136: /Users/sto/workspace/datomworld-py-c3int1/test/cljd-out/yin/vm/rule-r-test_test.dart: null yin.vm.rule-r-test/reserved-roles-are-refused-by-the-walker-datom-and-row-loaders
09:14 +1137: /Users/sto/workspace/datomworld-py-c3int1/test/cljd-out/yin/vm/rule-r-test_test.dart: null yin.vm.rule-r-test/canonicalize-verifies-the-batch-stamp
09:14 +1138: /Users/sto/workspace/datomworld-py-c3int1/test/cljd-out/yin/vm/rule-r-test_test.dart: null yin.vm.rule-r-test/definitions-agree-across-the-four-backends
09:14 +1139: /Users/sto/workspace/datomworld-py-c3int1/test/cljd-out/yin/vm/rule-r-test_test.dart: null yin.vm.rule-r-test/raw-walker-control-is-refused-at-transition
09:14 +1140: /Users/sto/workspace/datomworld-py-c3int1/test/cljd-out/yin/vm/rule-r-test_test.dart: null yin.vm.rule-r-test/a-definition-never-resolves-its-operator
09:14 +1141: /Users/sto/workspace/datomworld-py-c3int1/test/cljd-out/yin/vm/rule-r-test_test.dart: null yin.vm.rule-r-test/the-expander-refuses-the-name
09:14 +1142: /Users/sto/workspace/datomworld-py-c3int1/test/cljd-out/yin/vm/rule-r-test_test.dart: null yin.vm.rule-r-test/reserved-operands-are-refused-by-the-register-loader
09:14 +1143: /Users/sto/workspace/datomworld-py-c3int1/test/cljd-out/yin/vm/rule-r-test_test.dart: null yin.vm.rule-r-test/a-macro-packet-runs-only-under-its-verified-stamp
09:14 +1144: /Users/sto/workspace/datomworld-py-c3int1/test/cljd-out/yin/vm/rule-r-test_test.dart: null yin.vm.rule-r-test/a-parked-read-in-a-definition-resumes-and-writes
09:14 +1145: /Users/sto/workspace/datomworld-py-c3int1/test/cljd-out/yin/vm/rule-r-test_test.dart: null yin.vm.rule-r-test/resolve-var-refuses-before-env-and-store
09:14 +1146: /Users/sto/workspace/datomworld-py-c3int1/test/cljd-out/yin/vm/rule-r-test_test.dart: null yin.vm.rule-r-test/a-shared-row-is-judged-at-every-occurrence
09:14 +1147: /Users/sto/workspace/datomworld-py-c3int1/test/cljd-out/yin/vm/rule-r-test_test.dart: null yin.vm.rule-r-test/construction-refuses-a-module-registry-binding-the-name
09:14 +1148: /Users/sto/workspace/datomworld-py-c3int1/test/cljd-out/yin/vm/rule-r-test_test.dart: null yin.vm.rule-r-test/construction-refuses-a-binding-of-the-name
09:14 +1149: /Users/sto/workspace/datomworld-py-c3int1/test/cljd-out/yin/vm/rule-r-test_test.dart: null yin.vm.rule-r-test/yin-def-is-not-a-primitive
09:15 +1150: /Users/sto/workspace/datomworld-py-c3int1/test/cljd-out/yin/vm/semantic-engine-test_test.dart: null yin.vm.semantic-engine-test/put-on-an-unknown-stream-reference-is-an-error-test
09:15 +1151: /Users/sto/workspace/datomworld-py-c3int1/test/cljd-out/yin/vm/semantic-engine-test_test.dart: null yin.vm.semantic-engine-test/a-closed-and-drained-stream-ends-with-nil-test
09:15 +1152: /Users/sto/workspace/datomworld-py-c3int1/test/cljd-out/yin/vm/semantic-engine-test_test.dart: null yin.vm.semantic-engine-test/gap-is-a-value-the-program-sees-test
09:15 +1153: /Users/sto/workspace/datomworld-py-c3int1/test/cljd-out/yin/vm/semantic-engine-test_test.dart: null yin.vm.semantic-engine-test/an-empty-stream-parks-the-reader-test
09:15 +1154: /Users/sto/workspace/datomworld-py-c3int1/test/cljd-out/yin/vm/semantic-engine-test_test.dart: null yin.vm.semantic-engine-test/put-returns-the-appended-value-test
09:15 +1155: /Users/sto/workspace/datomworld-py-c3int1/test/cljd-out/yin/vm/semantic-engine-test_test.dart: null yin.vm.semantic-engine-test/put-on-a-closed-stream-is-an-error-test
09:15 +1156: /Users/sto/workspace/datomworld-py-c3int1/test/cljd-out/yin/vm/semantic-engine-test_test.dart: null yin.vm.semantic-engine-test/a-value-wakes-the-parked-reader-test
09:15 +1157: /Users/sto/workspace/datomworld-py-c3int1/test/cljd-out/yin/vm/semantic-engine-test_test.dart: null yin.vm.semantic-engine-test/a-wait-set-read-back-from-edn-resumes-test
09:17 +1158: /Users/sto/workspace/datomworld-py-c3int1/test/cljd-out/yin/vm/debruijn-resolve-test_test.dart: null yin.vm.debruijn-resolve-test/validate-resolved-rejects-an-out-of-range-bound-reference
09:17 +1159: /Users/sto/workspace/datomworld-py-c3int1/test/cljd-out/yin/vm/debruijn-resolve-test_test.dart: null yin.vm.debruijn-resolve-test/unresolve-inverts-resolve-over-the-corpus
09:17 +1160: /Users/sto/workspace/datomworld-py-c3int1/test/cljd-out/yin/vm/debruijn-resolve-test_test.dart: null yin.vm.debruijn-resolve-test/every-corpus-program-resolves
09:17 +1161: /Users/sto/workspace/datomworld-py-c3int1/test/cljd-out/yin/vm/debruijn-resolve-test_test.dart: null yin.vm.debruijn-resolve-test/a-shared-variable-resolves-per-its-own-context
09:17 +1162: /Users/sto/workspace/datomworld-py-c3int1/test/cljd-out/yin/vm/debruijn-resolve-test_test.dart: null yin.vm.debruijn-resolve-test/free-names-and-scalars-are-preserved-exactly
09:17 +1163: /Users/sto/workspace/datomworld-py-c3int1/test/cljd-out/yin/vm/debruijn-resolve-test_test.dart: null yin.vm.debruijn-resolve-test/unsupported-node-types-are-refused
09:17 +1164: /Users/sto/workspace/datomworld-py-c3int1/test/cljd-out/yin/vm/debruijn-resolve-test_test.dart: null yin.vm.debruijn-resolve-test/cyclic-input-is-refused
09:17 +1165: /Users/sto/workspace/datomworld-py-c3int1/test/cljd-out/yin/vm/debruijn-resolve-test_test.dart: null yin.vm.debruijn-resolve-test/a-shared-lambda-resolves-per-its-own-context
09:17 +1166: /Users/sto/workspace/datomworld-py-c3int1/test/cljd-out/yin/vm/debruijn-resolve-test_test.dart: null yin.vm.debruijn-resolve-test/duplicate-parameter-resolves-rightmost-wins
09:17 +1167: /Users/sto/workspace/datomworld-py-c3int1/test/cljd-out/yin/vm/debruijn-resolve-test_test.dart: null yin.vm.debruijn-resolve-test/resolve-runs-its-own-validator
09:17 +1168: /Users/sto/workspace/datomworld-py-c3int1/test/cljd-out/yin/vm/debruijn-resolve-test_test.dart: null yin.vm.debruijn-resolve-test/validate-resolved-rejects-a-cyclic-scope-walk
09:17 +1169: /Users/sto/workspace/datomworld-py-c3int1/test/cljd-out/yin/vm/debruijn-resolve-test_test.dart: null yin.vm.debruijn-resolve-test/validate-resolved-rejects-other-malformed-shapes
09:17 +1170: /Users/sto/workspace/datomworld-py-c3int1/test/cljd-out/yin/vm/debruijn-resolve-test_test.dart: null yin.vm.debruijn-resolve-test/validate-resolved-rejects-a-missing-operands-attribute
09:17 +1171: /Users/sto/workspace/datomworld-py-c3int1/test/cljd-out/yin/vm/debruijn-resolve-test_test.dart: null yin.vm.debruijn-resolve-test/resolving-twice-is-identical
09:19 +1172: /Users/sto/workspace/datomworld-py-c3int1/test/cljd-out/yin/vm/integer-test_test.dart: null yin.vm.integer-test/bits-test
09:19 +1173: /Users/sto/workspace/datomworld-py-c3int1/test/cljd-out/yin/vm/integer-test_test.dart: null yin.vm.integer-test/integer?-test
09:19 +1174: /Users/sto/workspace/datomworld-py-c3int1/test/cljd-out/yin/vm/integer-test_test.dart: null yin.vm.integer-test/limits-are-explicit-test
09:19 +1175: /Users/sto/workspace/datomworld-py-c3int1/test/cljd-out/yin/vm/integer-test_test.dart: null yin.vm.integer-test/pin-refs-treats-big-integers-as-scalars-test
09:19 +1176: /Users/sto/workspace/datomworld-py-c3int1/test/cljd-out/yin/vm/integer-test_test.dart: null yin.vm.integer-test/every-export-is-pure-test
09:19 +1177: /Users/sto/workspace/datomworld-py-c3int1/test/cljd-out/yin/vm/integer-test_test.dart: null yin.vm.integer-test/encoder-lifts-big-integers-as-scalars-test
09:19 +1178: /Users/sto/workspace/datomworld-py-c3int1/test/cljd-out/yin/vm/integer-test_test.dart: null yin.vm.integer-test/bit-limit-test
09:19 +1179: /Users/sto/workspace/datomworld-py-c3int1/test/cljd-out/yin/vm/integer-test_test.dart: null yin.vm.integer-test/wrong-type-and-arity-test
09:19 +1180: /Users/sto/workspace/datomworld-py-c3int1/test/cljd-out/yin/vm/integer-test_test.dart: null yin.vm.integer-test/installed-only-by-composition-test
09:19 +1181: /Users/sto/workspace/datomworld-py-c3int1/test/cljd-out/yin/vm/integer-test_test.dart: null yin.vm.integer-test/heap-trace-treats-big-integers-as-leaves-test
09:19 +1182: /Users/sto/workspace/datomworld-py-c3int1/test/cljd-out/yin/vm/integer-test_test.dart: null yin.vm.integer-test/carrier-boundary-test
09:19 +1183: /Users/sto/workspace/datomworld-py-c3int1/test/cljd-out/yin/vm/integer-test_test.dart: null yin.vm.integer-test/parse-format-test
09:19 +1184: /Users/sto/workspace/datomworld-py-c3int1/test/cljd-out/yin/vm/integer-test_test.dart: null yin.vm.integer-test/compare-test
09:19 +1185: /Users/sto/workspace/datomworld-py-c3int1/test/cljd-out/yin/vm/integer-test_test.dart: null yin.vm.integer-test/digit-limit-test
09:19 +1186: /Users/sto/workspace/datomworld-py-c3int1/test/cljd-out/yin/vm/integer-test_test.dart: null yin.vm.integer-test/pow-test
09:19 +1187: /Users/sto/workspace/datomworld-py-c3int1/test/cljd-out/yin/vm/integer-test_test.dart: null yin.vm.integer-test/program-runs-on-every-vm-test
09:19 +1188: /Users/sto/workspace/datomworld-py-c3int1/test/cljd-out/yin/vm/integer-test_test.dart: null yin.vm.integer-test/division-test
09:19 +1189: /Users/sto/workspace/datomworld-py-c3int1/test/cljd-out/yin/vm/integer-test_test.dart: null yin.vm.integer-test/kind-of-and-number?-test
09:20 +1190: /Users/sto/workspace/datomworld-py-c3int1/test/cljd-out/yin/vm/module-test_test.dart: null yin.vm.module-test/registry-is-a-value-test
09:21 +1191: /Users/sto/workspace/datomworld-py-c3int1/test/cljd-out/yin/vm/module-test_test.dart: null yin.vm.module-test/register-host-module-enforces-profile-classes-test
09:21 +1192: /Users/sto/workspace/datomworld-py-c3int1/test/cljd-out/yin/vm/module-test_test.dart: null yin.vm.module-test/stream-module-test
09:21 +1193: /Users/sto/workspace/datomworld-py-c3int1/test/cljd-out/yin/vm/module-test_test.dart: null yin.vm.module-test/dotted-path-resolution-test
09:21 +1194: /Users/sto/workspace/datomworld-py-c3int1/test/cljd-out/yin/vm/module-test_test.dart: null yin.vm.module-test/effect-handler-registry-test
09:21 +1195: /Users/sto/workspace/datomworld-py-c3int1/test/cljd-out/yin/vm/module-test_test.dart: null yin.vm.module-test/default-registry-test
09:21 +1196: /Users/sto/workspace/datomworld-py-c3int1/test/cljd-out/yin/vm/module-test_test.dart: null yin.vm.module-test/host-module-entry-shape-test
09:21 +1197: /Users/sto/workspace/datomworld-py-c3int1/test/cljd-out/yin/vm/module-test_test.dart: null yin.vm.module-test/require-handler-resolves-against-the-registry-only-test
09:22 +1198: /Users/sto/workspace/datomworld-py-c3int1/test/cljd-out/yin/vm/ucf/remote-test_test.dart: null yin.vm.ucf.remote-test/a-cursor-that-cannot-round-trip-is-refused
09:22 +1199: /Users/sto/workspace/datomworld-py-c3int1/test/cljd-out/yin/vm/ucf/remote-test_test.dart: null yin.vm.ucf.remote-test/lower-refuses-unsatisfied-when-the-reflection-is-gone
09:22 +1200: /Users/sto/workspace/datomworld-py-c3int1/test/cljd-out/yin/vm/ucf/remote-test_test.dart: null yin.vm.ucf.remote-test/independent-cells-at-one-position-stay-independent
09:23 +1201: /Users/sto/workspace/datomworld-py-c3int1/test/cljd-out/yin/vm/ucf/remote-test_test.dart: null yin.vm.ucf.remote-test/a-lowered-link-request-retries-and-resumes-through-the-engine
09:23 +1202: /Users/sto/workspace/datomworld-py-c3int1/test/cljd-out/yin/vm/ucf/remote-test_test.dart: null yin.vm.ucf.remote-test/a-retained-ffi-request-migrates-and-the-retry-resumes
09:23 +1203: /Users/sto/workspace/datomworld-py-c3int1/test/cljd-out/yin/vm/ucf/remote-test_test.dart: null yin.vm.ucf.remote-test/a-refused-leaf-refuses-the-frame
09:23 +1204: /Users/sto/workspace/datomworld-py-c3int1/test/cljd-out/yin/vm/ucf/remote-test_test.dart: null yin.vm.ucf.remote-test/shared-cursor-cells-lift-and-lower-shared
09:23 +1205: /Users/sto/workspace/datomworld-py-c3int1/test/cljd-out/yin/vm/ucf/remote-test_test.dart: null yin.vm.ucf.remote-test/forced-eviction-yields-gap-with-the-sources-cursor
09:23 +1206: /Users/sto/workspace/datomworld-py-c3int1/test/cljd-out/yin/vm/ucf/remote-test_test.dart: null yin.vm.ucf.remote-test/link-request-round-trips
09:23 +1207: /Users/sto/workspace/datomworld-py-c3int1/test/cljd-out/yin/vm/ucf/remote-test_test.dart: null yin.vm.ucf.remote-test/put-round-trips
09:23 +1208: /Users/sto/workspace/datomworld-py-c3int1/test/cljd-out/yin/vm/ucf/remote-test_test.dart: null yin.vm.ucf.remote-test/install-passes-through-unchanged
09:23 +1209: /Users/sto/workspace/datomworld-py-c3int1/test/cljd-out/yin/vm/ucf/remote-test_test.dart: null yin.vm.ucf.remote-test/retained-lift-refuses-when-an-endpoint-cannot-be-served
09:23 +1210: /Users/sto/workspace/datomworld-py-c3int1/test/cljd-out/yin/vm/ucf/remote-test_test.dart: null yin.vm.ucf.remote-test/an-unrecognized-reason-is-undecodable
09:23 +1211: /Users/sto/workspace/datomworld-py-c3int1/test/cljd-out/yin/vm/ucf/remote-test_test.dart: null yin.vm.ucf.remote-test/link-response-round-trips
09:23 +1212: /Users/sto/workspace/datomworld-py-c3int1/test/cljd-out/yin/vm/ucf/remote-test_test.dart: null yin.vm.ucf.remote-test/ffi-retained-round-trips
09:23 +1213: /Users/sto/workspace/datomworld-py-c3int1/test/cljd-out/yin/vm/ucf/remote-test_test.dart: null yin.vm.ucf.remote-test/retained-lower-refuses-a-pend-without-its-envelope
09:23 +1214: /Users/sto/workspace/datomworld-py-c3int1/test/cljd-out/yin/vm/ucf/remote-test_test.dart: null yin.vm.ucf.remote-test/two-separately-lowered-frames-get-distinct-fresh-keys
09:23 +1215: /Users/sto/workspace/datomworld-py-c3int1/test/cljd-out/yin/vm/ucf/remote-test_test.dart: null yin.vm.ucf.remote-test/migrates-a-real-parked-machine-and-resumes
09:23 +1216: /Users/sto/workspace/datomworld-py-c3int1/test/cljd-out/yin/vm/ucf/remote-test_test.dart: null yin.vm.ucf.remote-test/ffi-sent-round-trips
09:23 +1217: /Users/sto/workspace/datomworld-py-c3int1/test/cljd-out/yin/vm/ucf/remote-test_test.dart: null yin.vm.ucf.remote-test/retained-lower-refuses-when-an-endpoint-cannot-attach
09:23 +1218: /Users/sto/workspace/datomworld-py-c3int1/test/cljd-out/yin/vm/ucf/remote-test_test.dart: null yin.vm.ucf.remote-test/lift-refuses-unsatisfied-when-the-source-cannot-be-served
09:23 +1219: /Users/sto/workspace/datomworld-py-c3int1/test/cljd-out/yin/vm/ucf/remote-test_test.dart: null yin.vm.ucf.remote-test/a-blocked-read-round-trips
09:24 +1220: /Users/sto/workspace/datomworld-py-c3int1/test/cljd-out/yin/vm/heap-reclamation-test_test.dart: null yin.vm.heap-reclamation-test/a-cell-reachable-only-through-each-root-survives-test
09:25 +1221: /Users/sto/workspace/datomworld-py-c3int1/test/cljd-out/yin/vm/heap-reclamation-test_test.dart: null yin.vm.heap-reclamation-test/a-ref-put-on-a-stream-stays-authentic-test
09:25 +1222: /Users/sto/workspace/datomworld-py-c3int1/test/cljd-out/yin/vm/heap-reclamation-test_test.dart: null yin.vm.heap-reclamation-test/a-closure-env-keeps-its-cells-test
09:25 +1223: /Users/sto/workspace/datomworld-py-c3int1/test/cljd-out/yin/vm/heap-reclamation-test_test.dart: null yin.vm.heap-reclamation-test/a-loop-with-one-live-cell-keeps-the-heap-bounded-test
09:26 +1224: /Users/sto/workspace/datomworld-py-c3int1/test/cljd-out/yin/vm/heap-reclamation-test_test.dart: null yin.vm.heap-reclamation-test/cell-heavy-programs-agree-at-every-threshold-test
09:27 +1225: /Users/sto/workspace/datomworld-py-c3int1/test/cljd-out/yin/vm/heap-reclamation-test_test.dart: null yin.vm.heap-reclamation-test/cell-heavy-programs-agree-at-every-threshold-test
09:27 +1226: /Users/sto/workspace/datomworld-py-c3int1/test/cljd-out/yin/vm/heap-reclamation-test_test.dart: null yin.vm.heap-reclamation-test/cell-heavy-programs-agree-at-every-threshold-test
09:27 +1227: /Users/sto/workspace/datomworld-py-c3int1/test/cljd-out/yin/vm/heap-reclamation-test_test.dart: null yin.vm.heap-reclamation-test/cell-heavy-programs-agree-at-every-threshold-test
09:27 +1228: /Users/sto/workspace/datomworld-py-c3int1/test/cljd-out/yin/vm/heap-reclamation-test_test.dart: null yin.vm.heap-reclamation-test/cell-heavy-programs-agree-at-every-threshold-test
09:27 +1229: /Users/sto/workspace/datomworld-py-c3int1/test/cljd-out/yin/vm/heap-reclamation-test_test.dart: null yin.vm.heap-reclamation-test/cell-heavy-programs-agree-at-every-threshold-test
09:27 +1230: /Users/sto/workspace/datomworld-py-c3int1/test/cljd-out/yin/vm/heap-reclamation-test_test.dart: null yin.vm.heap-reclamation-test/cell-heavy-programs-agree-at-every-threshold-test
09:27 +1231: /Users/sto/workspace/datomworld-py-c3int1/test/cljd-out/yin/vm/heap-reclamation-test_test.dart: null yin.vm.heap-reclamation-test/cell-heavy-programs-agree-at-every-threshold-test
09:27 +1232: /Users/sto/workspace/datomworld-py-c3int1/test/cljd-out/yin/vm/heap-reclamation-test_test.dart: null yin.vm.heap-reclamation-test/cell-heavy-programs-agree-at-every-threshold-test
09:27 +1233: /Users/sto/workspace/datomworld-py-c3int1/test/cljd-out/yin/vm/macro-test_test.dart: null yin.vm.macro-test/admission-rejects-invalid-input
09:27 +1234: /Users/sto/workspace/datomworld-py-c3int1/test/cljd-out/yin/vm/heap-reclamation-test_test.dart: null yin.vm.heap-reclamation-test/a-spawned-child-starts-with-an-empty-collector-test
09:27 +1235: /Users/sto/workspace/datomworld-py-c3int1/test/cljd-out/yin/vm/heap-reclamation-test_test.dart: null yin.vm.heap-reclamation-test/a-spawned-child-starts-with-an-empty-collector-test
09:27 +1236: /Users/sto/workspace/datomworld-py-c3int1/test/cljd-out/yin/vm/macro-test_test.dart: null yin.vm.macro-test/harvest-ordinal-decides-last-wins
09:27 +1237: /Users/sto/workspace/datomworld-py-c3int1/test/cljd-out/yin/vm/heap-reclamation-test_test.dart: null yin.vm.heap-reclamation-test/a-parked-continuation-keeps-its-cells-test
09:27 +1238: /Users/sto/workspace/datomworld-py-c3int1/test/cljd-out/yin/vm/macro-test_test.dart: null yin.vm.macro-test/fabricated-standins-resolve-only-when-valid
09:27 +1239: /Users/sto/workspace/datomworld-py-c3int1/test/cljd-out/yin/vm/heap-reclamation-test_test.dart: null yin.vm.heap-reclamation-test/the-allocating-effects-value-is-a-root-test
09:27 +1240: /Users/sto/workspace/datomworld-py-c3int1/test/cljd-out/yin/vm/macro-test_test.dart: null yin.vm.macro-test/prelude-and-invoke
09:27 +1241: /Users/sto/workspace/datomworld-py-c3int1/test/cljd-out/yin/vm/heap-reclamation-test_test.dart: null yin.vm.heap-reclamation-test/a-quiesced-vm-keeps-nothing-test
09:27 +1242: /Users/sto/workspace/datomworld-py-c3int1/test/cljd-out/yin/vm/macro-test_test.dart: null yin.vm.macro-test/lexical-shadowing
09:27 +1243: /Users/sto/workspace/datomworld-py-c3int1/test/cljd-out/yin/vm/heap-reclamation-test_test.dart: null yin.vm.heap-reclamation-test/a-cell-inside-another-cell-survives-test
09:27 +1244: /Users/sto/workspace/datomworld-py-c3int1/test/cljd-out/yin/vm/macro-test_test.dart: null yin.vm.macro-test/invalid-output-is-an-error
09:27 +1245: /Users/sto/workspace/datomworld-py-c3int1/test/cljd-out/yin/vm/macro-test_test.dart: null yin.vm.macro-test/invalid-output-is-an-error
09:27 +1246: /Users/sto/workspace/datomworld-py-c3int1/test/cljd-out/yin/vm/heap-reclamation-test_test.dart: null yin.vm.heap-reclamation-test/an-evaluated-operand-survives-a-collection-test
09:27 +1247: /Users/sto/workspace/datomworld-py-c3int1/test/cljd-out/yin/vm/heap-reclamation-test_test.dart: null yin.vm.heap-reclamation-test/an-evaluated-operand-survives-a-collection-test
09:27 +1248: /Users/sto/workspace/datomworld-py-c3int1/test/cljd-out/yin/vm/macro-test_test.dart: null yin.vm.macro-test/attempts-share-outputs-but-never-events
09:27 +1249: /Users/sto/workspace/datomworld-py-c3int1/test/cljd-out/yin/vm/heap-reclamation-test_test.dart: null yin.vm.heap-reclamation-test/a-swept-ref-is-refused-and-its-id-never-reused-test
09:27 +1250: /Users/sto/workspace/datomworld-py-c3int1/test/cljd-out/yin/vm/macro-test_test.dart: null yin.vm.macro-test/gensyms-are-attempt-scoped
09:28 +1251: /Users/sto/workspace/datomworld-py-c3int1/test/cljd-out/yin/vm/heap-reclamation-test_test.dart: null yin.vm.heap-reclamation-test/two-runs-collect-identically-test
09:28 +1252: /Users/sto/workspace/datomworld-py-c3int1/test/cljd-out/yin/vm/heap-reclamation-test_test.dart: null yin.vm.heap-reclamation-test/two-runs-collect-identically-test
09:28 +1253: /Users/sto/workspace/datomworld-py-c3int1/test/cljd-out/yin/vm/heap-reclamation-test_test.dart: null yin.vm.heap-reclamation-test/two-runs-collect-identically-test
09:28 +1254: /Users/sto/workspace/datomworld-py-c3int1/test/cljd-out/yin/vm/heap-reclamation-test_test.dart: null yin.vm.heap-reclamation-test/two-runs-collect-identically-test
09:28 +1255: /Users/sto/workspace/datomworld-py-c3int1/test/cljd-out/yin/vm/heap-reclamation-test_test.dart: null yin.vm.heap-reclamation-test/two-runs-collect-identically-test
09:28 +1256: /Users/sto/workspace/datomworld-py-c3int1/test/cljd-out/yin/vm/heap-reclamation-test_test.dart: null yin.vm.heap-reclamation-test/two-runs-collect-identically-test
09:28 +1257: /Users/sto/workspace/datomworld-py-c3int1/test/cljd-out/yin/vm/heap-reclamation-test_test.dart: null yin.vm.heap-reclamation-test/two-runs-collect-identically-test
09:28 +1258: /Users/sto/workspace/datomworld-py-c3int1/test/cljd-out/yin/vm/heap-reclamation-test_test.dart: null yin.vm.heap-reclamation-test/two-runs-collect-identically-test
09:29 +1259: /Users/sto/workspace/datomworld-py-c3int1/test/cljd-out/yin/vm/semantic-test_test.dart: null yin.vm.semantic-test/park-resume-test
09:29 +1260: /Users/sto/workspace/datomworld-py-c3int1/test/cljd-out/yin/vm/semantic-test_test.dart: null yin.vm.semantic-test/tail-countdown-test
09:30 +1261: /Users/sto/workspace/datomworld-py-c3int1/test/cljd-out/yin/vm/semantic-test_test.dart: null yin.vm.semantic-test/current-continuation-test
09:30 +1262: /Users/sto/workspace/datomworld-py-c3int1/test/cljd-out/yin/vm/semantic-test_test.dart: null yin.vm.semantic-test/branch-false-test
09:30 +1263: /Users/sto/workspace/datomworld-py-c3int1/test/cljd-out/yin/vm/semantic-test_test.dart: null yin.vm.semantic-test/load-image-decodes-refs-and-opcodes-test
09:30 +1264: /Users/sto/workspace/datomworld-py-c3int1/test/cljd-out/yin/vm/semantic-test_test.dart: null yin.vm.semantic-test/closure-call-test
09:30 +1265: /Users/sto/workspace/datomworld-py-c3int1/test/cljd-out/yin/vm/semantic-test_test.dart: null yin.vm.semantic-test/arithmetic-test
09:30 +1266: /Users/sto/workspace/datomworld-py-c3int1/test/cljd-out/yin/vm/semantic-test_test.dart: null yin.vm.semantic-test/load-vector-mints-below-the-loaded-floor-test
09:30 +1267: /Users/sto/workspace/datomworld-py-c3int1/test/cljd-out/yin/vm/semantic-test_test.dart: null yin.vm.semantic-test/load-vector-refuses-malformed-vectors-test
09:30 +1268: /Users/sto/workspace/datomworld-py-c3int1/test/cljd-out/yin/vm/linker-authority-test_test.dart: null yin.vm.linker-authority-test/two-proven-assertions-refuse-ambiguous-name
09:30 +1269: /Users/sto/workspace/datomworld-py-c3int1/test/cljd-out/yin/vm/linker-authority-test_test.dart: null yin.vm.linker-authority-test/two-proven-assertions-refuse-ambiguous-name
09:30 +1270: /Users/sto/workspace/datomworld-py-c3int1/test/cljd-out/yin/vm/linker-authority-test_test.dart: null yin.vm.linker-authority-test/two-proven-assertions-refuse-ambiguous-name
09:30 +1271: /Users/sto/workspace/datomworld-py-c3int1/test/cljd-out/yin/vm/linker-authority-test_test.dart: null yin.vm.linker-authority-test/two-proven-assertions-refuse-ambiguous-name
09:30 +1272: /Users/sto/workspace/datomworld-py-c3int1/test/cljd-out/yin/vm/linker-authority-test_test.dart: null yin.vm.linker-authority-test/two-proven-assertions-refuse-ambiguous-name
09:31 +1273: /Users/sto/workspace/datomworld-py-c3int1/test/cljd-out/yin/vm/linker-authority-test_test.dart: null yin.vm.linker-authority-test/two-proven-assertions-refuse-ambiguous-name
09:31 +1274: /Users/sto/workspace/datomworld-py-c3int1/test/cljd-out/yin/vm/semantic-test_test.dart: null yin.vm.semantic-test/load-vector-decodes-and-aliases-test
09:31 +1275: /Users/sto/workspace/datomworld-py-c3int1/test/cljd-out/yin/vm/linker-authority-test_test.dart: null yin.vm.linker-authority-test/dangling-retractions-are-discarded
09:31 +1276: /Users/sto/workspace/datomworld-py-c3int1/test/cljd-out/yin/vm/linker-authority-test_test.dart: null yin.vm.linker-authority-test/dangling-retractions-are-discarded
09:31 +1277: /Users/sto/workspace/datomworld-py-c3int1/test/cljd-out/yin/vm/semantic-test_test.dart: null yin.vm.semantic-test/store-and-gensym-test
09:31 +1278: /Users/sto/workspace/datomworld-py-c3int1/test/cljd-out/yin/vm/linker-authority-test_test.dart: null yin.vm.linker-authority-test/bad-signature-is-unauthenticated
09:31 +1279: /Users/sto/workspace/datomworld-py-c3int1/test/cljd-out/yin/vm/semantic-test_test.dart: null yin.vm.semantic-test/create-vm-test
09:31 +1280: /Users/sto/workspace/datomworld-py-c3int1/test/cljd-out/yin/vm/linker-authority-test_test.dart: null yin.vm.linker-authority-test/malformed-envelope-is-discarded
09:31 +1281: /Users/sto/workspace/datomworld-py-c3int1/test/cljd-out/yin/vm/semantic-test_test.dart: null yin.vm.semantic-test/over-arity-call-drops-extra-args-test
09:31 +1282: /Users/sto/workspace/datomworld-py-c3int1/test/cljd-out/yin/vm/linker-authority-test_test.dart: null yin.vm.linker-authority-test/fake-segment-address-is-malformed
09:31 +1283: /Users/sto/workspace/datomworld-py-c3int1/test/cljd-out/yin/vm/linker-authority-test_test.dart: null yin.vm.linker-authority-test/fake-segment-address-is-malformed
09:31 +1284: /Users/sto/workspace/datomworld-py-c3int1/test/cljd-out/yin/vm/semantic-test_test.dart: null yin.vm.semantic-test/ffi-call-test
09:31 +1285: /Users/sto/workspace/datomworld-py-c3int1/test/cljd-out/yin/vm/linker-authority-test_test.dart: null yin.vm.linker-authority-test/exact-duplicate-envelope-is-honored-once
09:31 +1286: /Users/sto/workspace/datomworld-py-c3int1/test/cljd-out/yin/vm/semantic-test_test.dart: null yin.vm.semantic-test/live-id-conflict-fires-on-the-direct-path-test
09:31 +1287: /Users/sto/workspace/datomworld-py-c3int1/test/cljd-out/yin/vm/linker-authority-test_test.dart: null yin.vm.linker-authority-test/signed-retraction-removes-only-the-assertion-it-names
09:31 +1288: /Users/sto/workspace/datomworld-py-c3int1/test/cljd-out/yin/vm/linker-authority-test_test.dart: null yin.vm.linker-authority-test/signed-retraction-removes-only-the-assertion-it-names
09:31 +1289: /Users/sto/workspace/datomworld-py-c3int1/test/cljd-out/yin/vm/semantic-test_test.dart: null yin.vm.semantic-test/step-test
09:31 +1290: /Users/sto/workspace/datomworld-py-c3int1/test/cljd-out/yin/vm/semantic-test_test.dart: null yin.vm.semantic-test/step-test
09:31 +1291: /Users/sto/workspace/datomworld-py-c3int1/test/cljd-out/yin/vm/linker-authority-test_test.dart: null yin.vm.linker-authority-test/bare-asserted-by-without-proof-is-unauthenticated
09:31 +1292: /Users/sto/workspace/datomworld-py-c3int1/test/cljd-out/yin/vm/linker-authority-test_test.dart: null yin.vm.linker-authority-test/attested-assertion-copied-onto-another-stream-is-unauthenticated
09:31 +1293: /Users/sto/workspace/datomworld-py-c3int1/test/cljd-out/yin/vm/linker-authority-test_test.dart: null yin.vm.linker-authority-test/two-asserters-of-one-address-resolve-together
09:31 +1294: /Users/sto/workspace/datomworld-py-c3int1/test/cljd-out/yin/vm/linker-authority-test_test.dart: null yin.vm.linker-authority-test/snapshot-advance-rebuilds-never-rereads
09:31 +1295: /Users/sto/workspace/datomworld-py-c3int1/test/cljd-out/yin/vm/linker-authority-test_test.dart: null yin.vm.linker-authority-test/signed-assertion-by-declared-principal-resolves
09:31 +1296: /Users/sto/workspace/datomworld-py-c3int1/test/cljd-out/yin/vm/linker-authority-test_test.dart: null yin.vm.linker-authority-test/undeclared-principal-is-ignored
09:31 +1297: /Users/sto/workspace/datomworld-py-c3int1/test/cljd-out/yin/vm/linker-authority-test_test.dart: null yin.vm.linker-authority-test/replayed-sequence-is-discarded
09:31 +1298: /Users/sto/workspace/datomworld-py-c3int1/test/cljd-out/yin/vm/linker-authority-test_test.dart: null yin.vm.linker-authority-test/equivocating-pair-is-discarded
09:32 +1299: /Users/sto/workspace/datomworld-py-c3int1/test/cljd-out/yin/repl-test_test.dart: null yin.repl-test/the-vm-command-offers-the-ast-walker-and-the-semantic-vm
09:33 +1300: /Users/sto/workspace/datomworld-py-c3int1/test/cljd-out/yin/repl-test_test.dart: null yin.repl-test/a-full-output-ring-still-yields-the-result
09:34 +1301: /Users/sto/workspace/datomworld-py-c3int1/test/cljd-out/yin/repl-test_test.dart: null yin.repl-test/only-the-current-rounds-result-is-accepted
09:34 +1302: /Users/sto/workspace/datomworld-py-c3int1/test/cljd-out/yin/repl-test_test.dart: null yin.repl-test/duplicate-percent-keys-are-refused-where-the-reader-refuses-them
09:34 +1303: /Users/sto/workspace/datomworld-py-c3int1/test/cljd-out/dao/lease-composition-test_test.dart: null dao.lease-composition-test/wire-declared-facts-test
09:34 +1304: /Users/sto/workspace/datomworld-py-c3int1/test/cljd-out/dao/lease-composition-test_test.dart: null dao.lease-composition-test/wire-declared-facts-test
09:34 +1305: /Users/sto/workspace/datomworld-py-c3int1/test/cljd-out/dao/lease-composition-test_test.dart: null dao.lease-composition-test/wire-declared-facts-test
09:34 +1306: /Users/sto/workspace/datomworld-py-c3int1/test/cljd-out/dao/lease-composition-test_test.dart: null dao.lease-composition-test/wire-declared-facts-test
09:34 +1307: /Users/sto/workspace/datomworld-py-c3int1/test/cljd-out/yin/repl-test_test.dart: null yin.repl-test/de-bruijn-hash-is-canonical-over-the-loaded-segment
09:34 +1308: /Users/sto/workspace/datomworld-py-c3int1/test/cljd-out/yin/repl-test_test.dart: null yin.repl-test/de-bruijn-hash-is-canonical-over-the-loaded-segment
09:35 +1309: /Users/sto/workspace/datomworld-py-c3int1/test/cljd-out/yin/repl-test_test.dart: null yin.repl-test/de-bruijn-hash-is-canonical-over-the-loaded-segment
09:35 +1310: /Users/sto/workspace/datomworld-py-c3int1/test/cljd-out/yin/repl-test_test.dart: null yin.repl-test/de-bruijn-hash-is-canonical-over-the-loaded-segment
09:35 +1311: /Users/sto/workspace/datomworld-py-c3int1/test/cljd-out/yin/repl-test_test.dart: null yin.repl-test/de-bruijn-hash-is-canonical-over-the-loaded-segment
09:35 +1312: /Users/sto/workspace/datomworld-py-c3int1/test/cljd-out/yin/repl-test_test.dart: null yin.repl-test/de-bruijn-hash-is-canonical-over-the-loaded-segment
09:35 +1313: /Users/sto/workspace/datomworld-py-c3int1/test/cljd-out/yin/repl-test_test.dart: null yin.repl-test/de-bruijn-hash-is-canonical-over-the-loaded-segment
09:35 +1314: /Users/sto/workspace/datomworld-py-c3int1/test/cljd-out/yin/repl-test_test.dart: null yin.repl-test/de-bruijn-hash-is-canonical-over-the-loaded-segment
09:35 +1315: /Users/sto/workspace/datomworld-py-c3int1/test/cljd-out/yin/repl-test_test.dart: null yin.repl-test/de-bruijn-hash-is-canonical-over-the-loaded-segment
09:35 +1316: /Users/sto/workspace/datomworld-py-c3int1/test/cljd-out/yin/repl-test_test.dart: null yin.repl-test/de-bruijn-hash-is-canonical-over-the-loaded-segment
09:35 +1317: /Users/sto/workspace/datomworld-py-c3int1/test/cljd-out/yin/repl-test_test.dart: null yin.repl-test/de-bruijn-hash-is-canonical-over-the-loaded-segment
09:35 +1318: /Users/sto/workspace/datomworld-py-c3int1/test/cljd-out/yin/repl-test_test.dart: null yin.repl-test/de-bruijn-hash-is-canonical-over-the-loaded-segment
09:35 +1319: /Users/sto/workspace/datomworld-py-c3int1/test/cljd-out/dao/lease-composition-test_test.dart: null dao.lease-composition-test/served-entry-reclaim-through-reflection-test
09:35 +1320: /Users/sto/workspace/datomworld-py-c3int1/test/cljd-out/dao/lease-composition-test_test.dart: null dao.lease-composition-test/served-entry-reclaim-through-reflection-test
09:35 +1321: /Users/sto/workspace/datomworld-py-c3int1/test/cljd-out/dao/lease-composition-test_test.dart: null dao.lease-composition-test/served-entry-reclaim-through-reflection-test
09:35 +1322: /Users/sto/workspace/datomworld-py-c3int1/test/cljd-out/yin/repl-test_test.dart: null yin.repl-test/datom-literal-evaluation-runs-through-the-program-medium
09:35 +1323: /Users/sto/workspace/datomworld-py-c3int1/test/cljd-out/yin/repl-test_test.dart: null yin.repl-test/datom-literal-evaluation-runs-through-the-program-medium
09:35 +1324: /Users/sto/workspace/datomworld-py-c3int1/test/cljd-out/yin/repl-test_test.dart: null yin.repl-test/a-percent-reads-as-any-other-symbol-does
09:35 +1325: /Users/sto/workspace/datomworld-py-c3int1/test/cljd-out/yin/repl-test_test.dart: null yin.repl-test/compile-renders-rows-expansion-and-events-without-committing
09:35 +1326: /Users/sto/workspace/datomworld-py-c3int1/test/cljd-out/yin/repl-test_test.dart: null yin.repl-test/a-percent-reads-alike-in-every-symbol-position
09:35 +1327: /Users/sto/workspace/datomworld-py-c3int1/test/cljd-out/yin/repl-test_test.dart: null yin.repl-test/a-host-function-without-a-known-name-renders-nameless
09:35 +1328: /Users/sto/workspace/datomworld-py-c3int1/test/cljd-out/yin/repl-test_test.dart: null yin.repl-test/a-clojure-macro-expands-calls-from-other-languages
09:35 +1329: /Users/sto/workspace/datomworld-py-c3int1/test/cljd-out/yin/repl-test_test.dart: null yin.repl-test/telemetry-is-rejected-and-points-at-the-built-emit-path
09:35 +1330: /Users/sto/workspace/datomworld-py-c3int1/test/cljd-out/yin/repl-test_test.dart: null yin.repl-test/reset-and-vm-selection-clear-the-value-history
09:35 +1331: /Users/sto/workspace/datomworld-py-c3int1/test/cljd-out/yin/repl-test_test.dart: null yin.repl-test/the-output-cursor-is-minted-not-fabricated
09:35 +1332: /Users/sto/workspace/datomworld-py-c3int1/test/cljd-out/yin/repl-test_test.dart: null yin.repl-test/the-standard-forms-are-seeded-through-the-row-native-store
09:35 +1333: /Users/sto/workspace/datomworld-py-c3int1/test/cljd-out/yin/repl-test_test.dart: null yin.repl-test/printed-output-precedes-the-value
09:35 +1334: /Users/sto/workspace/datomworld-py-c3int1/test/cljd-out/yin/repl-test_test.dart: null yin.repl-test/a-macro-defined-and-called-in-one-input-expands
09:35 +1335: /Users/sto/workspace/datomworld-py-c3int1/test/cljd-out/yin/repl-test_test.dart: null yin.repl-test/evaluation-continues-after-an-expansion-failure
09:36 +1336: /Users/sto/workspace/datomworld-py-c3int1/test/cljd-out/yin/repl-test_test.dart: null yin.repl-test/a-failed-input-is-consumed-exactly-once
09:36 +1337: /Users/sto/workspace/datomworld-py-c3int1/test/cljd-out/yin/repl-test_test.dart: null yin.repl-test/the-reader-keeps-datalog-symbols-on-every-host
09:36 +1338: /Users/sto/workspace/datomworld-py-c3int1/test/cljd-out/yin/repl-test_test.dart: null yin.repl-test/the-program-medium-attaches-by-descriptor
09:36 +1339: /Users/sto/workspace/datomworld-py-c3int1/test/cljd-out/yin/repl-test_test.dart: null yin.repl-test/unknown-commands-and-reader-failures-are-reported-not-thrown
09:36 +1340: /Users/sto/workspace/datomworld-py-c3int1/test/cljd-out/yin/repl-test_test.dart: null yin.repl-test/map-entries-whose-rendered-keys-coincide-all-render
09:36 +1341: /Users/sto/workspace/datomworld-py-c3int1/test/cljd-out/yin/repl-test_test.dart: null yin.repl-test/a-defmacro-expands-later-inputs-on-both-evaluators
09:36 +1342: /Users/sto/workspace/datomworld-py-c3int1/test/cljd-out/yin/repl-test_test.dart: null yin.repl-test/value-history-is-injected-for-the-next-evaluation
09:36 +1343: /Users/sto/workspace/datomworld-py-c3int1/test/cljd-out/yin/repl-test_test.dart: null yin.repl-test/lexical-scope-does-not-escape-a-top-level-evaluation
09:36 +1344: /Users/sto/workspace/datomworld-py-c3int1/test/cljd-out/yin/repl-test_test.dart: null yin.repl-test/the-reader-reads-percent-forms-alike-on-every-host
09:36 +1345: /Users/sto/workspace/datomworld-py-c3int1/test/cljd-out/yin/repl-test_test.dart: null yin.repl-test/reset-rebuilds-the-vm-and-its-attachment
09:36 +1346: /Users/sto/workspace/datomworld-py-c3int1/test/cljd-out/yin/repl-test_test.dart: null yin.repl-test/quit-stops-the-shell-without-touching-the-host
09:36 +1347: /Users/sto/workspace/datomworld-py-c3int1/test/cljd-out/yin/repl-test_test.dart: null yin.repl-test/host-primitives-survive-reset-and-vm-selection
09:36 +1348: /Users/sto/workspace/datomworld-py-c3int1/test/cljd-out/yin/repl-test_test.dart: null yin.repl-test/repl-state-lists-macro-names-and-root-addresses
09:36 +1349: /Users/sto/workspace/datomworld-py-c3int1/test/cljd-out/yin/repl-test_test.dart: null yin.repl-test/de-bruijn-appends-go-through-attach-image
09:36 +1350: /Users/sto/workspace/datomworld-py-c3int1/test/cljd-out/yin/repl-test_test.dart: null yin.repl-test/a-host-function-renders-as-a-named-portable-marker
09:36 +1351: /Users/sto/workspace/datomworld-py-c3int1/test/cljd-out/yin/repl-test_test.dart: null yin.repl-test/a-host-function-renders-as-a-named-portable-marker
09:36 +1352: /Users/sto/workspace/datomworld-py-c3int1/test/cljd-out/yin/repl-test_test.dart: null yin.repl-test/a-host-function-renders-as-a-named-portable-marker
09:36 +1353: /Users/sto/workspace/datomworld-py-c3int1/test/cljd-out/yin/repl-test_test.dart: null yin.repl-test/a-host-function-renders-as-a-named-portable-marker
09:36 +1354: /Users/sto/workspace/datomworld-py-c3int1/test/cljd-out/yin/repl-test_test.dart: null yin.repl-test/a-host-function-renders-as-a-named-portable-marker
09:36 +1355: /Users/sto/workspace/datomworld-py-c3int1/test/cljd-out/yin/repl-test_test.dart: null yin.repl-test/a-host-function-renders-as-a-named-portable-marker
09:36 +1356: /Users/sto/workspace/datomworld-py-c3int1/test/cljd-out/yin/repl-test_test.dart: null yin.repl-test/a-host-function-renders-as-a-named-portable-marker
09:36 +1357: /Users/sto/workspace/datomworld-py-c3int1/test/cljd-out/yin/repl-test_test.dart: null yin.repl-test/a-host-function-renders-as-a-named-portable-marker
09:36 +1358: /Users/sto/workspace/datomworld-py-c3int1/test/cljd-out/yin/repl-test_test.dart: null yin.repl-test/a-host-function-renders-as-a-named-portable-marker
09:37 +1359: /Users/sto/workspace/datomworld-py-c3int1/test/cljd-out/yin/repl-test_test.dart: null yin.repl-test/ordinary-source-evaluates-locally
09:37 +1360: /Users/sto/workspace/datomworld-py-c3int1/test/cljd-out/yin/repl-test_test.dart: null yin.repl-test/the-semantic-vm-evaluates-through-both-observer-stages
09:37 +1361: /Users/sto/workspace/datomworld-py-c3int1/test/cljd-out/yin/repl-test_test.dart: null yin.repl-test/a-gap-does-not-cost-the-drain-an-element
09:37 +1362: /Users/sto/workspace/datomworld-py-c3int1/test/cljd-out/yin/repl-test_test.dart: null yin.repl-test/repl-state-reports-the-ledger-rather-than-asking-a-stream
09:37 +1363: /Users/sto/workspace/datomworld-py-c3int1/test/cljd-out/yin/repl-test_test.dart: null yin.repl-test/reset-rebuilds-the-expander-with-only-the-standard-forms
09:37 +1364: /Users/sto/workspace/datomworld-py-c3int1/test/cljd-out/yin/repl-test_test.dart: null yin.repl-test/language-and-compile-commands-behave-as-they-do-in-v1
09:37 +1365: /Users/sto/workspace/datomworld-py-c3int1/test/cljd-out/yin/repl-test_test.dart: null yin.repl-test/an-ingress-gap-is-fatal-to-evaluation-until-reset
09:37 +1366: /Users/sto/workspace/datomworld-py-c3int1/test/cljd-out/yin/repl-test_test.dart: null yin.repl-test/a-host-function-inside-a-quoted-form-renders-as-the-marker
09:37 +1367: /Users/sto/workspace/datomworld-py-c3int1/test/cljd-out/yin/repl-test_test.dart: null yin.repl-test/tagged-literals-and-reader-conditionals-refuse-alike
09:37 +1368: /Users/sto/workspace/datomworld-py-c3int1/test/cljd-out/yin/repl-test_test.dart: null yin.repl-test/multi-line-input-accumulates-until-the-brackets-balance
09:38 +1369: /Users/sto/workspace/datomworld-py-c3int1/test/cljd-out/dao/stream/udp-test_test.dart: null dao.stream.udp-test/malformed-fragments-drop-before-partial-state
09:38 +1370: /Users/sto/workspace/datomworld-py-c3int1/test/cljd-out/dao/stream/udp-test_test.dart: null dao.stream.udp-test/loss-of-any-part-loses-the-message
09:38 +1371: /Users/sto/workspace/datomworld-py-c3int1/test/cljd-out/dao/stream/udp-test_test.dart: null dao.stream.udp-test/keying-prevents-cross-delivery
09:38 +1372: /Users/sto/workspace/datomworld-py-c3int1/test/cljd-out/dao/stream/udp-test_test.dart: null dao.stream.udp-test/fragmentation-round-trip-near-limit
09:39 +1373: /Users/sto/workspace/datomworld-py-c3int1/test/cljd-out/dao/stream/udp-test_test.dart: null dao.stream.udp-test/descriptor-gate
09:39 +1374: /Users/sto/workspace/datomworld-py-c3int1/test/cljd-out/dao/stream/udp-test_test.dart: null dao.stream.udp-test/reassembly-eviction-evicts-oldest
09:39 +1375: /Users/sto/workspace/datomworld-py-c3int1/test/cljd-out/dao/stream/udp-test_test.dart: null dao.stream.udp-test/fragmentation-round-trip-48kib
09:39 +1376: /Users/sto/workspace/datomworld-py-c3int1/test/cljd-out/dao/stream/udp-test_test.dart: null dao.stream.udp-test/projection-routes-by-attachment
09:39 +1377: /Users/sto/workspace/datomworld-py-c3int1/test/cljd-out/dao/stream/udp-test_test.dart: null dao.stream.udp-test/address-key-format
09:39 +1378: /Users/sto/workspace/datomworld-py-c3int1/test/cljd-out/dao/stream/udp-test_test.dart: null dao.stream.udp-test/oversize-refuses-unsent
09:39 +1379: /Users/sto/workspace/datomworld-py-c3int1/test/cljd-out/dao/stream/udp-test_test.dart: null dao.stream.udp-test/deposit-carries-source-address
09:39 +1380: /Users/sto/workspace/datomworld-py-c3int1/test/cljd-out/dao/stream/udp-test_test.dart: null dao.stream.udp-test/fragmentation-round-trip
09:40 +1381: /Users/sto/workspace/datomworld-py-c3int1/test/cljd-out/dao/stream/chunks-test_test.dart: null dao.stream.chunks-test/split-and-absorb-out-of-order
09:41 +1382: /Users/sto/workspace/datomworld-py-c3int1/test/cljd-out/dao/stream/chunks-test_test.dart: null dao.stream.chunks-test/malformed-duplicate-inconsistent-and-overbound-pieces
09:42 +1383: /Users/sto/workspace/datomworld-py-c3int1/test/cljd-out/dao/stream/ws-project-test_test.dart: null dao.stream.ws-project-test/drops-error-diagnostics-and-keeps-projecting
09:43 +1384: /Users/sto/workspace/datomworld-py-c3int1/test/cljd-out/dao/stream/ws-project-test_test.dart: null dao.stream.ws-project-test/cursor-keeping-spans-steps-without-re-reading
09:43 +1385: /Users/sto/workspace/datomworld-py-c3int1/test/cljd-out/dao/stream/ws-project-test_test.dart: null dao.stream.ws-project-test/keeps-only-the-events-of-this-channel
09:43 +1386: /Users/sto/workspace/datomworld-py-c3int1/test/cljd-out/dao/stream/ws-project-test_test.dart: null dao.stream.ws-project-test/the-mediums-end-is-channel-loss-for-the-link
09:43 +1387: /Users/sto/workspace/datomworld-py-c3int1/test/cljd-out/dao/stream/ws-project-test_test.dart: null dao.stream.ws-project-test/the-mediums-own-end-closes-the-projection-and-the-ring
09:43 +1388: /Users/sto/workspace/datomworld-py-c3int1/test/cljd-out/dao/stream/ws-project-test_test.dart: null dao.stream.ws-project-test/a-second-attach-on-one-dial-is-a-composition-error
09:43 +1389: /Users/sto/workspace/datomworld-py-c3int1/test/cljd-out/dao/stream/ws-project-test_test.dart: null dao.stream.ws-project-test/a-gap-adopts-the-mediums-recovery-cursor
09:43 +1390: /Users/sto/workspace/datomworld-py-c3int1/test/cljd-out/dao/stream/ws-project-test_test.dart: null dao.stream.ws-project-test/payload-then-terminal-in-one-step-forward-then-close
09:43 +1391: /Users/sto/workspace/datomworld-py-c3int1/test/cljd-out/dao/stream/ws-project-test_test.dart: null dao.stream.ws-project-test/failure-resolutions-close-the-ring
09:43 +1392: /Users/sto/workspace/datomworld-py-c3int1/test/cljd-out/dao/stream/ws-project-test_test.dart: null dao.stream.ws-project-test/a-closed-session-is-reaped-and-its-slot-is-reused
09:43 +1393: /Users/sto/workspace/datomworld-py-c3int1/test/cljd-out/dao/stream/ws-project-test_test.dart: null dao.stream.ws-project-test/forwards-each-payload-value-onto-the-ring-in-order
09:43 +1394: /Users/sto/workspace/datomworld-py-c3int1/test/cljd-out/dao/stream/ws-project-test_test.dart: null dao.stream.ws-project-test/resolution-and-other-kinds-are-not-payload
09:43 +1395: /Users/sto/workspace/datomworld-py-c3int1/test/cljd-out/dao/stream/ws-project-test_test.dart: null dao.stream.ws-project-test/terminal-lifecycle-events-close-the-ring
09:45 +1396: /Users/sto/workspace/datomworld-py-c3int1/test/cljd-out/dao/stream/remote-test_test.dart: null dao.stream.remote-test/the-descriptor-answer-carries-the-surface
09:45 +1397: /Users/sto/workspace/datomworld-py-c3int1/test/cljd-out/dao/stream/remote-test_test.dart: null dao.stream.remote-test/an-uncarryable-answer-is-oversize
09:45 +1398: /Users/sto/workspace/datomworld-py-c3int1/test/cljd-out/dao/stream/remote-test_test.dart: null dao.stream.remote-test/answers-with-unknown-ids-are-dropped
09:45 +1399: /Users/sto/workspace/datomworld-py-c3int1/test/cljd-out/dao/stream/remote-test_test.dart: null dao.stream.remote-test/gap-from-an-evicting-source-crosses-verbatim
09:45 +1400: /Users/sto/workspace/datomworld-py-c3int1/test/cljd-out/dao/stream/remote-test_test.dart: null dao.stream.remote-test/a-full-refused-send-leaves-nothing-outstanding
09:45 +1401: /Users/sto/workspace/datomworld-py-c3int1/test/cljd-out/dao/stream/remote-test_test.dart: null dao.stream.remote-test/refused-is-returned-verbatim-and-marks-nothing
09:45 +1402: /Users/sto/workspace/datomworld-py-c3int1/test/cljd-out/dao/stream/remote-test_test.dart: null dao.stream.remote-test/the-mirror-step-answers-the-four-ops-in-order
09:45 +1403: /Users/sto/workspace/datomworld-py-c3int1/test/cljd-out/dao/stream/remote-test_test.dart: null dao.stream.remote-test/not-found-marks-gone
09:45 +1404: /Users/sto/workspace/datomworld-py-c3int1/test/cljd-out/dao/stream/remote-test_test.dart: null dao.stream.remote-test/without-a-budget-no-chase-runs
09:45 +1405: /Users/sto/workspace/datomworld-py-c3int1/test/cljd-out/dao/stream/remote-test_test.dart: null dao.stream.remote-test/a-refused-probe-is-kept-and-retried-on-a-later-drain
09:45 +1406: /Users/sto/workspace/datomworld-py-c3int1/test/cljd-out/dao/stream/remote-test_test.dart: null dao.stream.remote-test/channel-loss
09:45 +1407: /Users/sto/workspace/datomworld-py-c3int1/test/cljd-out/dao/stream/remote-test_test.dart: null dao.stream.remote-test/installed-outcomes-stay-with-their-own-stream
09:45 +1408: /Users/sto/workspace/datomworld-py-c3int1/test/cljd-out/dao/stream/remote-test_test.dart: null dao.stream.remote-test/the-budget-chase-ends-at-the-first-non-ok-outcome
09:45 +1409: /Users/sto/workspace/datomworld-py-c3int1/test/cljd-out/dao/stream/remote-test_test.dart: null dao.stream.remote-test/the-remote-descriptor-dispatches
09:45 +1410: /Users/sto/workspace/datomworld-py-c3int1/test/cljd-out/dao/stream/remote-test_test.dart: null dao.stream.remote-test/the-budget-chase
09:45 +1411: /Users/sto/workspace/datomworld-py-c3int1/test/cljd-out/dao/stream/remote-test_test.dart: null dao.stream.remote-test/no-surface-marks-nothing
09:45 +1412: /Users/sto/workspace/datomworld-py-c3int1/test/cljd-out/dao/stream/remote-test_test.dart: null dao.stream.remote-test/close-semantics
09:45 +1413: /Users/sto/workspace/datomworld-py-c3int1/test/cljd-out/dao/stream/remote-test_test.dart: null dao.stream.remote-test/the-mirror-applies-requests-with-the-channel-context
09:45 +1414: /Users/sto/workspace/datomworld-py-c3int1/test/cljd-out/dao/stream/remote-test_test.dart: null dao.stream.remote-test/the-toy-over-two-ring-buffers
09:45 +1415: /Users/sto/workspace/datomworld-py-c3int1/test/cljd-out/dao/stream/remote-test_test.dart: null dao.stream.remote-test/a-wrong-identity-answer-leaves-its-request-outstanding
09:45 +1416: /Users/sto/workspace/datomworld-py-c3int1/test/cljd-out/dao/stream/remote-test_test.dart: null dao.stream.remote-test/resend-after-resends-an-unanswered-request
09:45 +1417: /Users/sto/workspace/datomworld-py-c3int1/test/cljd-out/dao/stream/remote-test_test.dart: null dao.stream.remote-test/next-relays-position-errors-and-never-judges
09:47 +1418: /Users/sto/workspace/datomworld-py-c3int1/test/cljd-out/dao/stream/remote-meet-test_test.dart: null dao.stream.remote-meet-test/bound-gate-refuses-past-the-bound-test
09:47 +1419: /Users/sto/workspace/datomworld-py-c3int1/test/cljd-out/dao/stream/remote-meet-test_test.dart: null dao.stream.remote-meet-test/symmetric-nat-forced-relay-test
09:47 +1420: /Users/sto/workspace/datomworld-py-c3int1/test/cljd-out/dao/stream/remote-meet-test_test.dart: null dao.stream.remote-meet-test/grant-time-capacity-refuses-excess-test
09:47 +1421: /Users/sto/workspace/datomworld-py-c3int1/test/cljd-out/dao/stream/remote-meet-test_test.dart: null dao.stream.remote-meet-test/reconnect-renews-through-the-carried-grant-test
09:47 +1422: /Users/sto/workspace/datomworld-py-c3int1/test/cljd-out/dao/stream/remote-meet-test_test.dart: null dao.stream.remote-meet-test/lease-reclaim-as-not-found-test
09:47 +1423: /Users/sto/workspace/datomworld-py-c3int1/test/cljd-out/dao/stream/remote-meet-test_test.dart: null dao.stream.remote-meet-test/fanout-bounds-one-step-test
09:47 +1424: /Users/sto/workspace/datomworld-py-c3int1/test/cljd-out/dao/stream/remote-meet-test_test.dart: null dao.stream.remote-meet-test/meet-here-tags-the-observed-address-test
09:47 +1425: /Users/sto/workspace/datomworld-py-c3int1/test/cljd-out/dao/stream/remote-meet-test_test.dart: null dao.stream.remote-meet-test/restricted-nat-punch-test
09:49 +1426: /Users/sto/workspace/datomworld-py-c3int1/test/cljd-out/dao/stream/observe-test_test.dart: null dao.stream.observe-test/an-unrecognized-read-is-refused-with-its-own-outcome
09:49 +1427: /Users/sto/workspace/datomworld-py-c3int1/test/cljd-out/dao/stream/observe-test_test.dart: null dao.stream.observe-test/an-unrecognized-effect-answer-fails-as-refused-does
09:49 +1428: /Users/sto/workspace/datomworld-py-c3int1/test/cljd-out/dao/stream/observe-test_test.dart: null dao.stream.observe-test/a-refused-read-is-its-own-refused-status
09:49 +1429: /Users/sto/workspace/datomworld-py-c3int1/test/cljd-out/dao/stream/observe-test_test.dart: null dao.stream.observe-test/every-read-outcome-maps-to-exactly-one-status
09:49 +1430: /Users/sto/workspace/datomworld-py-c3int1/test/cljd-out/dao/stream/observe-test_test.dart: null dao.stream.observe-test/the-source-is-read-once-at-the-given-cursor
09:49 +1431: /Users/sto/workspace/datomworld-py-c3int1/test/cljd-out/dao/stream/observe-test_test.dart: null dao.stream.observe-test/a-throwing-effect-propagates-with-no-result
09:49 +1432: /Users/sto/workspace/datomworld-py-c3int1/test/cljd-out/dao/stream/observe-test_test.dart: null dao.stream.observe-test/a-malformed-effect-answer-is-a-failure-with-the-raw-answer-retained
09:49 +1433: /Users/sto/workspace/datomworld-py-c3int1/test/cljd-out/dao/stream/observe-test_test.dart: null dao.stream.observe-test/the-cursor-advances-only-on-advance
09:49 +1434: /Users/sto/workspace/datomworld-py-c3int1/test/cljd-out/dao/stream/observe-test_test.dart: null dao.stream.observe-test/the-read-is-retained-on-every-status
09:49 +1435: /Users/sto/workspace/datomworld-py-c3int1/test/cljd-out/dao/stream/observe-test_test.dart: null dao.stream.observe-test/a-malformed-read-is-a-defect-with-the-raw-answer-retained
09:49 +1436: /Users/sto/workspace/datomworld-py-c3int1/test/cljd-out/dao/stream/observe-test_test.dart: null dao.stream.observe-test/recovery-is-present-exactly-on-gap
09:49 +1437: /Users/sto/workspace/datomworld-py-c3int1/test/cljd-out/dao/stream/observe-test_test.dart: null dao.stream.observe-test/the-effect-runs-exactly-once-and-only-on-a-read-ok
09:49 +1438: /Users/sto/workspace/datomworld-py-c3int1/test/cljd-out/dao/stream/observe-test_test.dart: null dao.stream.observe-test/every-effect-outcome-maps-to-exactly-one-status
09:52 +1439: /Users/sto/workspace/datomworld-py-c3int1/test/cljd-out/dao/stream/rpc-test_test.dart: null dao.stream.rpc-test/an-unsent-envelope-is-not-retried-before-the-cursor-is-minted
09:52 +1440: /Users/sto/workspace/datomworld-py-c3int1/test/cljd-out/dao/stream/rpc-test_test.dart: null dao.stream.rpc-test/reflection-transport-error-translates-into-the-client-terminal-vocabulary
09:52 +1441: /Users/sto/workspace/datomworld-py-c3int1/test/cljd-out/dao/stream/rpc-test_test.dart: null dao.stream.rpc-test/an-unsafe-reply-id-is-a-diagnostic-consumed-once
09:52 +1442: /Users/sto/workspace/datomworld-py-c3int1/test/cljd-out/dao/stream/rpc-test_test.dart: null dao.stream.rpc-test/gap-loss-is-conservative-and-leaves-nothing-outstanding
09:52 +1443: /Users/sto/workspace/datomworld-py-c3int1/test/cljd-out/dao/stream/rpc-test_test.dart: null dao.stream.rpc-test/an-abandoned-unsent-request-is-completed-with-its-reason-and-never-resent
09:52 +1444: /Users/sto/workspace/datomworld-py-c3int1/test/cljd-out/dao/stream/rpc-test_test.dart: null dao.stream.rpc-test/unsolicited-and-malformed-responses-are-consumed-as-diagnostics
09:52 +1445: /Users/sto/workspace/datomworld-py-c3int1/test/cljd-out/dao/stream/rpc-test_test.dart: null dao.stream.rpc-test/an-invalid-error-body-is-rejected-and-leaves-the-request-outstanding
09:52 +1446: /Users/sto/workspace/datomworld-py-c3int1/test/cljd-out/dao/stream/rpc-test_test.dart: null dao.stream.rpc-test/append-terminal-outcome-completes-unsent-without-marking-it-outstanding
09:52 +1447: /Users/sto/workspace/datomworld-py-c3int1/test/cljd-out/dao/stream/rpc-test_test.dart: null dao.stream.rpc-test/a-retryable-mint-stays-idle-and-unterminal
09:52 +1448: /Users/sto/workspace/datomworld-py-c3int1/test/cljd-out/dao/stream/rpc-test_test.dart: null dao.stream.rpc-test/at-the-outstanding-limit-request-answers-backpressure
09:52 +1449: /Users/sto/workspace/datomworld-py-c3int1/test/cljd-out/dao/stream/rpc-test_test.dart: null dao.stream.rpc-test/request-reserves-an-opaque-safe-id-and-does-not-loop-on-full
09:52 +1450: /Users/sto/workspace/datomworld-py-c3int1/test/cljd-out/dao/stream/rpc-test_test.dart: null dao.stream.rpc-test/a-reasoned-mint-failure-reaches-the-terminal-not-idle-forever
09:52 +1451: /Users/sto/workspace/datomworld-py-c3int1/test/cljd-out/dao/stream/rpc-test_test.dart: null dao.stream.rpc-test/no-surface-and-oversize-keep-their-own-terminal-words
09:52 +1452: /Users/sto/workspace/datomworld-py-c3int1/test/cljd-out/dao/stream/rpc-test_test.dart: null dao.stream.rpc-test/poll-uses-the-returned-cursor-and-completes-a-matching-response-once
09:52 +1453: /Users/sto/workspace/datomworld-py-c3int1/test/cljd-out/dao/stream/rpc-test_test.dart: null dao.stream.rpc-test/diagnostics-publish-exactly-once-and-do-not-accumulate
09:52 +1454: /Users/sto/workspace/datomworld-py-c3int1/test/cljd-out/dao/stream/rpc-test_test.dart: null dao.stream.rpc-test/rebind-clears-only-a-detached-terminal-and-keeps-the-id-allocator
09:52 +1455: /Users/sto/workspace/datomworld-py-c3int1/test/cljd-out/dao/stream/rpc-test_test.dart: null dao.stream.rpc-test/wire-values-are-apply-envelopes-preserved-whole
09:52 +1456: /Users/sto/workspace/datomworld-py-c3int1/test/cljd-out/dao/stream/rpc-test_test.dart: null dao.stream.rpc-test/a-terminal-mint-prevents-sending
09:52 +1457: /Users/sto/workspace/datomworld-py-c3int1/test/cljd-out/dao/stream/rpc-test_test.dart: null dao.stream.rpc-test/request-on-an-unresolved-anchor-is-cursor-pending-and-changes-nothing
09:55 +1458: /Users/sto/workspace/datomworld-py-c3int1/test/cljd-out/dao/stream/apply-test_test.dart: null dao.stream.apply-test/endpoint-and-explicit-cursor-helpers
09:55 +1459: /Users/sto/workspace/datomworld-py-c3int1/test/cljd-out/dao/stream/apply-test_test.dart: null dao.stream.apply-test/envelope-shapes-are-validated
09:55 +1460: /Users/sto/workspace/datomworld-py-c3int1/test/cljd-out/dao/stream/apply-test_test.dart: null dao.stream.apply-test/dispatch-is-correlated-and-never-leaks-handler-errors
09:55 +1461: /Users/sto/workspace/datomworld-py-c3int1/test/cljd-out/dao/stream/apply-test_test.dart: null dao.stream.apply-test/apply-serves-over-a-framebuffer-with-opaque-ids
09:55 +1462: /Users/sto/workspace/datomworld-py-c3int1/test/cljd-out/dao/stream/apply-test_test.dart: null dao.stream.apply-test/serve-once-consumes-malformed-elements-without-calling-a-handler
09:55 +1463: /Users/sto/workspace/datomworld-py-c3int1/test/cljd-out/dao/stream/apply-test_test.dart: null dao.stream.apply-test/serve-once-retains-a-response-until-it-is-delivered
09:58 +1464: /Users/sto/workspace/datomworld-py-c3int1/test/cljd-out/dao/stream/middleware-test_test.dart: null dao.stream.middleware-test/the-index-interpreter-exemplar-publishes-decisions
09:58 +1465: /Users/sto/workspace/datomworld-py-c3int1/test/cljd-out/dao/stream/middleware-test_test.dart: null dao.stream.middleware-test/present-associates-the-credential-inward
09:58 +1466: /Users/sto/workspace/datomworld-py-c3int1/test/cljd-out/dao/stream/middleware-test_test.dart: null dao.stream.middleware-test/a-gate-with-the-channel-allow-list-refuses
09:59 +1467: /Users/sto/workspace/datomworld-py-c3int1/test/cljd-out/dao/stream/middleware-test_test.dart: null dao.stream.middleware-test/apply-request-dispatches-each-operation-once
09:59 +1468: /Users/sto/workspace/datomworld-py-c3int1/test/cljd-out/dao/stream/middleware-test_test.dart: null dao.stream.middleware-test/an-undecodable-value-is-presented-as-the-marker
09:59 +1469: /Users/sto/workspace/datomworld-py-c3int1/test/cljd-out/dao/stream/middleware-test_test.dart: null dao.stream.middleware-test/a-gate-reads-the-latest-decision-through-a-capacity-1-medium
09:59 +1470: /Users/sto/workspace/datomworld-py-c3int1/test/cljd-out/dao/stream/middleware-test_test.dart: null dao.stream.middleware-test/an-out-that-violates-the-position-rule-raises
09:59 +1471: /Users/sto/workspace/datomworld-py-c3int1/test/cljd-out/dao/stream/middleware-test_test.dart: null dao.stream.middleware-test/the-gate-decision-read-lifecycle
09:59 +1472: /Users/sto/workspace/datomworld-py-c3int1/test/cljd-out/dao/stream/middleware-test_test.dart: null dao.stream.middleware-test/descriptor-and-close-delegate-unchanged
09:59 +1473: /Users/sto/workspace/datomworld-py-c3int1/test/cljd-out/dao/stream/middleware-test_test.dart: null dao.stream.middleware-test/a-value-cipher-preserves-positions-cursors-and-outcomes
09:59 +1474: /Users/sto/workspace/datomworld-py-c3int1/test/cljd-out/dao/stream/middleware-test_test.dart: null dao.stream.middleware-test/an-in-outcome-short-circuits-past-the-inner-handle
09:59 +1475: /Users/sto/workspace/datomworld-py-c3int1/test/cljd-out/dao/stream/middleware-test_test.dart: null dao.stream.middleware-test/wrap-runs-ins-outermost-first-and-outs-innermost-outward
09:59 +1476: /Users/sto/workspace/datomworld-py-c3int1/test/cljd-out/dao/stream/middleware-test_test.dart: null dao.stream.middleware-test/an-out-adding-a-nil-protected-key-raises
09:59 +1477: /Users/sto/workspace/datomworld-py-c3int1/test/cljd-out/dao/stream/middleware-test_test.dart: null dao.stream.middleware-test/metering-emits-per-operation-and-keeps-the-outcome
09:59 +1478: /Users/sto/workspace/datomworld-py-c3int1/test/cljd-out/dao/stream/middleware-test_test.dart: null dao.stream.middleware-test/a-filter-cannot-be-expressed
09:59 +1479: /Users/sto/workspace/datomworld-py-c3int1/test/cljd-out/dao/stream/middleware-test_test.dart: null dao.stream.middleware-test/an-untransformable-value-answers-invalid-value-on-the-way-in
09:59 +1480: /Users/sto/workspace/datomworld-py-c3int1/test/cljd-out/dao/stream/middleware-test_test.dart: null dao.stream.middleware-test/the-wrapped-handle-implements-exactly-the-inner-surfaces
10:03 +1481: /Users/sto/workspace/datomworld-py-c3int1/test/cljd-out/dao/stream/cbor-test_test.dart: null dao.stream.cbor-test/profile-is-a-binary-codec-profile
10:03 +1482: /Users/sto/workspace/datomworld-py-c3int1/test/cljd-out/dao/stream/cbor-test_test.dart: null dao.stream.cbor-test/encoding-is-deterministic
10:03 +1483: /Users/sto/workspace/datomworld-py-c3int1/test/cljd-out/dao/stream/cbor-test_test.dart: null dao.stream.cbor-test/out-of-domain-values-are-refused-before-the-wire
10:03 +1484: /Users/sto/workspace/datomworld-py-c3int1/test/cljd-out/dao/stream/cbor-test_test.dart: null dao.stream.cbor-test/non-canonical-and-malformed-frames-are-refused
10:03 +1485: /Users/sto/workspace/datomworld-py-c3int1/test/cljd-out/dao/stream/cbor-test_test.dart: null dao.stream.cbor-test/byte-strings-ride-as-major-type-2
10:03 +1486: /Users/sto/workspace/datomworld-py-c3int1/test/cljd-out/dao/stream/cbor-test_test.dart: null dao.stream.cbor-test/list-and-vector-stay-distinct-through-the-wire
10:03 +1487: /Users/sto/workspace/datomworld-py-c3int1/test/cljd-out/dao/stream/cbor-test_test.dart: null dao.stream.cbor-test/frozen-fixtures-decode-and-re-encode-identically
10:03 +1488: /Users/sto/workspace/datomworld-py-c3int1/test/cljd-out/dao/stream/cbor-test_test.dart: null dao.stream.cbor-test/transit-domain-stays-a-subset-of-the-cbor-domain
10:03 +1489: /Users/sto/workspace/datomworld-py-c3int1/test/cljd-out/dao/stream/cbor-test_test.dart: null dao.stream.cbor-test/round-trips-preserve-collection-distinctions-and-metadata
10:07 +1490: /Users/sto/workspace/datomworld-py-c3int1/test/cljd-out/dao/stream/memory-log-test_test.dart: null dao.stream.memory-log-test/creation-spec-rule
10:07 +1491: /Users/sto/workspace/datomworld-py-c3int1/test/cljd-out/dao/stream/memory-log-test_test.dart: null dao.stream.memory-log-test/memory-log-projector-linearizability-test
10:07 +1492: /Users/sto/workspace/datomworld-py-c3int1/test/cljd-out/dao/stream/memory-log-test_test.dart: null dao.stream.memory-log-test/next-is-total
10:07 +1493: /Users/sto/workspace/datomworld-py-c3int1/test/cljd-out/dao/stream/memory-log-test_test.dart: null dao.stream.memory-log-test/complete-retention
10:07 +1494: /Users/sto/workspace/datomworld-py-c3int1/test/cljd-out/dao/stream/memory-log-test_test.dart: null dao.stream.memory-log-test/memory-log-manifest-is-valid
10:07 +1495: /Users/sto/workspace/datomworld-py-c3int1/test/cljd-out/dao/stream/memory-log-test_test.dart: null dao.stream.memory-log-test/memory-log-conformance-test
10:09 +1496: /Users/sto/workspace/datomworld-py-c3int1/test/cljd-out/dao/stream/transit-test_test.dart: null dao.stream.transit-test/portable-number-domain-test
10:09 +1497: /Users/sto/workspace/datomworld-py-c3int1/test/cljd-out/dao/stream/transit-test_test.dart: null dao.stream.transit-test/portable-domain-roundtrip-test
10:09 +1498: /Users/sto/workspace/datomworld-py-c3int1/test/cljd-out/dao/stream/transit-test_test.dart: null dao.stream.transit-test/decoded-lists-carry-no-minted-metadata-test
10:09 +1499: /Users/sto/workspace/datomworld-py-c3int1/test/cljd-out/dao/stream/transit-test_test.dart: null dao.stream.transit-test/descriptor-identity-gate-test
10:09 +1500: /Users/sto/workspace/datomworld-py-c3int1/test/cljd-out/dao/stream/transit-test_test.dart: null dao.stream.transit-test/nonportable-values-rejected-test
10:11 +1501: /Users/sto/workspace/datomworld-py-c3int1/test/cljd-out/dao/stream/ws-codec-test_test.dart: null dao.stream.ws-codec-test/a-subprotocol-the-endpoint-does-not-speak-is-refused-never-downgraded
10:11 +1502: /Users/sto/workspace/datomworld-py-c3int1/test/cljd-out/dao/stream/ws-codec-test_test.dart: null dao.stream.ws-codec-test/one-endpoint-serves-transit-and-cbor-concurrently
10:11 +1503: /Users/sto/workspace/datomworld-py-c3int1/test/cljd-out/dao/stream/ws-codec-test_test.dart: null dao.stream.ws-codec-test/a-text-frame-on-a-binary-profile-is-a-protocol-failure
10:11 +1504: /Users/sto/workspace/datomworld-py-c3int1/test/cljd-out/dao/stream/ws-codec-test_test.dart: null dao.stream.ws-codec-test/a-cbor-attachment-sends-and-receives-typed-binary-frames
10:13 +1505: /Users/sto/workspace/datomworld-py-c3int1/test/cljd-out/dao/stream/remote-pair-test_test.dart: null dao.stream.remote-pair-test/pair-gap-ends-the-channel-test
10:13 +1506: /Users/sto/workspace/datomworld-py-c3int1/test/cljd-out/dao/stream/remote-pair-test_test.dart: null dao.stream.remote-pair-test/relay-round-trip-test
10:13 +1507: /Users/sto/workspace/datomworld-py-c3int1/test/cljd-out/dao/stream/remote-pair-test_test.dart: null dao.stream.remote-pair-test/reattachment-resumes-test
10:13 +1508: /Users/sto/workspace/datomworld-py-c3int1/test/cljd-out/dao/stream/remote-pair-test_test.dart: null dao.stream.remote-pair-test/a-retryable-in-transport-error-does-not-end-the-binding-test
10:13 +1509: /Users/sto/workspace/datomworld-py-c3int1/test/cljd-out/dao/stream/remote-pair-test_test.dart: null dao.stream.remote-pair-test/pair-not-found-ends-the-channel-test
10:13 +1510: /Users/sto/workspace/datomworld-py-c3int1/test/cljd-out/dao/stream/remote-pair-test_test.dart: null dao.stream.remote-pair-test/two-identities-share-one-pair-link-test
10:15 +1511: /Users/sto/workspace/datomworld-py-c3int1/test/cljd-out/dao/stream/ws-test_test.dart: null dao.stream.ws-test/a-frame-arriving-during-the-replay-deposits-after-older-frames
10:15 +1512: /Users/sto/workspace/datomworld-py-c3int1/test/cljd-out/dao/stream/ws-test_test.dart: null dao.stream.ws-test/client-attachment-is-a-writer-only-nonwaiting-handle
10:15 +1513: /Users/sto/workspace/datomworld-py-c3int1/test/cljd-out/dao/stream/ws-test_test.dart: null dao.stream.ws-test/a-frame-before-acknowledgement-is-queued-and-replays-in-order
10:15 +1514: /Users/sto/workspace/datomworld-py-c3int1/test/cljd-out/dao/stream/ws-test_test.dart: null dao.stream.ws-test/descriptor-bootstrap-keeps-independent-attachments-distinct
10:15 +1515: /Users/sto/workspace/datomworld-py-c3int1/test/cljd-out/dao/stream/ws-test_test.dart: null dao.stream.ws-test/nil-payloads-keep-an-explicit-value-key
10:15 +1516: /Users/sto/workspace/datomworld-py-c3int1/test/cljd-out/dao/stream/ws-test_test.dart: null dao.stream.ws-test/close-ended-is-distinct-from-generic-detachment
10:15 +1517: /Users/sto/workspace/datomworld-py-c3int1/test/cljd-out/dao/stream/ws-test_test.dart: null dao.stream.ws-test/inbound-values-and-terminal-events-are-deposited-on-the-composed-medium
10:15 +1518: /Users/sto/workspace/datomworld-py-c3int1/test/cljd-out/dao/stream/ws-test_test.dart: null dao.stream.ws-test/invalid-descriptors-and-nonportable-values-never-open-or-send
10:15 +1519: /Users/sto/workspace/datomworld-py-c3int1/test/cljd-out/dao/stream/ws-test_test.dart: null dao.stream.ws-test/endpoint-holds-offer-until-a-matching-acknowledgement
10:15 +1520: /Users/sto/workspace/datomworld-py-c3int1/test/cljd-out/dao/stream/ws-test_test.dart: null dao.stream.ws-test/established-attachments-reject-bad-wire-values-and-close-on-protocol-errors
10:15 +1521: /Users/sto/workspace/datomworld-py-c3int1/test/cljd-out/dao/stream/ws-test_test.dart: null dao.stream.ws-test/a-lost-pending-connection-cannot-be-accepted-later
10:15 +1522: /Users/sto/workspace/datomworld-py-c3int1/test/cljd-out/dao/stream/ws-test_test.dart: null dao.stream.ws-test/pre-accept-peer-loss-releases-its-handoff-slot
10:16 +1523: /Users/sto/workspace/datomworld-py-c3int1/test/cljd-out/dao/stream/observer-test_test.dart: null dao.stream.observer-test/attach-preserves-a-cursor-construction-failure-test
10:16 +1524: /Users/sto/workspace/datomworld-py-c3int1/test/cljd-out/dao/stream/observer-test_test.dart: null dao.stream.observer-test/a-failing-loader-leaves-the-old-cursor-for-a-retry-test
10:17 +1525: /Users/sto/workspace/datomworld-py-c3int1/test/cljd-out/dao/stream/observer-test_test.dart: null dao.stream.observer-test/attach-rejects-a-handle-without-the-reader-surface-test
10:17 +1526: /Users/sto/workspace/datomworld-py-c3int1/test/cljd-out/dao/stream/observer-test_test.dart: null dao.stream.observer-test/a-load-failure-carries-the-session-before-the-failing-batch-test
10:17 +1527: /Users/sto/workspace/datomworld-py-c3int1/test/cljd-out/dao/stream/observer-test_test.dart: null dao.stream.observer-test/observe-next-ok-test
10:17 +1528: /Users/sto/workspace/datomworld-py-c3int1/test/cljd-out/dao/stream/observer-test_test.dart: null dao.stream.observer-test/attach-keeps-a-supplied-cursor-and-gap-count-test
10:17 +1529: /Users/sto/workspace/datomworld-py-c3int1/test/cljd-out/dao/stream/observer-test_test.dart: null dao.stream.observer-test/a-run-failure-carries-the-session-after-the-loaded-batch-test
10:17 +1530: /Users/sto/workspace/datomworld-py-c3int1/test/cljd-out/dao/stream/observer-test_test.dart: null dao.stream.observer-test/run-on-stream-recovers-across-a-gap-test
10:17 +1531: /Users/sto/workspace/datomworld-py-c3int1/test/cljd-out/dao/stream/observer-test_test.dart: null dao.stream.observer-test/run-on-stream-returns-on-blocked-and-end-without-running-test
10:17 +1532: /Users/sto/workspace/datomworld-py-c3int1/test/cljd-out/dao/stream/observer-test_test.dart: null dao.stream.observer-test/run-on-stream-returns-when-execution-suspends-test
10:17 +1533: /Users/sto/workspace/datomworld-py-c3int1/test/cljd-out/dao/stream/observer-test_test.dart: null dao.stream.observer-test/attach-calls-the-capability-exactly-once-test
10:17 +1534: /Users/sto/workspace/datomworld-py-c3int1/test/cljd-out/dao/stream/observer-test_test.dart: null dao.stream.observer-test/run-on-stream-inspects-no-evaluator-fields-test
10:17 +1535: /Users/sto/workspace/datomworld-py-c3int1/test/cljd-out/dao/stream/observer-test_test.dart: null dao.stream.observer-test/observe-next-blocked-and-end-retain-the-cursor-test
10:17 +1536: /Users/sto/workspace/datomworld-py-c3int1/test/cljd-out/dao/stream/observer-test_test.dart: null dao.stream.observer-test/the-carried-throw-preserves-the-original-as-cause-test
10:17 +1537: /Users/sto/workspace/datomworld-py-c3int1/test/cljd-out/dao/stream/observer-test_test.dart: null dao.stream.observer-test/the-observer-never-writes-or-closes-the-medium-test
10:17 +1538: /Users/sto/workspace/datomworld-py-c3int1/test/cljd-out/dao/stream/observer-test_test.dart: null dao.stream.observer-test/a-terminal-read-after-a-processed-batch-carries-the-session-test
10:17 +1539: /Users/sto/workspace/datomworld-py-c3int1/test/cljd-out/dao/stream/observer-test_test.dart: null dao.stream.observer-test/observe-next-gap-recovers-and-counts-test
10:17 +1540: /Users/sto/workspace/datomworld-py-c3int1/test/cljd-out/dao/stream/observer-test_test.dart: null dao.stream.observer-test/attach-preserves-failing-outcomes-test
10:17 +1541: /Users/sto/workspace/datomworld-py-c3int1/test/cljd-out/dao/stream/observer-test_test.dart: null dao.stream.observer-test/observe-next-throws-on-terminal-and-unexpected-outcomes-test
10:17 +1542: /Users/sto/workspace/datomworld-py-c3int1/test/cljd-out/dao/stream/observer-test_test.dart: null dao.stream.observer-test/independent-observers-keep-independent-cursors-test
10:17 +1543: /Users/sto/workspace/datomworld-py-c3int1/test/cljd-out/dao/stream/observer-test_test.dart: null dao.stream.observer-test/a-run-failure-reports-partial-flush-progress-test
10:17 +1544: /Users/sto/workspace/datomworld-py-c3int1/test/cljd-out/dao/stream/observer-test_test.dart: null dao.stream.observer-test/the-attachment-entry-is-descriptor-only-test
10:17 +1545: /Users/sto/workspace/datomworld-py-c3int1/test/cljd-out/dao/stream/observer-test_test.dart: null dao.stream.observer-test/run-on-stream-runs-before-observing-when-not-ready-test
10:18 +1546: /Users/sto/workspace/datomworld-py-c3int1/test/cljd-out/dao/stream/waitset-test_test.dart: null dao.stream.waitset-test/gap-recovery-wakes-co-waiters-from-the-recovery-position
10:18 +1547: /Users/sto/workspace/datomworld-py-c3int1/test/cljd-out/dao/stream/waitset-test_test.dart: null dao.stream.waitset-test/invalid-answers-fold-into-a-qualified-terminal-diagnostic
10:18 +1548: /Users/sto/workspace/datomworld-py-c3int1/test/cljd-out/dao/stream/waitset-test_test.dart: null dao.stream.waitset-test/diagnostics-never-wait-and-never-touch-a-stream
10:19 +1549: /Users/sto/workspace/datomworld-py-c3int1/test/cljd-out/dao/stream/waitset-test_test.dart: null dao.stream.waitset-test/shared-cursor-wakes-co-waiters-on-distinct-values-in-wait-set-order
10:19 +1550: /Users/sto/workspace/datomworld-py-c3int1/test/cljd-out/dao/stream/waitset-test_test.dart: null dao.stream.waitset-test/parked-writer-retries-by-appending
10:19 +1551: /Users/sto/workspace/datomworld-py-c3int1/test/cljd-out/dao/stream/waitset-test_test.dart: null dao.stream.waitset-test/probe-observes-without-committing-and-reparks-to-the-next-value
10:19 +1552: /Users/sto/workspace/datomworld-py-c3int1/test/cljd-out/dao/stream/waitset-test_test.dart: null dao.stream.waitset-test/park-is-total-over-missing-and-nil-waiting
10:19 +1553: /Users/sto/workspace/datomworld-py-c3int1/test/cljd-out/dao/stream/waitset-test_test.dart: null dao.stream.waitset-test/woken-results-carry-what-the-poll-yielded
10:19 +1554: /Users/sto/workspace/datomworld-py-c3int1/test/cljd-out/dao/stream/waitset-test_test.dart: null dao.stream.waitset-test/undeclared-outcome-is-terminal-under-its-own-keyword
10:19 +1555: /Users/sto/workspace/datomworld-py-c3int1/test/cljd-out/dao/stream/waitset-test_test.dart: null dao.stream.waitset-test/classification-is-pinned-per-operation
10:19 +1556: /Users/sto/workspace/datomworld-py-c3int1/test/cljd-out/dao/stream/waitset-test_test.dart: null dao.stream.waitset-test/woken-is-per-call-and-entries-come-back-as-given
10:19 +1557: /Users/sto/workspace/datomworld-py-c3int1/test/cljd-out/dao/stream/waitset-test_test.dart: null dao.stream.waitset-test/sweeps-a-non-vm-store-and-returns-host-key-entries-intact
10:19 +1558: /Users/sto/workspace/datomworld-py-c3int1/test/cljd-out/dao/stream/waitset-test_test.dart: null dao.stream.waitset-test/checking-an-empty-waitset-touches-nothing
10:20 +1559: /Users/sto/workspace/datomworld-py-c3int1/test/cljd-out/dao/stream/forward-test_test.dart: null dao.stream.forward-test/gap-resume-is-bounded-and-total
10:20 +1560: /Users/sto/workspace/datomworld-py-c3int1/test/cljd-out/dao/stream/forward-test_test.dart: null dao.stream.forward-test/gap-policy-is-explicit
10:20 +1561: /Users/sto/workspace/datomworld-py-c3int1/test/cljd-out/dao/stream/forward-test_test.dart: null dao.stream.forward-test/blocked-and-full-do-not-advance-cursor
10:20 +1562: /Users/sto/workspace/datomworld-py-c3int1/test/cljd-out/dao/stream/forward-test_test.dart: null dao.stream.forward-test/terminal-outcomes-are-explicit-and-no-close-is-implied
10:20 +1563: /Users/sto/workspace/datomworld-py-c3int1/test/cljd-out/dao/stream/forward-test_test.dart: null dao.stream.forward-test/forwards-a-bounded-batch
10:22 +1564: /Users/sto/workspace/datomworld-py-c3int1/test/cljd-out/dao/stream/udp-raw-test_test.dart: null dao.stream.udp-raw-test/single-datagram-value-crosses-the-raw-layer
10:22 +1565: /Users/sto/workspace/datomworld-py-c3int1/test/cljd-out/dao/stream/udp-raw-test_test.dart: null dao.stream.udp-raw-test/send-value-answers-raw-transport-error
10:22 +1566: /Users/sto/workspace/datomworld-py-c3int1/test/cljd-out/dao/stream/udp-raw-test_test.dart: null dao.stream.udp-raw-test/send-value-answers-first-fragment-failure-and-sends-no-more
10:22 +1567: /Users/sto/workspace/datomworld-py-c3int1/test/cljd-out/dao/stream/udp-raw-test_test.dart: null dao.stream.udp-raw-test/fragmented-value-crosses-the-raw-layer
10:22 +1568: /Users/sto/workspace/datomworld-py-c3int1/test/cljd-out/dao/stream/udp-raw-test_test.dart: null dao.stream.udp-raw-test/port-step-budget-counts-skipped-events
10:22 +1569: /Users/sto/workspace/datomworld-py-c3int1/test/cljd-out/dao/stream/udp-raw-test_test.dart: null dao.stream.udp-raw-test/port-step-without-a-raw-reader-is-a-composition-defect
10:22 +1570: /Users/sto/workspace/datomworld-py-c3int1/test/cljd-out/dao/stream/udp-raw-test_test.dart: null dao.stream.udp-raw-test/port-step-gap-adopts-the-recovery-cursor
10:22 +1571: /Users/sto/workspace/datomworld-py-c3int1/test/cljd-out/dao/stream/udp-raw-test_test.dart: null dao.stream.udp-raw-test/send-value-answers-raw-closed-and-sends-nothing
10:22 +1572: /Users/sto/workspace/datomworld-py-c3int1/test/cljd-out/dao/stream/udp-raw-test_test.dart: null dao.stream.udp-raw-test/both-directions-and-multiple-values-cross
10:22 +1573: /Users/sto/workspace/datomworld-py-c3int1/test/cljd-out/dao/stream/udp-raw-test_test.dart: null dao.stream.udp-raw-test/port-step-is-bounded-by-the-budget
10:22 +1574: /Users/sto/workspace/datomworld-py-c3int1/test/cljd-out/dao/stream/udp-raw-test_test.dart: null dao.stream.udp-raw-test/port-step-skips-lifecycle-and-dht-datagrams
10:24 +1575: /Users/sto/workspace/datomworld-py-c3int1/test/cljd-out/dao/stream/datagram-test_test.dart: null dao.stream.datagram-test/writer-declares-exactly-writer-and-closable
10:24 +1576: /Users/sto/workspace/datomworld-py-c3int1/test/cljd-out/dao/stream/datagram-test_test.dart: null dao.stream.datagram-test/attach-resolves-only-what-the-composition-kept
10:24 +1577: /Users/sto/workspace/datomworld-py-c3int1/test/cljd-out/dao/stream/datagram-test_test.dart: null dao.stream.datagram-test/writer-sends-a-zero-length-datagram-as-the-empty-string
10:24 +1578: /Users/sto/workspace/datomworld-py-c3int1/test/cljd-out/dao/stream/datagram-test_test.dart: null dao.stream.datagram-test/descriptor-gate
10:24 +1579: /Users/sto/workspace/datomworld-py-c3int1/test/cljd-out/dao/stream/datagram-test_test.dart: null dao.stream.datagram-test/writer-refuses-invalid-values-without-sending
10:24 +1580: /Users/sto/workspace/datomworld-py-c3int1/test/cljd-out/dao/stream/datagram-test_test.dart: null dao.stream.datagram-test/writer-hands-the-decoded-datagram-to-the-socket
10:24 +1581: /Users/sto/workspace/datomworld-py-c3int1/test/cljd-out/dao/stream/datagram-test_test.dart: null dao.stream.datagram-test/writer-clamps-an-excluded-seam-outcome
10:24 +1582: /Users/sto/workspace/datomworld-py-c3int1/test/cljd-out/dao/stream/datagram-test_test.dart: null dao.stream.datagram-test/datagram-event-encodes-exact-payload
10:24 +1583: /Users/sto/workspace/datomworld-py-c3int1/test/cljd-out/dao/stream/datagram-test_test.dart: null dao.stream.datagram-test/port-rule
10:24 +1584: /Users/sto/workspace/datomworld-py-c3int1/test/cljd-out/dao/stream/datagram-test_test.dart: null dao.stream.datagram-test/writer-refuses-decoded-length-over-max-bytes
10:24 +1585: /Users/sto/workspace/datomworld-py-c3int1/test/cljd-out/dao/stream/datagram-test_test.dart: null dao.stream.datagram-test/ip-literal-rule
10:24 +1586: /Users/sto/workspace/datomworld-py-c3int1/test/cljd-out/dao/stream/datagram-test_test.dart: null dao.stream.datagram-test/writer-answers-synchronous-send-failure-cleanly
10:24 +1587: /Users/sto/workspace/datomworld-py-c3int1/test/cljd-out/dao/stream/datagram-test_test.dart: null dao.stream.datagram-test/closed-socket-refuses-and-close-is-idempotent
10:24 +1588: /Users/sto/workspace/datomworld-py-c3int1/test/cljd-out/dao/stream/datagram-test_test.dart: null dao.stream.datagram-test/lifecycle-events-are-exact-shapes
10:26 +1589: /Users/sto/workspace/datomworld-py-c3int1/test/cljd-out/dao/stream/waitset/cadence-test_test.dart: null dao.stream.waitset.cadence-test/an-idle-owner-climbs-to-the-ceiling-and-stays
10:26 +1590: /Users/sto/workspace/datomworld-py-c3int1/test/cljd-out/dao/stream/waitset/cadence-test_test.dart: null dao.stream.waitset.cadence-test/parameters-are-validated-at-init
10:26 +1591: /Users/sto/workspace/datomworld-py-c3int1/test/cljd-out/dao/stream/waitset/cadence-test_test.dart: null dao.stream.waitset.cadence-test/without-backoff-the-curve-is-flat
10:26 +1592: /Users/sto/workspace/datomworld-py-c3int1/test/cljd-out/dao/stream/waitset/cadence-test_test.dart: null dao.stream.waitset.cadence-test/a-fresh-state-wakes-at-poll-ms
10:26 +1593: /Users/sto/workspace/datomworld-py-c3int1/test/cljd-out/dao/stream/waitset/cadence-test_test.dart: null dao.stream.waitset.cadence-test/a-current-above-the-ceiling-comes-back-down-to-it
10:26 +1594: /Users/sto/workspace/datomworld-py-c3int1/test/cljd-out/dao/stream/waitset/cadence-test_test.dart: null dao.stream.waitset.cadence-test/a-wake-resets-the-curve-to-poll-ms
10:27 +1595: /Users/sto/workspace/datomworld-py-c3int1/test/cljd-out/dao/stream/waitset/driver-test_test.dart: null dao.stream.waitset.driver-test/an-armed-timer-fires-the-tick-and-only-the-tick
10:27 +1596: /Users/sto/workspace/datomworld-py-c3int1/test/cljd-out/dao/stream/waitset/driver-test_test.dart: null dao.stream.waitset.driver-test/a-nudge-from-inside-a-tick-leaves-the-timer-it-armed-alone
10:27 +1597: /Users/sto/workspace/datomworld-py-c3int1/test/cljd-out/dao/stream/waitset/driver-test_test.dart: null dao.stream.waitset.driver-test/a-parked-wait-set-keeps-being-polled-with-no-nudges
10:28 +1598: /Users/sto/workspace/datomworld-py-c3int1/test/cljd-out/dao/stream/waitset/driver-test_test.dart: null dao.stream.waitset.driver-test/a-nudge-beats-the-armed-timer
10:28 +1599: /Users/sto/workspace/datomworld-py-c3int1/test/cljd-out/dao/stream/waitset/driver-test_test.dart: null dao.stream.waitset.driver-test/repeated-nudges-coalesce-into-one-tick
10:28 +1600: /Users/sto/workspace/datomworld-py-c3int1/test/cljd-out/dao/stream/waitset/driver-test_test.dart: null dao.stream.waitset.driver-test/a-composition-wrapped-deposit-nudges-and-the-adapter-holds-no-driver-reference
10:28 +1601: /Users/sto/workspace/datomworld-py-c3int1/test/cljd-out/dao/stream/waitset/driver-test_test.dart: null dao.stream.waitset.driver-test/a-nudge-from-inside-a-tick-does-not-re-enter-it
10:28 +1602: /Users/sto/workspace/datomworld-py-c3int1/test/cljd-out/dao/stream/waitset/driver-test_test.dart: null dao.stream.waitset.driver-test/a-tick-whose-body-fails-before-its-own-arm-still-ticks-again
10:29 +1603: /Users/sto/workspace/datomworld-py-c3int1/test/cljd-out/dao/stream/datagram/dart-test_test.dart: null dao.stream.datagram.dart-test/inbound-oversize-is-never-deposited
10:29 +1604: /Users/sto/workspace/datomworld-py-c3int1/test/cljd-out/dao/stream/datagram/dart-test_test.dart: null dao.stream.datagram.dart-test/slow-reader-gaps-on-the-traffic-ring
10:29 +1605: /Users/sto/workspace/datomworld-py-c3int1/test/cljd-out/dao/stream/datagram/dart-test_test.dart: null dao.stream.datagram.dart-test/refusals-and-lifecycle-events
10:29 +1606: /Users/sto/workspace/datomworld-py-c3int1/test/cljd-out/dao/stream/datagram/dart-test_test.dart: null dao.stream.datagram.dart-test/live-socket-ip-family-failure-preserves-canary
10:29 +1607: /Users/sto/workspace/datomworld-py-c3int1/test/cljd-out/dao/stream/datagram/dart-test_test.dart: null dao.stream.datagram.dart-test/bound-then-exact-bytes-and-observed-source-round-trip
10:31 +1608: /Users/sto/workspace/datomworld-py-c3int1/test/cljd-out/dao/stream/ws/dart-test_test.dart: null dao.stream.ws.dart-test/accepted-handle-owns-the-supplied-socket-close-operation
10:31 +1609: /Users/sto/workspace/datomworld-py-c3int1/test/cljd-out/dao/stream/ws/dart-test_test.dart: null dao.stream.ws.dart-test/lifecycle-is-plain-deposit-data-and-post-close-is-closed
10:31 +1610: /Users/sto/workspace/datomworld-py-c3int1/test/cljd-out/dao/stream/ws/dart-test_test.dart: null dao.stream.ws.dart-test/canonical-request-targets-match-the-wire-contract
10:31 +1611: /Users/sto/workspace/datomworld-py-c3int1/test/cljd-out/dao/stream/ws/dart-test_test.dart: null dao.stream.ws.dart-test/production-factory-has-the-whole-host-seam
10:33 +1612: /Users/sto/workspace/datomworld-py-c3int1/test/cljd-out/dao/stream/base64-test_test.dart: null dao.stream.base64-test/decode-is-total-and-strict
10:33 +1613: /Users/sto/workspace/datomworld-py-c3int1/test/cljd-out/dao/stream/base64-test_test.dart: null dao.stream.base64-test/every-length-round-trips
10:33 +1614: /Users/sto/workspace/datomworld-py-c3int1/test/cljd-out/dao/stream/base64-test_test.dart: null dao.stream.base64-test/rfc-4648-round-trips
10:34 +1615: /Users/sto/workspace/datomworld-py-c3int1/test/cljd-out/dao/stream-test_test.dart: null dao.stream-test/refused-outcome-is-declared-for-cursor-next-append-test
10:34 +1616: /Users/sto/workspace/datomworld-py-c3int1/test/cljd-out/dao/stream-test_test.dart: null dao.stream-test/descriptor-identity-equality-test
10:34 +1617: /Users/sto/workspace/datomworld-py-c3int1/test/cljd-out/dao/stream-test_test.dart: null dao.stream-test/generic-envelope-validation-test
10:34 +1618: /Users/sto/workspace/datomworld-py-c3int1/test/cljd-out/dao/stream-test_test.dart: null dao.stream-test/conformance-manifest-validation-test
10:34 +1619: /Users/sto/workspace/datomworld-py-c3int1/test/cljd-out/dao/stream-test_test.dart: null dao.stream-test/host-dispatch-composition-test
10:34 +1620: /Users/sto/workspace/datomworld-py-c3int1/test/cljd-out/dao/stream-test_test.dart: null dao.stream-test/concurrency-oracle-linearizability-test
10:35 +1621: /Users/sto/workspace/datomworld-py-c3int1/test/cljd-out/dao/stream-test_test.dart: null dao.stream-test/result-shapes-and-open-maps-test
10:35 +1622: /Users/sto/workspace/datomworld-py-c3int1/test/cljd-out/dao/stream-test_test.dart: null dao.stream-test/surface-gating-test
10:35 +1623: /Users/sto/workspace/datomworld-py-c3int1/test/cljd-out/dao/stream-test_test.dart: null dao.stream-test/conformance-harness-full-run-test
10:35 +1624: /Users/sto/workspace/datomworld-py-c3int1/test/cljd-out/dao/stream-test_test.dart: null dao.stream-test/exhaustive-operation-outcome-declarations-test
10:36 +1625: /Users/sto/workspace/datomworld-py-c3int1/test/cljd-out/dao/pretty-test_test.dart: null dao.pretty-test/a-quote-form-nested-in-a-collection-keeps-reader-form
10:36 +1626: /Users/sto/workspace/datomworld-py-c3int1/test/cljd-out/dao/pretty-test_test.dart: null dao.pretty-test/a-quoted-symbol-prints-in-reader-form-on-every-host
10:36 +1627: /Users/sto/workspace/datomworld-py-c3int1/test/cljd-out/dao/pretty-test_test.dart: null dao.pretty-test/a-longer-list-headed-by-quote-is-still-a-list
10:38 +1628: /Users/sto/workspace/datomworld-py-c3int1/test/cljd-out/dao/data-test_test.dart: null dao.data-test/stream-identity-is-a-summarized-node
10:38 +1629: /Users/sto/workspace/datomworld-py-c3int1/test/cljd-out/dao/data-test_test.dart: null dao.data-test/map-entries
10:38 +1630: /Users/sto/workspace/datomworld-py-c3int1/test/cljd-out/dao/data-test_test.dart: null dao.data-test/number-portability
10:38 +1631: /Users/sto/workspace/datomworld-py-c3int1/test/cljd-out/dao/data-test_test.dart: null dao.data-test/items-and-entries-are-always-vectors
10:38 +1632: /Users/sto/workspace/datomworld-py-c3int1/test/cljd-out/dao/data-test_test.dart: null dao.data-test/leaf-nodes-carry-nothing-beyond-value
10:38 +1633: /Users/sto/workspace/datomworld-py-c3int1/test/cljd-out/dao/data-test_test.dart: null dao.data-test/items-bound
10:38 +1634: /Users/sto/workspace/datomworld-py-c3int1/test/cljd-out/dao/data-test_test.dart: null dao.data-test/tag-classifies-every-branch
10:38 +1635: /Users/sto/workspace/datomworld-py-c3int1/test/cljd-out/dao/data-test_test.dart: null dao.data-test/depth-bound
10:38 +1636: /Users/sto/workspace/datomworld-py-c3int1/test/cljd-out/dao/data-test_test.dart: null dao.data-test/chars-bound
10:38 +1637: /Users/sto/workspace/datomworld-py-c3int1/test/cljd-out/dao/data-test_test.dart: null dao.data-test/non-counted-probe-discipline
10:38 +1638: /Users/sto/workspace/datomworld-py-c3int1/test/cljd-out/dao/data-test_test.dart: null dao.data-test/count-presence-is-decided-by-counted?
10:38 +1639: /Users/sto/workspace/datomworld-py-c3int1/test/cljd-out/dao/data-test_test.dart: null dao.data-test/tag-orders-stream-before-map
10:40 +1640: /Users/sto/workspace/datomworld-py-c3int1/test/cljd-out/dao/gui/compiler-cljd-test_test.dart: null dao.gui.compiler-cljd-test/compile-ui-preserves-real-unary-root-errors-in-cljd-fallback
10:42 +1641: /Users/sto/workspace/datomworld-py-c3int1/test/cljd-out/dao/gui/event/pan-test_test.dart: null dao.gui.event.pan-test/x-axis-pan-rejects-pure-y-movement-before-acceptance
10:42 +1642: /Users/sto/workspace/datomworld-py-c3int1/test/cljd-out/dao/gui/event/pan-test_test.dart: null dao.gui.event.pan-test/y-axis-pan-qualification-and-orthogonal-zeroing
10:42 +1643: /Users/sto/workspace/datomworld-py-c3int1/test/cljd-out/dao/gui/event/pan-test_test.dart: null dao.gui.event.pan-test/fling-recognizes-on-velocity-alone
10:42 +1644: /Users/sto/workspace/datomworld-py-c3int1/test/cljd-out/dao/gui/event/pan-test_test.dart: null dao.gui.event.pan-test/rank-not-mode-decides-between-exclusive-and-cooperative
10:42 +1645: /Users/sto/workspace/datomworld-py-c3int1/test/cljd-out/dao/gui/event/pan-test_test.dart: null dao.gui.event.pan-test/pan-below-slop-never-accepts
10:42 +1646: /Users/sto/workspace/datomworld-py-c3int1/test/cljd-out/dao/gui/event/pan-test_test.dart: null dao.gui.event.pan-test/pan-cancel-emits-cancel-with-last-payload
10:42 +1647: /Users/sto/workspace/datomworld-py-c3int1/test/cljd-out/dao/gui/event/pan-test_test.dart: null dao.gui.event.pan-test/pan-start-at-down-includes-pre-acceptance-displacement
10:42 +1648: /Users/sto/workspace/datomworld-py-c3int1/test/cljd-out/dao/gui/event/pan-test_test.dart: null dao.gui.event.pan-test/ancestor-pan-beats-child-tap-on-slop
10:42 +1649: /Users/sto/workspace/datomworld-py-c3int1/test/cljd-out/dao/gui/event/pan-test_test.dart: null dao.gui.event.pan-test/fling-below-min-velocity-rejects
10:42 +1650: /Users/sto/workspace/datomworld-py-c3int1/test/cljd-out/dao/gui/event/pan-test_test.dart: null dao.gui.event.pan-test/swipe-recognizes-on-qualified-up
10:42 +1651: /Users/sto/workspace/datomworld-py-c3int1/test/cljd-out/dao/gui/event/pan-test_test.dart: null dao.gui.event.pan-test/shared-coexistence-group-accepts-together-in-rank-order
10:42 +1652: /Users/sto/workspace/datomworld-py-c3int1/test/cljd-out/dao/gui/event/pan-test_test.dart: null dao.gui.event.pan-test/pan-captured-movement-crosses-another-region-without-retarget
10:42 +1653: /Users/sto/workspace/datomworld-py-c3int1/test/cljd-out/dao/gui/event/pan-test_test.dart: null dao.gui.event.pan-test/swipe-wrong-direction-rejects
10:42 +1654: /Users/sto/workspace/datomworld-py-c3int1/test/cljd-out/dao/gui/event/pan-test_test.dart: null dao.gui.event.pan-test/child-tap-wins-when-pan-never-accepts
10:42 +1655: /Users/sto/workspace/datomworld-py-c3int1/test/cljd-out/dao/gui/event/pan-test_test.dart: null dao.gui.event.pan-test/different-coexistence-groups-compete-deterministically
10:42 +1656: /Users/sto/workspace/datomworld-py-c3int1/test/cljd-out/dao/gui/event/pan-test_test.dart: null dao.gui.event.pan-test/cooperative-pan-and-fling-coexist
10:42 +1657: /Users/sto/workspace/datomworld-py-c3int1/test/cljd-out/dao/gui/event/pan-test_test.dart: null dao.gui.event.pan-test/pan-accepts-on-slop-and-ends-on-up
10:44 +1658: /Users/sto/workspace/datomworld-py-c3int1/test/cljd-out/dao/gui/event/arena-test_test.dart: null dao.gui.event.arena-test/two-contact-tap-recognizes-with-contacts-two
10:44 +1659: /Users/sto/workspace/datomworld-py-c3int1/test/cljd-out/dao/gui/event/arena-test_test.dart: null dao.gui.event.arena-test/single-tap-emits-recognized-with-closed-payload
10:44 +1660: /Users/sto/workspace/datomworld-py-c3int1/test/cljd-out/dao/gui/event/arena-test_test.dart: null dao.gui.event.arena-test/tap-slop-breach-rejects-without-gesture
10:44 +1661: /Users/sto/workspace/datomworld-py-c3int1/test/cljd-out/dao/gui/event/arena-test_test.dart: null dao.gui.event.arena-test/tap-exceeding-max-duration-rejects
10:44 +1662: /Users/sto/workspace/datomworld-py-c3int1/test/cljd-out/dao/gui/event/arena-test_test.dart: null dao.gui.event.arena-test/double-tap-recognizes-on-second-tap
10:44 +1663: /Users/sto/workspace/datomworld-py-c3int1/test/cljd-out/dao/gui/event/arena-test_test.dart: null dao.gui.event.arena-test/multi-tap-slop-is-enforced-during-moves
10:44 +1664: /Users/sto/workspace/datomworld-py-c3int1/test/cljd-out/dao/gui/event/arena-test_test.dart: null dao.gui.event.arena-test/intermediate-taps-are-never-dispatched
10:44 +1665: /Users/sto/workspace/datomworld-py-c3int1/test/cljd-out/dao/gui/event/arena-test_test.dart: null dao.gui.event.arena-test/single-tap-defers-to-viable-double-tap-then-revives
10:46 +1666: /Users/sto/workspace/datomworld-py-c3int1/test/cljd-out/dao/gui/event/longpress-test_test.dart: null dao.gui.event.longpress-test/long-press-timer-fires-starts-and-ends
10:46 +1667: /Users/sto/workspace/datomworld-py-c3int1/test/cljd-out/dao/gui/event/longpress-test_test.dart: null dao.gui.event.longpress-test/movement-beyond-slop-before-acceptance-rejects
10:46 +1668: /Users/sto/workspace/datomworld-py-c3int1/test/cljd-out/dao/gui/event/longpress-test_test.dart: null dao.gui.event.longpress-test/pointer-before-timer-at-equal-timestamp
10:46 +1669: /Users/sto/workspace/datomworld-py-c3int1/test/cljd-out/dao/gui/event/longpress-test_test.dart: null dao.gui.event.longpress-test/pointer-cancel-after-acceptance-emits-cancel-phase
10:46 +1670: /Users/sto/workspace/datomworld-py-c3int1/test/cljd-out/dao/gui/event/longpress-test_test.dart: null dao.gui.event.longpress-test/stale-timer-sequence-is-late-timer
10:46 +1671: /Users/sto/workspace/datomworld-py-c3int1/test/cljd-out/dao/gui/event/longpress-test_test.dart: null dao.gui.event.longpress-test/final-down-starts-long-press-timer
10:46 +1672: /Users/sto/workspace/datomworld-py-c3int1/test/cljd-out/dao/gui/event/longpress-test_test.dart: null dao.gui.event.longpress-test/long-press-with-range-starts-timer-at-minimum
10:46 +1673: /Users/sto/workspace/datomworld-py-c3int1/test/cljd-out/dao/gui/event/longpress-test_test.dart: null dao.gui.event.longpress-test/early-up-rejects-and-cancels-timer
10:47 +1674: /Users/sto/workspace/datomworld-py-c3int1/test/cljd-out/dao/gui/event/fixture-test_test.dart: null dao.gui.event.fixture-test/embedded-corpus-replays-on-every-runtime
10:49 +1675: /Users/sto/workspace/datomworld-py-c3int1/test/cljd-out/dao/gui/event/fixture-test_test.dart: null dao.gui.event.fixture-test/fixtures-replay-to-their-expectations
10:49 +1676: /Users/sto/workspace/datomworld-py-c3int1/test/cljd-out/dao/gui/event/fixture-test_test.dart: null dao.gui.event.fixture-test/fixture-replay-is-exactly-deterministic
10:49 +1677: /Users/sto/workspace/datomworld-py-c3int1/test/cljd-out/dao/gui/event/fixture-test_test.dart: null dao.gui.event.fixture-test/generated-traces-satisfy-structural-invariants
10:50 +1678: /Users/sto/workspace/datomworld-py-c3int1/test/cljd-out/dao/gui/event/fixture-test_test.dart: null dao.gui.event.fixture-test/generated-traces-satisfy-structural-invariants
10:50 +1679: /Users/sto/workspace/datomworld-py-c3int1/test/cljd-out/dao/gui/event/fixture-test_test.dart: null dao.gui.event.fixture-test/generated-traces-satisfy-structural-invariants
10:50 +1680: /Users/sto/workspace/datomworld-py-c3int1/test/cljd-out/dao/gui/event/fixture-test_test.dart: null dao.gui.event.fixture-test/generated-traces-satisfy-structural-invariants
10:50 +1681: /Users/sto/workspace/datomworld-py-c3int1/test/cljd-out/dao/gui/event/fixture-test_test.dart: null dao.gui.event.fixture-test/generated-traces-satisfy-structural-invariants
10:50 +1682: /Users/sto/workspace/datomworld-py-c3int1/test/cljd-out/dao/gui/event/bind-test_test.dart: null dao.gui.event.bind-test/teardown-closes-all-seven-outputs-but-not-the-input
10:50 +1683: /Users/sto/workspace/datomworld-py-c3int1/test/cljd-out/dao/gui/event/bind-test_test.dart: null dao.gui.event.bind-test/teardown-closes-all-seven-outputs-but-not-the-input
10:50 +1684: /Users/sto/workspace/datomworld-py-c3int1/test/cljd-out/dao/gui/event/bind-test_test.dart: null dao.gui.event.bind-test/advance-consumes-at-most-one-input-per-call
10:50 +1685: /Users/sto/workspace/datomworld-py-c3int1/test/cljd-out/dao/gui/event/bind-test_test.dart: null dao.gui.event.bind-test/teardown-with-parked-output-closes-only-after-the-final-value
10:50 +1686: /Users/sto/workspace/datomworld-py-c3int1/test/cljd-out/dao/gui/event/bind-test_test.dart: null dao.gui.event.bind-test/full-dispatch-parks-once-per-interval-with-one-diagnostic
10:50 +1687: /Users/sto/workspace/datomworld-py-c3int1/test/cljd-out/dao/gui/event/bind-test_test.dart: null dao.gui.event.bind-test/a-late-binding-observes-the-retained-suffix-silently
10:50 +1688: /Users/sto/workspace/datomworld-py-c3int1/test/cljd-out/dao/gui/event/bind-test_test.dart: null dao.gui.event.bind-test/advance-routes-keyboard-outputs-to-their-destination-streams
10:50 +1689: /Users/sto/workspace/datomworld-py-c3int1/test/cljd-out/dao/gui/event/bind-test_test.dart: null dao.gui.event.bind-test/pending-output-flushes-before-the-next-input-read
10:50 +1690: /Users/sto/workspace/datomworld-py-c3int1/test/cljd-out/dao/gui/event/bind-test_test.dart: null dao.gui.event.bind-test/a-gone-output-drops-its-pending-value-without-retry
"dao.gui.event output gone; dropping pending" {:outcome :dao.stream/closed, :destination :gesture}
10:50 +1691: /Users/sto/workspace/datomworld-py-c3int1/test/cljd-out/dao/gui/event/bind-test_test.dart: null dao.gui.event.bind-test/nil-destination-streams-are-permissive-sinks
10:50 +1692: /Users/sto/workspace/datomworld-py-c3int1/test/cljd-out/dao/gui/event/bind-test_test.dart: null dao.gui.event.bind-test/an-early-bind-still-misses-eviction-before-the-first-advance
10:50 +1693: /Users/sto/workspace/datomworld-py-c3int1/test/cljd-out/dao/gui/event/bind-test_test.dart: null dao.gui.event.bind-test/advance-routes-outputs-to-their-destination-streams
10:51 +1694: /Users/sto/workspace/datomworld-py-c3int1/test/cljd-out/dao/gui/event/policy-test_test.dart: null dao.gui.event.policy-test/intersection-is-root-to-target
10:51 +1695: /Users/sto/workspace/datomworld-py-c3int1/test/cljd-out/dao/gui/event/policy-test_test.dart: null dao.gui.event.policy-test/serialization-covers-coexisting-permissions
10:51 +1696: /Users/sto/workspace/datomworld-py-c3int1/test/cljd-out/dao/gui/event/policy-test_test.dart: null dao.gui.event.policy-test/intersection-then-serialization-roundtrip
10:51 +1697: /Users/sto/workspace/datomworld-py-c3int1/test/cljd-out/dao/gui/event/policy-test_test.dart: null dao.gui.event.policy-test/invalid-authored-policies-are-rejected
10:51 +1698: /Users/sto/workspace/datomworld-py-c3int1/test/cljd-out/dao/gui/event/policy-test_test.dart: null dao.gui.event.policy-test/input-loss-cancels-affected-arena-with-cancel-phase
10:51 +1699: /Users/sto/workspace/datomworld-py-c3int1/test/cljd-out/dao/gui/event/policy-test_test.dart: null dao.gui.event.policy-test/policy-sets-may-not-contain-reserved-keywords
10:51 +1700: /Users/sto/workspace/datomworld-py-c3int1/test/cljd-out/dao/gui/event/policy-test_test.dart: null dao.gui.event.policy-test/late-subscription-does-not-affect-active-arena
10:51 +1701: /Users/sto/workspace/datomworld-py-c3int1/test/cljd-out/dao/gui/event/policy-test_test.dart: null dao.gui.event.policy-test/phase-filter-receives-only-matching-phases
10:51 +1702: /Users/sto/workspace/datomworld-py-c3int1/test/cljd-out/dao/gui/event/policy-test_test.dart: null dao.gui.event.policy-test/canonical-serialization-table
10:51 +1703: /Users/sto/workspace/datomworld-py-c3int1/test/cljd-out/dao/gui/event/policy-test_test.dart: null dao.gui.event.policy-test/duplicate-interests-each-receive-dispatch
10:51 +1704: /Users/sto/workspace/datomworld-py-c3int1/test/cljd-out/dao/gui/event/policy-test_test.dart: null dao.gui.event.policy-test/normalize-expands-directional-policies
10:51 +1705: /Users/sto/workspace/datomworld-py-c3int1/test/cljd-out/dao/gui/event/policy-test_test.dart: null dao.gui.event.policy-test/teardown-cancels-active-arenas
10:51 +1706: /Users/sto/workspace/datomworld-py-c3int1/test/cljd-out/dao/gui/event/policy-test_test.dart: null dao.gui.event.policy-test/input-loss-without-pointer-set-cancels-every-arena
10:53 +1707: /Users/sto/workspace/datomworld-py-c3int1/test/cljd-out/dao/gui/event/machine-test_test.dart: null dao.gui.event.machine-test/timer-restart-cancels-the-prior-sequence-before-the-new-start
10:53 +1708: /Users/sto/workspace/datomworld-py-c3int1/test/cljd-out/dao/gui/event/machine-test_test.dart: null dao.gui.event.machine-test/valid-machine-has-no-reasons
10:53 +1709: /Users/sto/workspace/datomworld-py-c3int1/test/cljd-out/dao/gui/event/machine-test_test.dart: null dao.gui.event.machine-test/validation-rejects-illegal-emission-phase
10:53 +1710: /Users/sto/workspace/datomworld-py-c3int1/test/cljd-out/dao/gui/event/machine-test_test.dart: null dao.gui.event.machine-test/division-by-zero-faults-only-that-candidate
10:53 +1711: /Users/sto/workspace/datomworld-py-c3int1/test/cljd-out/dao/gui/event/machine-test_test.dart: null dao.gui.event.machine-test/custom-tap-machine-recognizes-through-the-dsl
10:53 +1712: /Users/sto/workspace/datomworld-py-c3int1/test/cljd-out/dao/gui/event/machine-test_test.dart: null dao.gui.event.machine-test/validation-rejects-non-keyword-state-ids
10:53 +1713: /Users/sto/workspace/datomworld-py-c3int1/test/cljd-out/dao/gui/event/machine-test_test.dart: null dao.gui.event.machine-test/validation-rejects-nonpositive-window-capacity
10:53 +1714: /Users/sto/workspace/datomworld-py-c3int1/test/cljd-out/dao/gui/event/machine-test_test.dart: null dao.gui.event.machine-test/validation-rejects-non-finite-initial-state-values
10:53 +1715: /Users/sto/workspace/datomworld-py-c3int1/test/cljd-out/dao/gui/event/machine-test_test.dart: null dao.gui.event.machine-test/unknown-machine-input-faults-the-candidate
10:53 +1716: /Users/sto/workspace/datomworld-py-c3int1/test/cljd-out/dao/gui/event/machine-test_test.dart: null dao.gui.event.machine-test/validation-covers-expressions-in-emit-payloads
10:53 +1717: /Users/sto/workspace/datomworld-py-c3int1/test/cljd-out/dao/gui/event/machine-test_test.dart: null dao.gui.event.machine-test/validation-rejects-undeclared-settings
10:53 +1718: /Users/sto/workspace/datomworld-py-c3int1/test/cljd-out/dao/gui/event/machine-test_test.dart: null dao.gui.event.machine-test/late-fire-of-a-restarted-sequence-diagnoses-late-timer
10:53 +1719: /Users/sto/workspace/datomworld-py-c3int1/test/cljd-out/dao/gui/event/machine-test_test.dart: null dao.gui.event.machine-test/validation-rejects-emit-before-accept
10:53 +1720: /Users/sto/workspace/datomworld-py-c3int1/test/cljd-out/dao/gui/event/machine-test_test.dart: null dao.gui.event.machine-test/validation-rejects-unknown-actions
10:53 +1721: /Users/sto/workspace/datomworld-py-c3int1/test/cljd-out/dao/gui/event/machine-test_test.dart: null dao.gui.event.machine-test/validation-rejects-non-finite-literals
10:53 +1722: /Users/sto/workspace/datomworld-py-c3int1/test/cljd-out/dao/gui/event/machine-test_test.dart: null dao.gui.event.machine-test/non-numeric-comparison-is-total-through-the-reducer
10:53 +1723: /Users/sto/workspace/datomworld-py-c3int1/test/cljd-out/dao/gui/event/machine-test_test.dart: null dao.gui.event.machine-test/invalid-custom-machine-is-rejected-at-declaration
10:53 +1724: /Users/sto/workspace/datomworld-py-c3int1/test/cljd-out/dao/gui/event/machine-test_test.dart: null dao.gui.event.machine-test/validation-rejects-unknown-selector
10:53 +1725: /Users/sto/workspace/datomworld-py-c3int1/test/cljd-out/dao/gui/event/machine-test_test.dart: null dao.gui.event.machine-test/unmatched-legal-inputs-are-total-no-ops
10:53 +1726: /Users/sto/workspace/datomworld-py-c3int1/test/cljd-out/dao/gui/event/machine-test_test.dart: null dao.gui.event.machine-test/timers-and-windows-work-through-the-dsl
10:53 +1727: /Users/sto/workspace/datomworld-py-c3int1/test/cljd-out/dao/gui/event/machine-test_test.dart: null dao.gui.event.machine-test/validation-rejects-goto-to-undeclared-state
10:53 +1728: /Users/sto/workspace/datomworld-py-c3int1/test/cljd-out/dao/gui/event/machine-test_test.dart: null dao.gui.event.machine-test/validation-rejects-unknown-operators-inside-actions
10:53 +1729: /Users/sto/workspace/datomworld-py-c3int1/test/cljd-out/dao/gui/event/machine-test_test.dart: null dao.gui.event.machine-test/custom-tap-machine-rejects-on-slop
10:53 +1730: /Users/sto/workspace/datomworld-py-c3int1/test/cljd-out/dao/gui/event/machine-test_test.dart: null dao.gui.event.machine-test/validation-rejects-malformed-transitions
10:53 +1731: /Users/sto/workspace/datomworld-py-c3int1/test/cljd-out/dao/gui/event/machine-test_test.dart: null dao.gui.event.machine-test/validation-rejects-wrong-expression-arities
10:53 +1732: /Users/sto/workspace/datomworld-py-c3int1/test/cljd-out/dao/gui/event/machine-test_test.dart: null dao.gui.event.machine-test/validation-rejects-nonterminal-states-without-cancel
10:53 +1733: /Users/sto/workspace/datomworld-py-c3int1/test/cljd-out/dao/gui/event/machine-test_test.dart: null dao.gui.event.machine-test/validation-rejects-duplicate-transitions
10:53 +1734: /Users/sto/workspace/datomworld-py-c3int1/test/cljd-out/dao/gui/event/machine-test_test.dart: null dao.gui.event.machine-test/failed-restart-leaves-the-prior-timer-unchanged
10:53 +1735: /Users/sto/workspace/datomworld-py-c3int1/test/cljd-out/dao/gui/event/machine-test_test.dart: null dao.gui.event.machine-test/and-or-short-circuit-propagates-evaluated-faults
10:53 +1736: /Users/sto/workspace/datomworld-py-c3int1/test/cljd-out/dao/gui/event/machine-test_test.dart: null dao.gui.event.machine-test/validation-rejects-undeclared-windows
10:53 +1737: /Users/sto/workspace/datomworld-py-c3int1/test/cljd-out/dao/gui/event/machine-test_test.dart: null dao.gui.event.machine-test/validation-rejects-unknown-operators
10:55 +1738: /Users/sto/workspace/datomworld-py-c3int1/test/cljd-out/dao/gui/event/pointer-test_test.dart: null dao.gui.event.pointer-test/hover-hit-emits-targeted-pointer-without-arena
10:55 +1739: /Users/sto/workspace/datomworld-py-c3int1/test/cljd-out/dao/gui/event/pointer-test_test.dart: null dao.gui.event.pointer-test/move-and-up-for-unknown-id-diagnose-orphan
10:55 +1740: /Users/sto/workspace/datomworld-py-c3int1/test/cljd-out/dao/gui/event/pointer-test_test.dart: null dao.gui.event.pointer-test/predicted-sample-miscorrection-does-not-fling
10:55 +1741: /Users/sto/workspace/datomworld-py-c3int1/test/cljd-out/dao/gui/event/pointer-test_test.dart: null dao.gui.event.pointer-test/down-without-active-geometry-diagnoses-no-active-frame
10:55 +1742: /Users/sto/workspace/datomworld-py-c3int1/test/cljd-out/dao/gui/event/pointer-test_test.dart: null dao.gui.event.pointer-test/hover-miss-is-silent
10:55 +1743: /Users/sto/workspace/datomworld-py-c3int1/test/cljd-out/dao/gui/event/pointer-test_test.dart: null dao.gui.event.pointer-test/input-sequence-gap-diagnoses-and-cancels-arenas
10:55 +1744: /Users/sto/workspace/datomworld-py-c3int1/test/cljd-out/dao/gui/event/pointer-test_test.dart: null dao.gui.event.pointer-test/duplicate-down-cancels-and-removes-existing-pointer
10:55 +1745: /Users/sto/workspace/datomworld-py-c3int1/test/cljd-out/dao/gui/event/pointer-test_test.dart: null dao.gui.event.pointer-test/profile-and-space-and-generation-mismatch-diagnose
10:55 +1746: /Users/sto/workspace/datomworld-py-c3int1/test/cljd-out/dao/gui/event/pointer-test_test.dart: null dao.gui.event.pointer-test/boundary-containment-is-half-open
10:55 +1747: /Users/sto/workspace/datomworld-py-c3int1/test/cljd-out/dao/gui/event/pointer-test_test.dart: null dao.gui.event.pointer-test/down-outside-any-region-is-uncaptured
10:55 +1748: /Users/sto/workspace/datomworld-py-c3int1/test/cljd-out/dao/gui/event/pointer-test_test.dart: null dao.gui.event.pointer-test/down-without-matching-subscription-emits-no-dispatch
10:55 +1749: /Users/sto/workspace/datomworld-py-c3int1/test/cljd-out/dao/gui/event/pointer-test_test.dart: null dao.gui.event.pointer-test/predicted-sample-miscorrection-does-not-pan
10:55 +1750: /Users/sto/workspace/datomworld-py-c3int1/test/cljd-out/dao/gui/event/pointer-test_test.dart: null dao.gui.event.pointer-test/future-and-stale-frames-diagnose
10:55 +1751: /Users/sto/workspace/datomworld-py-c3int1/test/cljd-out/dao/gui/event/pointer-test_test.dart: null dao.gui.event.pointer-test/predicted-samples-appear-only-in-raw-pointer-output
10:55 +1752: /Users/sto/workspace/datomworld-py-c3int1/test/cljd-out/dao/gui/event/pointer-test_test.dart: null dao.gui.event.pointer-test/down-inside-region-captures-and-fans-raw-pointer
10:55 +1753: /Users/sto/workspace/datomworld-py-c3int1/test/cljd-out/dao/gui/event/pointer-test_test.dart: null dao.gui.event.pointer-test/topmost-target-selection
10:55 +1754: /Users/sto/workspace/datomworld-py-c3int1/test/cljd-out/dao/gui/event/pointer-test_test.dart: null dao.gui.event.pointer-test/cancel-packet-removes-pointer-and-arena
10:55 +1755: /Users/sto/workspace/datomworld-py-c3int1/test/cljd-out/dao/gui/event/pointer-test_test.dart: null dao.gui.event.pointer-test/malformed-sample-positions-never-throw
10:55 +1756: /Users/sto/workspace/datomworld-py-c3int1/test/cljd-out/dao/gui/event/pointer-test_test.dart: null dao.gui.event.pointer-test/predicted-sample-miscorrection-does-not-break-the-tap
10:55 +1757: /Users/sto/workspace/datomworld-py-c3int1/test/cljd-out/dao/gui/event/pointer-test_test.dart: null dao.gui.event.pointer-test/hover-for-active-contact-is-protocol-error
10:57 +1758: /Users/sto/workspace/datomworld-py-c3int1/test/cljd-out/dao/gui/event/terminal-test_test.dart: null dao.gui.event.terminal-test/coordinate-space-change-validates-viewport
10:57 +1759: /Users/sto/workspace/datomworld-py-c3int1/test/cljd-out/dao/gui/event/terminal-test_test.dart: null dao.gui.event.terminal-test/repeated-ancestor-entries-across-paths-keep-their-recognizers
10:57 +1760: /Users/sto/workspace/datomworld-py-c3int1/test/cljd-out/dao/gui/event/terminal-test_test.dart: null dao.gui.event.terminal-test/post-reset-old-generation-input-diagnoses-stale-generation
10:57 +1761: /Users/sto/workspace/datomworld-py-c3int1/test/cljd-out/dao/gui/event/terminal-test_test.dart: null dao.gui.event.terminal-test/profile-installs-and-projects-in-numeric-order
10:57 +1762: /Users/sto/workspace/datomworld-py-c3int1/test/cljd-out/dao/gui/event/terminal-test_test.dart: null dao.gui.event.terminal-test/geometry-rejects-stale-generation-and-space
10:57 +1763: /Users/sto/workspace/datomworld-py-c3int1/test/cljd-out/dao/gui/event/terminal-test_test.dart: null dao.gui.event.terminal-test/invalid-recognizer-declaration-diagnoses-and-omits
10:57 +1764: /Users/sto/workspace/datomworld-py-c3int1/test/cljd-out/dao/gui/event/terminal-test_test.dart: null dao.gui.event.terminal-test/invalid-region-geometry-diagnoses-unsupported-region
10:57 +1765: /Users/sto/workspace/datomworld-py-c3int1/test/cljd-out/dao/gui/event/terminal-test_test.dart: null dao.gui.event.terminal-test/empty-geometry-replaces-the-hit-index
10:57 +1766: /Users/sto/workspace/datomworld-py-c3int1/test/cljd-out/dao/gui/event/terminal-test_test.dart: null dao.gui.event.terminal-test/coordinate-space-change-rejects-stale-generation
10:57 +1767: /Users/sto/workspace/datomworld-py-c3int1/test/cljd-out/dao/gui/event/terminal-test_test.dart: null dao.gui.event.terminal-test/initial-coordinate-space-change-installs-space-and-generation
10:57 +1768: /Users/sto/workspace/datomworld-py-c3int1/test/cljd-out/dao/gui/event/terminal-test_test.dart: null dao.gui.event.terminal-test/profile-boundaries-equal-duplicate-and-next
10:57 +1769: /Users/sto/workspace/datomworld-py-c3int1/test/cljd-out/dao/gui/event/terminal-test_test.dart: null dao.gui.event.terminal-test/duplicate-profile-id-diagnoses
10:57 +1770: /Users/sto/workspace/datomworld-py-c3int1/test/cljd-out/dao/gui/event/terminal-test_test.dart: null dao.gui.event.terminal-test/geometry-requires-an-installed-coordinate-space
10:57 +1771: /Users/sto/workspace/datomworld-py-c3int1/test/cljd-out/dao/gui/event/terminal-test_test.dart: null dao.gui.event.terminal-test/reset-clears-generation-scoped-state-and-keeps-subscriptions
10:57 +1772: /Users/sto/workspace/datomworld-py-c3int1/test/cljd-out/dao/gui/event/terminal-test_test.dart: null dao.gui.event.terminal-test/regressing-profile-id-diagnoses-and-leaves-profiles-unchanged
10:57 +1773: /Users/sto/workspace/datomworld-py-c3int1/test/cljd-out/dao/gui/event/terminal-test_test.dart: null dao.gui.event.terminal-test/duplicate-target-identity-across-nodes-diagnoses
10:57 +1774: /Users/sto/workspace/datomworld-py-c3int1/test/cljd-out/dao/gui/event/terminal-test_test.dart: null dao.gui.event.terminal-test/rejection-and-skip-signals-leave-state-intact
10:57 +1775: /Users/sto/workspace/datomworld-py-c3int1/test/cljd-out/dao/gui/event/terminal-test_test.dart: null dao.gui.event.terminal-test/coordinate-space-change-clears-geometry-and-requires-old-match
10:57 +1776: /Users/sto/workspace/datomworld-py-c3int1/test/cljd-out/dao/gui/event/terminal-test_test.dart: null dao.gui.event.terminal-test/profile-rejects-stale-generation
10:57 +1777: /Users/sto/workspace/datomworld-py-c3int1/test/cljd-out/dao/gui/event/terminal-test_test.dart: null dao.gui.event.terminal-test/duplicate-candidate-identity-in-one-frame-diagnoses
10:57 +1778: /Users/sto/workspace/datomworld-py-c3int1/test/cljd-out/dao/gui/event/terminal-test_test.dart: null dao.gui.event.terminal-test/geometry-installs-active-frame
10:57 +1779: /Users/sto/workspace/datomworld-py-c3int1/test/cljd-out/dao/gui/event/terminal-test_test.dart: null dao.gui.event.terminal-test/cooperative-declaration-without-group-is-rejected
10:57 +1780: /Users/sto/workspace/datomworld-py-c3int1/test/cljd-out/dao/gui/event/terminal-test_test.dart: null dao.gui.event.terminal-test/geometry-rejects-stale-and-regressing-frames
10:59 +1781: /Users/sto/workspace/datomworld-py-c3int1/test/cljd-out/dao/gui/event/core-test_test.dart: null dao.gui.event.core-test/bindings-are-independent-instances
10:59 +1782: /Users/sto/workspace/datomworld-py-c3int1/test/cljd-out/dao/gui/event/core-test_test.dart: null dao.gui.event.core-test/subscription-add-registers-interest-in-order
10:59 +1783: /Users/sto/workspace/datomworld-py-c3int1/test/cljd-out/dao/gui/event/core-test_test.dart: null dao.gui.event.core-test/replay-folds-outputs-in-input-order
10:59 +1784: /Users/sto/workspace/datomworld-py-c3int1/test/cljd-out/dao/gui/event/core-test_test.dart: null dao.gui.event.core-test/every-output-carries-causality-seqs
10:59 +1785: /Users/sto/workspace/datomworld-py-c3int1/test/cljd-out/dao/gui/event/core-test_test.dart: null dao.gui.event.core-test/malformed-subscription-adds-emit-diagnostic-and-leave-registry
10:59 +1786: /Users/sto/workspace/datomworld-py-c3int1/test/cljd-out/dao/gui/event/core-test_test.dart: null dao.gui.event.core-test/malformed-teardown-kind-is-unrecognized
10:59 +1787: /Users/sto/workspace/datomworld-py-c3int1/test/cljd-out/dao/gui/event/core-test_test.dart: null dao.gui.event.core-test/step-returns-state-and-ordered-outputs
10:59 +1788: /Users/sto/workspace/datomworld-py-c3int1/test/cljd-out/dao/gui/event/core-test_test.dart: null dao.gui.event.core-test/subscription-add-accepts-every-standard-declarable-kind
10:59 +1789: /Users/sto/workspace/datomworld-py-c3int1/test/cljd-out/dao/gui/event/core-test_test.dart: null dao.gui.event.core-test/teardown-closes-binding-outputs
10:59 +1790: /Users/sto/workspace/datomworld-py-c3int1/test/cljd-out/dao/gui/event/core-test_test.dart: null dao.gui.event.core-test/subscription-remove-is-ordered-and-idempotent
10:59 +1791: /Users/sto/workspace/datomworld-py-c3int1/test/cljd-out/dao/gui/event/core-test_test.dart: null dao.gui.event.core-test/regressing-runtime-time-is-late-runtime-input
10:59 +1792: /Users/sto/workspace/datomworld-py-c3int1/test/cljd-out/dao/gui/event/core-test_test.dart: null dao.gui.event.core-test/fixture-projection-has-keyboard-extended-state
10:59 +1793: /Users/sto/workspace/datomworld-py-c3int1/test/cljd-out/dao/gui/event/core-test_test.dart: null dao.gui.event.core-test/initial-state-matches-version-1-schema
10:59 +1794: /Users/sto/workspace/datomworld-py-c3int1/test/cljd-out/dao/gui/event/core-test_test.dart: null dao.gui.event.core-test/equal-runtime-time-is-accepted
10:59 +1795: /Users/sto/workspace/datomworld-py-c3int1/test/cljd-out/dao/gui/event/core-test_test.dart: null dao.gui.event.core-test/bind-returns-versioned-data-oriented-binding
10:59 +1796: /Users/sto/workspace/datomworld-py-c3int1/test/cljd-out/dao/gui/event/core-test_test.dart: null dao.gui.event.core-test/illegal-source-and-kind-pairs-are-unrecognized-event-kind
10:59 +1797: /Users/sto/workspace/datomworld-py-c3int1/test/cljd-out/dao/gui/event/core-test_test.dart: null dao.gui.event.core-test/subscription-add-accepts-raw-pointer-and-unknown-nodes
11:00 +1798: /Users/sto/workspace/datomworld-py-c3int1/test/cljd-out/dao/gui/event/transform-test_test.dart: null dao.gui.event.transform-test/edge-pan-away-from-edge-never-accepts
11:01 +1799: /Users/sto/workspace/datomworld-py-c3int1/test/cljd-out/dao/gui/event/transform-test_test.dart: null dao.gui.event.transform-test/transform-ends-below-minimum-contacts
11:01 +1800: /Users/sto/workspace/datomworld-py-c3int1/test/cljd-out/dao/gui/event/transform-test_test.dart: null dao.gui.event.transform-test/edge-pan-starts-from-left-edge-and-moves-inward
11:01 +1801: /Users/sto/workspace/datomworld-py-c3int1/test/cljd-out/dao/gui/event/transform-test_test.dart: null dao.gui.event.transform-test/pressure-release-threshold-defaults-to-start
11:01 +1802: /Users/sto/workspace/datomworld-py-c3int1/test/cljd-out/dao/gui/event/transform-test_test.dart: null dao.gui.event.transform-test/joining-down-adds-its-remaining-path-candidates
11:01 +1803: /Users/sto/workspace/datomworld-py-c3int1/test/cljd-out/dao/gui/event/transform-test_test.dart: null dao.gui.event.transform-test/one-finger-transform-grows-into-two-finger-scale-rotation
11:01 +1804: /Users/sto/workspace/datomworld-py-c3int1/test/cljd-out/dao/gui/event/transform-test_test.dart: null dao.gui.event.transform-test/pinch-is-the-scale-projection-alias
11:01 +1805: /Users/sto/workspace/datomworld-py-c3int1/test/cljd-out/dao/gui/event/transform-test_test.dart: null dao.gui.event.transform-test/transform-translation-stays-continuous-across-join
11:01 +1806: /Users/sto/workspace/datomworld-py-c3int1/test/cljd-out/dao/gui/event/transform-test_test.dart: null dao.gui.event.transform-test/new-down-bridging-arenas-merges-into-oldest
11:01 +1807: /Users/sto/workspace/datomworld-py-c3int1/test/cljd-out/dao/gui/event/transform-test_test.dart: null dao.gui.event.transform-test/pressure-press-dormant-without-capability
11:01 +1808: /Users/sto/workspace/datomworld-py-c3int1/test/cljd-out/dao/gui/event/transform-test_test.dart: null dao.gui.event.transform-test/join-after-accept-controls-late-joining
11:01 +1809: /Users/sto/workspace/datomworld-py-c3int1/test/cljd-out/dao/gui/event/transform-test_test.dart: null dao.gui.event.transform-test/second-down-joins-same-arena-with-contact-change-before-down
11:01 +1810: /Users/sto/workspace/datomworld-py-c3int1/test/cljd-out/dao/gui/event/transform-test_test.dart: null dao.gui.event.transform-test/cooperative-scale-and-rotation-projections
11:01 +1811: /Users/sto/workspace/datomworld-py-c3int1/test/cljd-out/dao/gui/event/transform-test_test.dart: null dao.gui.event.transform-test/pressure-press-starts-on-threshold-crossing
11:02 +1812: /Users/sto/workspace/datomworld-py-c3int1/test/cljd-out/dao/lease-test_test.dart: null dao.lease-test/constructors-reject-defective-calls-test
11:02 +1813: /Users/sto/workspace/datomworld-py-c3int1/test/cljd-out/dao/lease-test_test.dart: null dao.lease-test/tick-driver-stops-on-demand-test
11:02 +1814: /Users/sto/workspace/datomworld-py-c3int1/test/cljd-out/dao/lease-test_test.dart: null dao.lease-test/drain-budget-test
11:02 +1815: /Users/sto/workspace/datomworld-py-c3int1/test/cljd-out/dao/lease-test_test.dart: null dao.lease-test/holder-release-reclaims-with-release-cause-test
11:02 +1816: /Users/sto/workspace/datomworld-py-c3int1/test/cljd-out/dao/lease-test_test.dart: null dao.lease-test/proposal-creates-no-state-test
11:02 +1817: /Users/sto/workspace/datomworld-py-c3int1/test/cljd-out/dao/lease-test_test.dart: null dao.lease-test/observe-renewal-advances-only-on-ok-test
11:03 +1818: /Users/sto/workspace/datomworld-py-c3int1/test/cljd-out/dao/lease-test_test.dart: null dao.lease-test/reclaim-before-record-test
11:03 +1819: /Users/sto/workspace/datomworld-py-c3int1/test/cljd-out/dao/lease-test_test.dart: null dao.lease-test/eligibility-precedes-policy-test
11:03 +1820: /Users/sto/workspace/datomworld-py-c3int1/test/cljd-out/dao/lease-test_test.dart: null dao.lease-test/r3-resolver-throw-drops-element-and-continues-test
11:03 +1821: /Users/sto/workspace/datomworld-py-c3int1/test/cljd-out/dao/lease-test_test.dart: null dao.lease-test/defective-corpus-test
11:03 +1822: /Users/sto/workspace/datomworld-py-c3int1/test/cljd-out/dao/lease-test_test.dart: null dao.lease-test/never-renewed-grant-lapses-on-silence-test
11:03 +1823: /Users/sto/workspace/datomworld-py-c3int1/test/cljd-out/dao/lease-test_test.dart: null dao.lease-test/r4-judge-without-a-resolver-throws-test
11:03 +1824: /Users/sto/workspace/datomworld-py-c3int1/test/cljd-out/dao/lease-test_test.dart: null dao.lease-test/initial-judge-rejects-misconfiguration-test
11:03 +1825: /Users/sto/workspace/datomworld-py-c3int1/test/cljd-out/dao/lease-test_test.dart: null dao.lease-test/r2-stop-is-idempotent-test
11:03 +1826: /Users/sto/workspace/datomworld-py-c3int1/test/cljd-out/dao/lease-test_test.dart: null dao.lease-test/r2-hostile-reading-cannot-wedge-the-drain-test
11:03 +1827: /Users/sto/workspace/datomworld-py-c3int1/test/cljd-out/dao/lease-test_test.dart: null dao.lease-test/r2-truncated-drain-cannot-manufacture-silence-test
11:03 +1828: /Users/sto/workspace/datomworld-py-c3int1/test/cljd-out/dao/lease-test_test.dart: null dao.lease-test/r3-grant-drained-then-holder-medium-truncated-test
11:03 +1829: /Users/sto/workspace/datomworld-py-c3int1/test/cljd-out/dao/lease-test_test.dart: null dao.lease-test/r2-tick-period-sizes-the-interval-test
11:03 +1830: /Users/sto/workspace/datomworld-py-c3int1/test/cljd-out/dao/lease-test_test.dart: null dao.lease-test/observe-grant-attribution-gate-test
11:03 +1831: /Users/sto/workspace/datomworld-py-c3int1/test/cljd-out/dao/lease-test_test.dart: null dao.lease-test/non-lease-facts-and-defective-facts-test
11:03 +1832: /Users/sto/workspace/datomworld-py-c3int1/test/cljd-out/dao/lease-test_test.dart: null dao.lease-test/timely-renewal-defers-silence-test
11:03 +1833: /Users/sto/workspace/datomworld-py-c3int1/test/cljd-out/dao/lease-test_test.dart: null dao.lease-test/r2-rejected-grants-are-discarded-not-rewaited-test
11:03 +1834: /Users/sto/workspace/datomworld-py-c3int1/test/cljd-out/dao/lease-test_test.dart: null dao.lease-test/grantor-authored-facts-establish-terms-test
11:03 +1835: /Users/sto/workspace/datomworld-py-c3int1/test/cljd-out/dao/lease-test_test.dart: null dao.lease-test/r2-only-accepted-and-rejected-are-deliverable-test
11:03 +1836: /Users/sto/workspace/datomworld-py-c3int1/test/cljd-out/dao/lease-test_test.dart: null dao.lease-test/attribution-comes-from-the-source-test
11:03 +1837: /Users/sto/workspace/datomworld-py-c3int1/test/cljd-out/dao/lease-test_test.dart: null dao.lease-test/r3-two-holders-sharing-a-proposal-id-test
11:03 +1838: /Users/sto/workspace/datomworld-py-c3int1/test/cljd-out/dao/lease-test_test.dart: null dao.lease-test/gap-does-not-advance-last-observation-test
11:03 +1839: /Users/sto/workspace/datomworld-py-c3int1/test/cljd-out/dao/lease-test_test.dart: null dao.lease-test/restart-reports-unreclaimed-and-clears-state-test
11:03 +1840: /Users/sto/workspace/datomworld-py-c3int1/test/cljd-out/dao/lease-test_test.dart: null dao.lease-test/r3-over-bound-unit-table-refused-test
11:03 +1841: /Users/sto/workspace/datomworld-py-c3int1/test/cljd-out/dao/lease-test_test.dart: null dao.lease-test/r2-bound-is-terminal-test
11:03 +1842: /Users/sto/workspace/datomworld-py-c3int1/test/cljd-out/dao/lease-test_test.dart: null dao.lease-test/tick-driver-deposits-monotonic-readings-test
11:03 +1843: /Users/sto/workspace/datomworld-py-c3int1/test/cljd-out/dao/lease-test_test.dart: null dao.lease-test/tick-abort-does-not-starve-fact-cursors-test
11:03 +1844: /Users/sto/workspace/datomworld-py-c3int1/test/cljd-out/dao/lease-test_test.dart: null dao.lease-test/cap-ends-tenure-past-max-test
11:03 +1845: /Users/sto/workspace/datomworld-py-c3int1/test/cljd-out/dao/lease-test_test.dart: null dao.lease-test/pass-classifies-nothing-before-first-tick-test
11:03 +1846: /Users/sto/workspace/datomworld-py-c3int1/test/cljd-out/dao/lease-test_test.dart: null dao.lease-test/shape-predicates-test
11:03 +1847: /Users/sto/workspace/datomworld-py-c3int1/test/cljd-out/dao/lease-test_test.dart: null dao.lease-test/r2-thrown-read-folds-into-abort-test
11:03 +1848: /Users/sto/workspace/datomworld-py-c3int1/test/cljd-out/dao/lease-test_test.dart: null dao.lease-test/r2-undersized-grant-is-held-at-the-bound-test
11:03 +1849: /Users/sto/workspace/datomworld-py-c3int1/test/cljd-out/dao/lease-test_test.dart: null dao.lease-test/gap-before-first-renewal-test
11:03 +1850: /Users/sto/workspace/datomworld-py-c3int1/test/cljd-out/dao/lease-test_test.dart: null dao.lease-test/per-medium-gap-isolation-test
11:03 +1851: /Users/sto/workspace/datomworld-py-c3int1/test/cljd-out/dao/lease-test_test.dart: null dao.lease-test/answer-hook-grants-and-refuses-test
11:03 +1852: /Users/sto/workspace/datomworld-py-c3int1/test/cljd-out/dao/lease-test_test.dart: null dao.lease-test/non-holder-renewal-is-not-evidence-test
11:03 +1853: /Users/sto/workspace/datomworld-py-c3int1/test/cljd-out/dao/lease-test_test.dart: null dao.lease-test/r2-keep-alive-attack-test
11:03 +1854: /Users/sto/workspace/datomworld-py-c3int1/test/cljd-out/dao/lease-test_test.dart: null dao.lease-test/constructors-emit-the-fact-table-test
11:03 +1855: /Users/sto/workspace/datomworld-py-c3int1/test/cljd-out/dao/lease-test_test.dart: null dao.lease-test/due-to-renew-schedule-test
11:03 +1856: /Users/sto/workspace/datomworld-py-c3int1/test/cljd-out/dao/lease-test_test.dart: null dao.lease-test/release-discipline-test
11:03 +1857: /Users/sto/workspace/datomworld-py-c3int1/test/cljd-out/dao/lease-test_test.dart: null dao.lease-test/gap-inside-tolerance-window-test
11:03 +1858: /Users/sto/workspace/datomworld-py-c3int1/test/cljd-out/dao/lease-test_test.dart: null dao.lease-test/unit-arithmetic-test
11:03 +1859: /Users/sto/workspace/datomworld-py-c3int1/test/cljd-out/dao/lease-test_test.dart: null dao.lease-test/gap-marks-unknown-test
11:03 +1860: /Users/sto/workspace/datomworld-py-c3int1/test/cljd-out/dao/lease-test_test.dart: null dao.lease-test/r2-expectations-bind-the-state-to-a-lease-test
11:03 +1861: /Users/sto/workspace/datomworld-py-c3int1/test/cljd-out/dao/lease-test_test.dart: null dao.lease-test/r3-over-bound-tick-on-tick-cursor-is-visible-test
11:03 +1862: /Users/sto/workspace/datomworld-py-c3int1/test/cljd-out/dao/lease-test_test.dart: null dao.lease-test/admissibility-corpus-test
11:03 +1863: /Users/sto/workspace/datomworld-py-c3int1/test/cljd-out/dao/lease-test_test.dart: null dao.lease-test/r3-over-bound-reading-is-a-structural-defect-test
11:03 +1864: /Users/sto/workspace/datomworld-py-c3int1/test/cljd-out/dao/lease-test_test.dart: null dao.lease-test/r3-tolerance-validated-test
11:03 +1865: /Users/sto/workspace/datomworld-py-c3int1/test/cljd-out/dao/lease-test_test.dart: null dao.lease-test/cause-precedence-test
11:03 +1866: /Users/sto/workspace/datomworld-py-c3int1/test/cljd-out/dao/lease-test_test.dart: null dao.lease-test/r2-forged-release-cannot-poison-a-genuine-one-test
11:03 +1867: /Users/sto/workspace/datomworld-py-c3int1/test/cljd-out/dao/lease-test_test.dart: null dao.lease-test/r2-invalid-readings-observe-nothing-test
11:03 +1868: /Users/sto/workspace/datomworld-py-c3int1/test/cljd-out/dao/lease-test_test.dart: null dao.lease-test/cursor-retirement-and-pass-abort-test
11:03 +1869: /Users/sto/workspace/datomworld-py-c3int1/test/cljd-out/dao/lease-test_test.dart: null dao.lease-test/initial-holder-rejects-misconfiguration-test
11:03 +1870: /Users/sto/workspace/datomworld-py-c3int1/test/cljd-out/dao/lease-test_test.dart: null dao.lease-test/tick-gap-is-not-an-evidence-gap-test
11:03 +1871: /Users/sto/workspace/datomworld-py-c3int1/test/cljd-out/dao/lease-test_test.dart: null dao.lease-test/r3-tick-past-the-old-bound-advances-now-test
11:03 +1872: /Users/sto/workspace/datomworld-py-c3int1/test/cljd-out/dao/lease-test_test.dart: null dao.lease-test/renewal-interval-strictly-below-half-test
11:03 +1873: /Users/sto/workspace/datomworld-py-c3int1/test/cljd-out/dao/lease-test_test.dart: null dao.lease-test/at-bound-test
11:03 +1874: /Users/sto/workspace/datomworld-py-c3int1/test/cljd-out/dao/lease-test_test.dart: null dao.lease-test/policy-ends-tenure-test
11:03 +1875: /Users/sto/workspace/datomworld-py-c3int1/test/cljd-out/dao/lease-test_test.dart: null dao.lease-test/throwing-reclaim-does-not-lose-the-pass-test
11:03 +1876: /Users/sto/workspace/datomworld-py-c3int1/test/cljd-out/dao/lease-test_test.dart: null dao.lease-test/r2-assembly-parity-test
11:03 +1877: /Users/sto/workspace/datomworld-py-c3int1/test/cljd-out/dao/lease-test_test.dart: null dao.lease-test/r2-holding-predicate-test
11:03 +1878: /Users/sto/workspace/datomworld-py-c3int1/test/cljd-out/dao/lease-test_test.dart: null dao.lease-test/restart-reclaims-then-regrants-test
11:04 +1879: /Users/sto/workspace/datomworld-py-c3int1/test/cljd-out/dao/jing/dht/kad-test_test.dart: null dao.jing.dht.kad-test/re-observe-refreshes-recency
11:04 +1880: /Users/sto/workspace/datomworld-py-c3int1/test/cljd-out/dao/jing/dht/kad-test_test.dart: null dao.jing.dht.kad-test/distance-is-zero-at-self-and-symmetric
11:04 +1881: /Users/sto/workspace/datomworld-py-c3int1/test/cljd-out/dao/jing/dht/kad-test_test.dart: null dao.jing.dht.kad-test/re-observe-does-not-duplicate
11:04 +1882: /Users/sto/workspace/datomworld-py-c3int1/test/cljd-out/dao/jing/dht/kad-test_test.dart: null dao.jing.dht.kad-test/nearest-on-empty-table-is-empty
11:04 +1883: /Users/sto/workspace/datomworld-py-c3int1/test/cljd-out/dao/jing/dht/kad-test_test.dart: null dao.jing.dht.kad-test/distance-orders-by-xor-magnitude
11:04 +1884: /Users/sto/workspace/datomworld-py-c3int1/test/cljd-out/dao/jing/dht/kad-test_test.dart: null dao.jing.dht.kad-test/bucket-index-counts-shared-prefix-bits
11:04 +1885: /Users/sto/workspace/datomworld-py-c3int1/test/cljd-out/dao/jing/dht/kad-test_test.dart: null dao.jing.dht.kad-test/bucket-capacity-drops-least-recently-seen
11:04 +1886: /Users/sto/workspace/datomworld-py-c3int1/test/cljd-out/dao/jing/dht/kad-test_test.dart: null dao.jing.dht.kad-test/nearest-sorts-by-xor-distance
11:06 +1887: /Users/sto/workspace/datomworld-py-c3int1/test/cljd-out/dao/jing/mem-test_test.dart: null dao.jing.mem-test/entries-verify-before-decoding
11:06 +1888: /Users/sto/workspace/datomworld-py-c3int1/test/cljd-out/dao/jing/mem-test_test.dart: null dao.jing.mem-test/a-caller-cannot-mutate-a-snapshot-through-its-input-array
11:06 +1889: /Users/sto/workspace/datomworld-py-c3int1/test/cljd-out/dao/jing/mem-test_test.dart: null dao.jing.mem-test/collision-preserves-the-existing-bytes
11:06 +1890: /Users/sto/workspace/datomworld-py-c3int1/test/cljd-out/dao/jing/mem-test_test.dart: null dao.jing.mem-test/put-rejects-invalid-content-addresses
11:06 +1891: /Users/sto/workspace/datomworld-py-c3int1/test/cljd-out/dao/jing/mem-test_test.dart: null dao.jing.mem-test/materialize-mints-the-address-automatically
11:06 +1892: /Users/sto/workspace/datomworld-py-c3int1/test/cljd-out/dao/jing/mem-test_test.dart: null dao.jing.mem-test/get-distinguishes-absence-from-stored-nil
11:06 +1893: /Users/sto/workspace/datomworld-py-c3int1/test/cljd-out/dao/jing/mem-test_test.dart: null dao.jing.mem-test/concurrent-inserts-report-exactly-one-inserted
11:06 +1894: /Users/sto/workspace/datomworld-py-c3int1/test/cljd-out/dao/jing/mem-test_test.dart: null dao.jing.mem-test/multi-algorithm-memory-store-coexistence-test
11:06 +1895: /Users/sto/workspace/datomworld-py-c3int1/test/cljd-out/dao/jing/mem-test_test.dart: null dao.jing.mem-test/put-rejects-address-bytes-hash-mismatch
11:06 +1896: /Users/sto/workspace/datomworld-py-c3int1/test/cljd-out/dao/jing/mem-test_test.dart: null dao.jing.mem-test/close-is-idempotent-and-throws-after
11:06 +1897: /Users/sto/workspace/datomworld-py-c3int1/test/cljd-out/dao/jing/mem-test_test.dart: null dao.jing.mem-test/observer-pool-equal-payloads-converge-to-one-entry
11:06 +1898: /Users/sto/workspace/datomworld-py-c3int1/test/cljd-out/dao/jing/mem-test_test.dart: null dao.jing.mem-test/create-content-mem-returns-a-stream-free-byte-store-handle
11:06 +1899: /Users/sto/workspace/datomworld-py-c3int1/test/cljd-out/dao/jing/mem-test_test.dart: null dao.jing.mem-test/a-caller-cannot-mutate-a-snapshot-through-an-output-array
11:06 +1900: /Users/sto/workspace/datomworld-py-c3int1/test/cljd-out/dao/jing/mem-test_test.dart: null dao.jing.mem-test/insert-is-idempotent
11:06 +1901: /Users/sto/workspace/datomworld-py-c3int1/test/cljd-out/dao/jing/mem-test_test.dart: null dao.jing.mem-test/opaque-payloads-round-trip-including-nil
11:08 +1902: /Users/sto/workspace/datomworld-py-c3int1/test/cljd-out/dao/jing/stream-test_test.dart: null dao.jing.stream-test/jing-bytes-cross-both-stream-profiles-losslessly
11:08 +1903: /Users/sto/workspace/datomworld-py-c3int1/test/cljd-out/dao/jing/stream-test_test.dart: null dao.jing.stream-test/the-boundary-is-explicit
11:08 +1904: /Users/sto/workspace/datomworld-py-c3int1/test/cljd-out/dao/jing/stream-test_test.dart: null dao.jing.stream-test/canonical-bytes-are-the-addressed-bytes
11:10 +1905: /Users/sto/workspace/datomworld-py-c3int1/test/cljd-out/dao/jing/content/step-test_test.dart: null dao.jing.content.step-test/an-unacknowledged-put-completes-with-its-reason
11:10 +1906: /Users/sto/workspace/datomworld-py-c3int1/test/cljd-out/dao/jing/content/step-test_test.dart: null dao.jing.content.step-test/a-nonconforming-put-verdict-routes-to-the-record
11:10 +1907: /Users/sto/workspace/datomworld-py-c3int1/test/cljd-out/dao/jing/content/step-test_test.dart: null dao.jing.content.step-test/a-non-terminal-gap-loses-the-outstanding-put-and-service-continues
11:10 +1908: /Users/sto/workspace/datomworld-py-c3int1/test/cljd-out/dao/jing/content/step-test_test.dart: null dao.jing.content.step-test/a-hash-valid-noncanonical-payload-is-an-integrity-failure
11:10 +1909: /Users/sto/workspace/datomworld-py-c3int1/test/cljd-out/dao/jing/content/step-test_test.dart: null dao.jing.content.step-test/diagnostics-are-taken-once-per-step
11:10 +1910: /Users/sto/workspace/datomworld-py-c3int1/test/cljd-out/dao/jing/content/step-test_test.dart: null dao.jing.content.step-test/a-present-but-absent-verify-is-present-but-absent
11:10 +1911: /Users/sto/workspace/datomworld-py-c3int1/test/cljd-out/dao/jing/content/step-test_test.dart: null dao.jing.content.step-test/a-verify-mismatch-is-an-integrity-failure
11:10 +1912: /Users/sto/workspace/datomworld-py-c3int1/test/cljd-out/dao/jing/content/step-test_test.dart: null dao.jing.content.step-test/materialize-present-verifies-before-completing
11:10 +1913: /Users/sto/workspace/datomworld-py-c3int1/test/cljd-out/dao/jing/content/step-test_test.dart: null dao.jing.content.step-test/a-stored-nil-round-trips-as-a-found-nil
11:10 +1914: /Users/sto/workspace/datomworld-py-c3int1/test/cljd-out/dao/jing/content/step-test_test.dart: null dao.jing.content.step-test/request-get-round-trips-and-decodes-totally
11:10 +1915: /Users/sto/workspace/datomworld-py-c3int1/test/cljd-out/dao/jing/content/step-test_test.dart: null dao.jing.content.step-test/verify-reads-issue-in-put-id-order-until-full
11:10 +1916: /Users/sto/workspace/datomworld-py-c3int1/test/cljd-out/dao/jing/content/step-test_test.dart: null dao.jing.content.step-test/busy-clears-only-through-step
11:10 +1917: /Users/sto/workspace/datomworld-py-c3int1/test/cljd-out/dao/jing/content/step-test_test.dart: null dao.jing.content.step-test/materialize-inserted-completes-with-the-address
11:10 +1918: /Users/sto/workspace/datomworld-py-c3int1/test/cljd-out/dao/jing/content/step-test_test.dart: null dao.jing.content.step-test/request-put-publishes-without-verify
11:10 +1919: /Users/sto/workspace/datomworld-py-c3int1/test/cljd-out/dao/jing/content/step-test_test.dart: null dao.jing.content.step-test/unsent-at-detach-loses-through-order-3
11:10 +1920: /Users/sto/workspace/datomworld-py-c3int1/test/cljd-out/dao/jing/content/step-test_test.dart: null dao.jing.content.step-test/abandon-retires-the-unsent-request-at-the-next-drain
11:10 +1921: /Users/sto/workspace/datomworld-py-c3int1/test/cljd-out/dao/jing/content/step-test_test.dart: null dao.jing.content.step-test/a-mismatched-put-is-the-servers-silence
11:10 +1922: /Users/sto/workspace/datomworld-py-c3int1/test/cljd-out/dao/jing/content/step-test_test.dart: null dao.jing.content.step-test/records-and-published-entries-never-carry-payloads
11:12 +1923: /Users/sto/workspace/datomworld-py-c3int1/test/cljd-out/dao/jing/cbor-fixtures-test_test.dart: null dao.jing.cbor-fixtures-test/json-round-trips
11:12 +1924: /Users/sto/workspace/datomworld-py-c3int1/test/cljd-out/dao/jing/cbor-fixtures-test_test.dart: null dao.jing.cbor-fixtures-test/equivalence-groups-share-bytes
11:12 +1925: /Users/sto/workspace/datomworld-py-c3int1/test/cljd-out/dao/jing/cbor-fixtures-test_test.dart: null dao.jing.cbor-fixtures-test/retained-distinctions-differ-in-bytes-and-address
11:12 +1926: /Users/sto/workspace/datomworld-py-c3int1/test/cljd-out/dao/jing/cbor-fixtures-test_test.dart: null dao.jing.cbor-fixtures-test/every-required-refusal-class-occurs
11:12 +1927: /Users/sto/workspace/datomworld-py-c3int1/test/cljd-out/dao/jing/cbor-fixtures-test_test.dart: null dao.jing.cbor-fixtures-test/equal-bytes-only-within-one-equivalence-group
11:12 +1928: /Users/sto/workspace/datomworld-py-c3int1/test/cljd-out/dao/jing/cbor-fixtures-test_test.dart: null dao.jing.cbor-fixtures-test/every-named-frame-has-accepted-and-malformed-cases
11:12 +1929: /Users/sto/workspace/datomworld-py-c3int1/test/cljd-out/dao/jing/cbor-fixtures-test_test.dart: null dao.jing.cbor-fixtures-test/case-ids-are-unique
11:12 +1930: /Users/sto/workspace/datomworld-py-c3int1/test/cljd-out/dao/jing/cbor-fixtures-test_test.dart: null dao.jing.cbor-fixtures-test/corpus-loads
11:12 +1931: /Users/sto/workspace/datomworld-py-c3int1/test/cljd-out/dao/jing/cbor-fixtures-test_test.dart: null dao.jing.cbor-fixtures-test/every-required-category-is-covered
11:12 +1932: /Users/sto/workspace/datomworld-py-c3int1/test/cljd-out/dao/jing/cbor-fixtures-test_test.dart: null dao.jing.cbor-fixtures-test/cases-follow-their-kind
11:12 +1933: /Users/sto/workspace/datomworld-py-c3int1/test/cljd-out/dao/jing/cbor-fixtures-test_test.dart: null dao.jing.cbor-fixtures-test/recorded-sha256-is-the-digest-of-the-bytes
11:13 +1934: /Users/sto/workspace/datomworld-py-c3int1/test/cljd-out/dao/jing/cbor-fixtures-test_test.dart: null dao.jing.cbor-fixtures-test/every-declared-normalization-and-distinction-has-a-group
11:13 +1935: /Users/sto/workspace/datomworld-py-c3int1/test/cljd-out/dao/jing/cbor-fixtures-test_test.dart: null dao.jing.cbor-fixtures-test/hex-strings-are-well-formed
11:13 +1936: /Users/sto/workspace/datomworld-py-c3int1/test/cljd-out/dao/jing/cbor-fixtures-test_test.dart: null dao.jing.cbor-fixtures-test/pathological-identifiers-are-pairwise-distinct
11:15 +1937: /Users/sto/workspace/datomworld-py-c3int1/test/cljd-out/dao/jing/content-test_test.dart: null dao.jing.content-test/invalid-timing-options-throw-before-the-wire
11:15 +1938: /Users/sto/workspace/datomworld-py-c3int1/test/cljd-out/dao/jing/content-test_test.dart: null dao.jing.content-test/a-request-timeout-retires-the-call-and-the-driver-recovers
11:15 +1939: /Users/sto/workspace/datomworld-py-c3int1/test/cljd-out/dao/jing/content-test_test.dart: null dao.jing.content-test/an-interrupted-call-retires-and-permits-no-id-reuse
11:15 +1940: /Users/sto/workspace/datomworld-py-c3int1/test/cljd-out/dao/jing/content-test_test.dart: null dao.jing.content-test/serve-step-drops-malformed-requests
11:15 +1941: /Users/sto/workspace/datomworld-py-c3int1/test/cljd-out/dao/jing/content-test_test.dart: null dao.jing.content-test/serve-step-refuses-a-put-whose-bytes-fail-ingress
11:15 +1942: /Users/sto/workspace/datomworld-py-c3int1/test/cljd-out/dao/jing/content-test_test.dart: null dao.jing.content-test/serve-step-honors-its-budget
11:15 +1943: /Users/sto/workspace/datomworld-py-c3int1/test/cljd-out/dao/jing/content-test_test.dart: null dao.jing.content-test/serve-step-answers-reads-and-writes
11:15 +1944: /Users/sto/workspace/datomworld-py-c3int1/test/cljd-out/dao/jing/content-test_test.dart: null dao.jing.content-test/driver-materializes-and-gets-test
11:15 +1945: /Users/sto/workspace/datomworld-py-c3int1/test/cljd-out/dao/jing/content-test_test.dart: null dao.jing.content-test/serve-step-throws-on-an-invalid-backend-verdict
11:15 +1946: /Users/sto/workspace/datomworld-py-c3int1/test/cljd-out/dao/jing/content-test_test.dart: null dao.jing.content-test/serve-step-requires-a-content-handle
11:15 +1947: /Users/sto/workspace/datomworld-py-c3int1/test/cljd-out/dao/jing/content-test_test.dart: null dao.jing.content-test/a-hash-valid-noncanonical-payload-is-refused-at-ingress
11:15 +1948: /Users/sto/workspace/datomworld-py-c3int1/test/cljd-out/dao/jing/content-test_test.dart: null dao.jing.content-test/driver-close-is-once-and-ops-throw-after
11:15 +1949: /Users/sto/workspace/datomworld-py-c3int1/test/cljd-out/dao/jing/content-test_test.dart: null dao.jing.content-test/driver-nil-opaque-and-absent-test
11:17 +1950: /Users/sto/workspace/datomworld-py-c3int1/test/cljd-out/dao/jing/cbor-conformance-test_test.dart: null dao.jing.cbor-conformance-test/every-case-is-run-or-skipped-by-a-documented-id
CONFORMANCE dart cases=372 run=367 skipped=["coll/set-signed-zero-collapse" "coll/set-vector-list-collapse" "host/character" "host/nested-in-vector" "num/js-unsafe-integer"]
11:17 +1951: /Users/sto/workspace/datomworld-py-c3int1/test/cljd-out/dao/jing/cbor-conformance-test_test.dart: null dao.jing.cbor-conformance-test/the-resource-bytes-are-the-frozen-bytes
11:17 +1952: /Users/sto/workspace/datomworld-py-c3int1/test/cljd-out/dao/jing/cbor-conformance-test_test.dart: null dao.jing.cbor-conformance-test/injectivity-and-groups-hold-on-the-bytes-this-host-produced
11:17 +1953: /Users/sto/workspace/datomworld-py-c3int1/test/cljd-out/dao/jing/cbor-conformance-test_test.dart: null dao.jing.cbor-conformance-test/the-walker-flags-what-it-must
11:17 +1954: /Users/sto/workspace/datomworld-py-c3int1/test/cljd-out/dao/jing/cbor-conformance-test_test.dart: null dao.jing.cbor-conformance-test/refusal-manifest-digest-equals-the-value-derived-from-the-resource
CONFORMANCE-DIGEST dart refusal n=154 1b929147af85f703c700a1f0d9cfbe74c55e5e28302a862086516fe749ec1b82
11:18 +1955: /Users/sto/workspace/datomworld-py-c3int1/test/cljd-out/dao/jing/cbor-conformance-test_test.dart: null dao.jing.cbor-conformance-test/canonical-manifest-digest-equals-the-value-derived-from-the-resource
CONFORMANCE-DIGEST dart canonical n=208 6d1c64719d96c11f79d575bd3122ad1bba1ba9efcc56dce63b195423575cf2cb
11:18 +1956: /Users/sto/workspace/datomworld-py-c3int1/test/cljd-out/dao/jing/cbor-conformance-test_test.dart: null dao.jing.cbor-conformance-test/documented-skips-match-the-errata-and-leave-no-case-unrun
11:18 +1957: /Users/sto/workspace/datomworld-py-c3int1/test/cljd-out/dao/jing/cbor-conformance-test_test.dart: null dao.jing.cbor-conformance-test/the-frozen-canonical-bytes-pass-the-raw-cbor-inspection
11:18 +1958: /Users/sto/workspace/datomworld-py-c3int1/test/cljd-out/dao/jing/cbor-conformance-test_test.dart: null dao.jing.cbor-conformance-test/the-walker-independently-flags-the-refusal-classes-it-can-see
11:18 +1959: /Users/sto/workspace/datomworld-py-c3int1/test/cljd-out/dao/jing/cbor-conformance-test_test.dart: null dao.jing.cbor-conformance-test/produced-bytes-pass-the-raw-cbor-inspection
11:18 +1960: /Users/sto/workspace/datomworld-py-c3int1/test/cljd-out/dao/jing/cbor-conformance-test_test.dart: null dao.jing.cbor-conformance-test/manifest-agrees-with-the-resource-for-every-case-this-host-runs
11:18 +1961: /Users/sto/workspace/datomworld-py-c3int1/test/cljd-out/dao/jing/file-test_test.dart: null dao.jing.file-test/durability-across-close-and-reopen
11:18 +1962: /Users/sto/workspace/datomworld-py-c3int1/test/cljd-out/dao/jing/file-test_test.dart: null dao.jing.file-test/a-caller-cannot-mutate-a-file-snapshot-through-its-input-array
11:18 +1963: /Users/sto/workspace/datomworld-py-c3int1/test/cljd-out/dao/jing/file-test_test.dart: null dao.jing.file-test/a-caller-cannot-mutate-a-file-snapshot-through-an-output-array
11:18 +1964: /Users/sto/workspace/datomworld-py-c3int1/test/cljd-out/dao/jing/file-test_test.dart: null dao.jing.file-test/torn-tail-overlong-length-is-truncated
11:18 +1965: /Users/sto/workspace/datomworld-py-c3int1/test/cljd-out/dao/jing/file-test_test.dart: null dao.jing.file-test/round-trip-of-every-payload-kind
11:18 +1966: /Users/sto/workspace/datomworld-py-c3int1/test/cljd-out/dao/jing/file-test_test.dart: null dao.jing.file-test/acknowledged-insert-survives-immediate-close
11:18 +1967: /Users/sto/workspace/datomworld-py-c3int1/test/cljd-out/dao/jing/file-test_test.dart: null dao.jing.file-test/unequal-duplicate-at-one-address-fails-the-open
11:18 +1968: /Users/sto/workspace/datomworld-py-c3int1/test/cljd-out/dao/jing/file-test_test.dart: null dao.jing.file-test/torn-tail-negative-length-is-truncated
11:18 +1969: /Users/sto/workspace/datomworld-py-c3int1/test/cljd-out/dao/jing/file-test_test.dart: null dao.jing.file-test/equal-duplicate-frames-recover
11:18 +1970: /Users/sto/workspace/datomworld-py-c3int1/test/cljd-out/dao/jing/file-test_test.dart: null dao.jing.file-test/invalid-put-writes-nothing
11:18 +1971: /Users/sto/workspace/datomworld-py-c3int1/test/cljd-out/dao/jing/file-test_test.dart: null dao.jing.file-test/torn-tail-shorter-than-prefix-is-truncated
11:18 +1972: /Users/sto/workspace/datomworld-py-c3int1/test/cljd-out/dao/jing/file-test_test.dart: null dao.jing.file-test/fail-closed-categories-fail-the-open
11:19 +1973: /Users/sto/workspace/datomworld-py-c3int1/test/cljd-out/dao/jing/file-test_test.dart: null dao.jing.file-test/a-mutated-byte-fails-the-open-without-mutation
11:19 +1974: /Users/sto/workspace/datomworld-py-c3int1/test/cljd-out/dao/jing/file-test_test.dart: null dao.jing.file-test/put-verdicts-and-records-are-the-file
11:19 +1975: /Users/sto/workspace/datomworld-py-c3int1/test/cljd-out/dao/jing/file-test_test.dart: null dao.jing.file-test/close-semantics
11:19 +1976: /Users/sto/workspace/datomworld-py-c3int1/test/cljd-out/dao/jing/file-test_test.dart: null dao.jing.file-test/multi-algorithm-file-store-and-replay-test
11:19 +1977: /Users/sto/workspace/datomworld-py-c3int1/test/cljd-out/dao/jing/file-test_test.dart: null dao.jing.file-test/contention-writes-exactly-one-record
11:20 +1978: /Users/sto/workspace/datomworld-py-c3int1/test/cljd-out/dao/jing/dht-test_test.dart: null dao.jing.dht-test/the-advance-stage-is-bounded-by-the-budget
11:20 +1979: /Users/sto/workspace/datomworld-py-c3int1/test/cljd-out/dao/jing/dht-test_test.dart: null dao.jing.dht-test/lookup-reaches-the-next-peer-beyond-dead-nearest-twenty
11:21 +1980: /Users/sto/workspace/datomworld-py-c3int1/test/cljd-out/dao/jing/dht-test_test.dart: null dao.jing.dht-test/a-query-that-times-out-is-retried-then-its-peer-is-dead
11:21 +1981: /Users/sto/workspace/datomworld-py-c3int1/test/cljd-out/dao/jing/dht-test_test.dart: null dao.jing.dht-test/largest-find-reply-fits-one-datagram
11:21 +1982: /Users/sto/workspace/datomworld-py-c3int1/test/cljd-out/dao/jing/dht-test_test.dart: null dao.jing.dht-test/canonical-chunk-wire-vector-is-identical-on-all-hosts
11:21 +1983: /Users/sto/workspace/datomworld-py-c3int1/test/cljd-out/dao/jing/dht-test_test.dart: null dao.jing.dht-test/first-contact-is-a-padded-ping
11:21 +1984: /Users/sto/workspace/datomworld-py-c3int1/test/cljd-out/dao/jing/dht-test_test.dart: null dao.jing.dht-test/cookie-for-is-keyed-and-epoch-scoped
11:21 +1985: /Users/sto/workspace/datomworld-py-c3int1/test/cljd-out/dao/jing/dht-test_test.dart: null dao.jing.dht-test/a-stale-peer-is-pinged-before-it-counts
11:21 +1986: /Users/sto/workspace/datomworld-py-c3int1/test/cljd-out/dao/jing/dht-test_test.dart: null dao.jing.dht-test/a-file-backed-local-verdict-survives-restart
11:21 +1987: /Users/sto/workspace/datomworld-py-c3int1/test/cljd-out/dao/jing/dht-test_test.dart: null dao.jing.dht-test/lost-request-chunk-never-materializes-a-partial-store
11:21 +1988: /Users/sto/workspace/datomworld-py-c3int1/test/cljd-out/dao/jing/dht-test_test.dart: null dao.jing.dht-test/warm-table-write-is-acknowledged-in-the-step-that-reads-it
11:21 +1989: /Users/sto/workspace/datomworld-py-c3int1/test/cljd-out/dao/jing/dht-test_test.dart: null dao.jing.dht-test/composition-defects-throw-and-perform-no-stream-operation
11:21 +1990: /Users/sto/workspace/datomworld-py-c3int1/test/cljd-out/dao/jing/dht-test_test.dart: null dao.jing.dht-test/read-deadline-and-busy
11:21 +1991: /Users/sto/workspace/datomworld-py-c3int1/test/cljd-out/dao/jing/dht-test_test.dart: null dao.jing.dht-test/reordered-request-chunks-reassemble
11:21 +1992: /Users/sto/workspace/datomworld-py-c3int1/test/cljd-out/dao/jing/dht-test_test.dart: null dao.jing.dht-test/socket-requires-a-secret-and-cookies-depend-on-it
11:21 +1993: /Users/sto/workspace/datomworld-py-c3int1/test/cljd-out/dao/jing/dht-test_test.dart: null dao.jing.dht-test/a-need-cookie-cookie-is-untrusted-until-a-full-reply
11:21 +1994: /Users/sto/workspace/datomworld-py-c3int1/test/cljd-out/dao/jing/dht-test_test.dart: null dao.jing.dht-test/queries-are-indexed-by-owner
11:21 +1995: /Users/sto/workspace/datomworld-py-c3int1/test/cljd-out/dao/jing/dht-test_test.dart: null dao.jing.dht-test/chunk-partials-have-a-per-source-share
11:21 +1996: /Users/sto/workspace/datomworld-py-c3int1/test/cljd-out/dao/jing/dht-test_test.dart: null dao.jing.dht-test/inbound-storage-bound-refuses-explicitly
11:21 +1997: /Users/sto/workspace/datomworld-py-c3int1/test/cljd-out/dao/jing/dht-test_test.dart: null dao.jing.dht-test/the-store-handle-returns-the-local-verdict-at-once
11:21 +1998: /Users/sto/workspace/datomworld-py-c3int1/test/cljd-out/dao/jing/dht-test_test.dart: null dao.jing.dht-test/an-unpublished-peer-serves-nothing
11:21 +1999: /Users/sto/workspace/datomworld-py-c3int1/test/cljd-out/dao/jing/dht-test_test.dart: null dao.jing.dht-test/chunk-partials-are-evicted-by-tick-age
11:21 +2000: /Users/sto/workspace/datomworld-py-c3int1/test/cljd-out/dao/jing/dht-test_test.dart: null dao.jing.dht-test/time-advances-only-by-appended-ticks
11:21 +2001: /Users/sto/workspace/datomworld-py-c3int1/test/cljd-out/dao/jing/dht-test_test.dart: null dao.jing.dht-test/a-reply-after-its-query-deadline-is-dropped
11:21 +2002: /Users/sto/workspace/datomworld-py-c3int1/test/cljd-out/dao/jing/dht-test_test.dart: null dao.jing.dht-test/the-unmodified-content-client-materializes-through-a-dht
11:21 +2003: /Users/sto/workspace/datomworld-py-c3int1/test/cljd-out/dao/jing/dht-test_test.dart: null dao.jing.dht-test/an-unpublished-peer-is-sent-to-but-stores-nothing
11:21 +2004: /Users/sto/workspace/datomworld-py-c3int1/test/cljd-out/dao/jing/dht-test_test.dart: null dao.jing.dht-test/a-forged-payload-is-discarded
11:21 +2005: /Users/sto/workspace/datomworld-py-c3int1/test/cljd-out/dao/jing/dht-test_test.dart: null dao.jing.dht-test/a-gap-adopts-the-recovery-cursor-and-says-so
11:21 +2006: /Users/sto/workspace/datomworld-py-c3int1/test/cljd-out/dao/jing/dht-test_test.dart: null dao.jing.dht-test/wrong-ip-family-is-dropped-before-the-socket
11:21 +2007: /Users/sto/workspace/datomworld-py-c3int1/test/cljd-out/dao/jing/dht-test_test.dart: null dao.jing.dht-test/hostname-peer-is-dropped-before-the-socket
11:21 +2008: /Users/sto/workspace/datomworld-py-c3int1/test/cljd-out/dao/jing/dht-test_test.dart: null dao.jing.dht-test/a-refused-later-chunk-does-not-count-the-peer
11:22 +2009: /Users/sto/workspace/datomworld-py-c3int1/test/cljd-out/dao/jing/dht-test_test.dart: null dao.jing.dht-test/an-unpublished-node-still-routes-fetches-and-caches
11:22 +2010: /Users/sto/workspace/datomworld-py-c3int1/test/cljd-out/dao/jing/dht-test_test.dart: null dao.jing.dht-test/chunked-store-crosses-multiple-datagrams
11:22 +2011: /Users/sto/workspace/datomworld-py-c3int1/test/cljd-out/dao/jing/dht-test_test.dart: null dao.jing.dht-test/dht-routes-both-algorithms
11:22 +2012: /Users/sto/workspace/datomworld-py-c3int1/test/cljd-out/dao/jing/dht-test_test.dart: null dao.jing.dht-test/need-cookie-reply-never-exceeds-first-contact-bytes
11:22 +2013: /Users/sto/workspace/datomworld-py-c3int1/test/cljd-out/dao/jing/dht-test_test.dart: null dao.jing.dht-test/the-gate-answers-need-cookie-or-silence
11:22 +2014: /Users/sto/workspace/datomworld-py-c3int1/test/cljd-out/dao/jing/dht-test_test.dart: null dao.jing.dht-test/query-expiry-is-bounded-by-the-budget
11:22 +2015: /Users/sto/workspace/datomworld-py-c3int1/test/cljd-out/dao/jing/dht-test_test.dart: null dao.jing.dht-test/every-at-once-unacknowledged-reason
11:22 +2016: /Users/sto/workspace/datomworld-py-c3int1/test/cljd-out/dao/jing/dht-test_test.dart: null dao.jing.dht-test/unexpected-reply-source-and-claimed-peers-are-not-proven
11:22 +2017: /Users/sto/workspace/datomworld-py-c3int1/test/cljd-out/dao/jing/dht-test_test.dart: null dao.jing.dht-test/unproven-chunks-never-amplify-or-allocate
11:22 +2018: /Users/sto/workspace/datomworld-py-c3int1/test/cljd-out/dao/jing/dht-test_test.dart: null dao.jing.dht-test/unproven-chunks-never-amplify-or-allocate
11:22 +2019: /Users/sto/workspace/datomworld-py-c3int1/test/cljd-out/dao/jing/dht-test_test.dart: null dao.jing.dht-test/unproven-chunks-never-amplify-or-allocate
11:22 +2020: /Users/sto/workspace/datomworld-py-c3int1/test/cljd-out/dao/jing/dht-test_test.dart: null dao.jing.dht-test/unproven-chunks-never-amplify-or-allocate
11:22 +2021: /Users/sto/workspace/datomworld-py-c3int1/test/cljd-out/dao/jing/dht-test_test.dart: null dao.jing.dht-test/unproven-chunks-never-amplify-or-allocate
11:22 +2022: /Users/sto/workspace/datomworld-py-c3int1/test/cljd-out/dao/jing/dht-test_test.dart: null dao.jing.dht-test/unproven-chunks-never-amplify-or-allocate
11:22 +2023: /Users/sto/workspace/datomworld-py-c3int1/test/cljd-out/dao/jing/dht-test_test.dart: null dao.jing.dht-test/unproven-chunks-never-amplify-or-allocate
11:22 +2024: /Users/sto/workspace/datomworld-py-c3int1/test/cljd-out/dao/jing/dht-test_test.dart: null dao.jing.dht-test/unproven-chunks-never-amplify-or-allocate
11:22 +2025: /Users/sto/workspace/datomworld-py-c3int1/test/cljd-out/dao/jing/dht-test_test.dart: null dao.jing.dht-test/unproven-chunks-never-amplify-or-allocate
11:22 +2026: /Users/sto/workspace/datomworld-py-c3int1/test/cljd-out/dao/jing/dht-test_test.dart: null dao.jing.dht-test/unproven-chunks-never-amplify-or-allocate
11:22 +2027: /Users/sto/workspace/datomworld-py-c3int1/test/cljd-out/dao/jing/dht-test_test.dart: null dao.jing.dht-test/unproven-chunks-never-amplify-or-allocate
11:22 +2028: /Users/sto/workspace/datomworld-py-c3int1/test/cljd-out/dao/jing/dht-test_test.dart: null dao.jing.dht-test/unproven-chunks-never-amplify-or-allocate
11:22 +2029: /Users/sto/workspace/datomworld-py-c3int1/test/cljd-out/dao/jing/dht-test_test.dart: null dao.jing.dht-test/unproven-chunks-never-amplify-or-allocate
11:22 +2030: /Users/sto/workspace/datomworld-py-c3int1/test/cljd-out/dao/jing/dht-test_test.dart: null dao.jing.dht-test/unproven-chunks-never-amplify-or-allocate
11:22 +2031: /Users/sto/workspace/datomworld-py-c3int1/test/cljd-out/dao/jing/dht-test_test.dart: null dao.jing.dht-test/unproven-chunks-never-amplify-or-allocate
11:24 +2032: /Users/sto/workspace/datomworld-py-c3int1/test/cljd-out/dao/jing/dht-test_test.dart: null dao.jing.dht-test/unproven-chunks-never-amplify-or-allocate
11:24 +2033: /Users/sto/workspace/datomworld-py-c3int1/test/cljd-out/dao/jing/dht-test_test.dart: null dao.jing.dht-test/unproven-chunks-never-amplify-or-allocate
11:24 +2034: /Users/sto/workspace/datomworld-py-c3int1/test/cljd-out/dao/jing/dht-test_test.dart: null dao.jing.dht-test/unproven-chunks-never-amplify-or-allocate
11:24 +2035: /Users/sto/workspace/datomworld-py-c3int1/test/cljd-out/dao/jing/dht-test_test.dart: null dao.jing.dht-test/unproven-chunks-never-amplify-or-allocate
11:24 +2036: /Users/sto/workspace/datomworld-py-c3int1/test/cljd-out/dao/jing/dht-test_test.dart: null dao.jing.dht-test/unproven-chunks-never-amplify-or-allocate
11:24 +2037: /Users/sto/workspace/datomworld-py-c3int1/test/cljd-out/dao/jing/dht-test_test.dart: null dao.jing.dht-test/unproven-chunks-never-amplify-or-allocate
11:24 +2037: /Users/sto/workspace/datomworld-py-c3int1/test/cljd-out/dao/jing/cbor-test_test.dart: null dao.jing.cbor-test/encode-refusal-cases-refuse-with-the-frozen-class
SKIP dart coll/set-signed-zero-collapse: host constructor merged the members (N/A; cbor-v1.errata.md E6)
SKIP dart coll/set-vector-list-collapse: host constructor merged the members (N/A; cbor-v1.errata.md E6)
SKIP dart num/js-unsafe-integer: README Obligations: applies to Node only; N/A on JVM and Dart
SKIP dart host/character: Dart has no character type: a char literal is a string
SKIP dart host/nested-in-vector: its unsupported member is a character; Dart has none
11:24 +2038: /Users/sto/workspace/datomworld-py-c3int1/test/cljd-out/dao/jing/dht-test_test.dart: null dao.jing.dht-test/unproven-chunks-never-amplify-or-allocate
11:24 +2039: /Users/sto/workspace/datomworld-py-c3int1/test/cljd-out/dao/jing/dht-test_test.dart: null dao.jing.dht-test/unproven-chunks-never-amplify-or-allocate
11:24 +2040: /Users/sto/workspace/datomworld-py-c3int1/test/cljd-out/dao/jing/dht-test_test.dart: null dao.jing.dht-test/unproven-chunks-never-amplify-or-allocate
11:24 +2041: /Users/sto/workspace/datomworld-py-c3int1/test/cljd-out/dao/jing/dht-test_test.dart: null dao.jing.dht-test/unproven-chunks-never-amplify-or-allocate
11:24 +2042: /Users/sto/workspace/datomworld-py-c3int1/test/cljd-out/dao/jing/dht-test_test.dart: null dao.jing.dht-test/unproven-chunks-never-amplify-or-allocate
11:25 +2043: /Users/sto/workspace/datomworld-py-c3int1/test/cljd-out/dao/jing/dht-test_test.dart: null dao.jing.dht-test/unproven-chunks-never-amplify-or-allocate
11:25 +2044: /Users/sto/workspace/datomworld-py-c3int1/test/cljd-out/dao/jing/dht-test_test.dart: null dao.jing.dht-test/unproven-chunks-never-amplify-or-allocate
11:25 +2045: /Users/sto/workspace/datomworld-py-c3int1/test/cljd-out/dao/jing/dht-test_test.dart: null dao.jing.dht-test/unproven-chunks-never-amplify-or-allocate
11:25 +2046: /Users/sto/workspace/datomworld-py-c3int1/test/cljd-out/dao/jing/dht-test_test.dart: null dao.jing.dht-test/unproven-chunks-never-amplify-or-allocate
11:25 +2047: /Users/sto/workspace/datomworld-py-c3int1/test/cljd-out/dao/jing/dht-test_test.dart: null dao.jing.dht-test/unproven-chunks-never-amplify-or-allocate
11:25 +2048: /Users/sto/workspace/datomworld-py-c3int1/test/cljd-out/dao/jing/dht-test_test.dart: null dao.jing.dht-test/unproven-chunks-never-amplify-or-allocate
11:25 +2049: /Users/sto/workspace/datomworld-py-c3int1/test/cljd-out/dao/jing/dht-test_test.dart: null dao.jing.dht-test/unproven-chunks-never-amplify-or-allocate
11:26 +2050: /Users/sto/workspace/datomworld-py-c3int1/test/cljd-out/dao/jing/dht-test_test.dart: null dao.jing.dht-test/unproven-chunks-never-amplify-or-allocate
11:26 +2051: /Users/sto/workspace/datomworld-py-c3int1/test/cljd-out/dao/jing/dht-test_test.dart: null dao.jing.dht-test/unproven-chunks-never-amplify-or-allocate
11:26 +2052: /Users/sto/workspace/datomworld-py-c3int1/test/cljd-out/dao/jing/dht-test_test.dart: null dao.jing.dht-test/unproven-chunks-never-amplify-or-allocate
11:26 +2053: /Users/sto/workspace/datomworld-py-c3int1/test/cljd-out/dao/jing/dht-test_test.dart: null dao.jing.dht-test/unproven-chunks-never-amplify-or-allocate
11:26 +2054: /Users/sto/workspace/datomworld-py-c3int1/test/cljd-out/dao/jing/dht-test_test.dart: null dao.jing.dht-test/unproven-chunks-never-amplify-or-allocate
11:26 +2055: /Users/sto/workspace/datomworld-py-c3int1/test/cljd-out/dao/jing/dht-test_test.dart: null dao.jing.dht-test/unproven-chunks-never-amplify-or-allocate
11:26 +2056: /Users/sto/workspace/datomworld-py-c3int1/test/cljd-out/dao/jing/dht-test_test.dart: null dao.jing.dht-test/unproven-chunks-never-amplify-or-allocate
11:26 +2057: /Users/sto/workspace/datomworld-py-c3int1/test/cljd-out/dao/jing/dht-test_test.dart: null dao.jing.dht-test/unproven-chunks-never-amplify-or-allocate
11:26 +2058: /Users/sto/workspace/datomworld-py-c3int1/test/cljd-out/dao/jing/dht-test_test.dart: null dao.jing.dht-test/unproven-chunks-never-amplify-or-allocate
11:28 +2059: /Users/sto/workspace/datomworld-py-c3int1/test/cljd-out/dao/jing/dht-test_test.dart: null dao.jing.dht-test/unproven-chunks-never-amplify-or-allocate
11:28 +2060: /Users/sto/workspace/datomworld-py-c3int1/test/cljd-out/dao/jing/dht-test_test.dart: null dao.jing.dht-test/unproven-chunks-never-amplify-or-allocate
11:28 +2061: /Users/sto/workspace/datomworld-py-c3int1/test/cljd-out/dao/jing/dht-test_test.dart: null dao.jing.dht-test/unproven-chunks-never-amplify-or-allocate
11:28 +2062: /Users/sto/workspace/datomworld-py-c3int1/test/cljd-out/dao/jing/dht-test_test.dart: null dao.jing.dht-test/unproven-chunks-never-amplify-or-allocate
11:28 +2063: /Users/sto/workspace/datomworld-py-c3int1/test/cljd-out/dao/jing/dht-test_test.dart: null dao.jing.dht-test/unproven-chunks-never-amplify-or-allocate
11:28 +2064: /Users/sto/workspace/datomworld-py-c3int1/test/cljd-out/dao/jing/dht-test_test.dart: null dao.jing.dht-test/unproven-chunks-never-amplify-or-allocate
11:28 +2065: /Users/sto/workspace/datomworld-py-c3int1/test/cljd-out/dao/jing/dht-test_test.dart: null dao.jing.dht-test/unproven-chunks-never-amplify-or-allocate
11:28 +2066: /Users/sto/workspace/datomworld-py-c3int1/test/cljd-out/dao/jing/dht-test_test.dart: null dao.jing.dht-test/unproven-chunks-never-amplify-or-allocate
11:28 +2067: /Users/sto/workspace/datomworld-py-c3int1/test/cljd-out/dao/jing/dht-test_test.dart: null dao.jing.dht-test/unproven-chunks-never-amplify-or-allocate
11:28 +2068: /Users/sto/workspace/datomworld-py-c3int1/test/cljd-out/dao/jing/dht-test_test.dart: null dao.jing.dht-test/unproven-chunks-never-amplify-or-allocate
11:28 +2069: /Users/sto/workspace/datomworld-py-c3int1/test/cljd-out/dao/jing/dht-test_test.dart: null dao.jing.dht-test/unproven-chunks-never-amplify-or-allocate
11:28 +2070: /Users/sto/workspace/datomworld-py-c3int1/test/cljd-out/dao/jing/dht-test_test.dart: null dao.jing.dht-test/unproven-chunks-never-amplify-or-allocate
11:28 +2071: /Users/sto/workspace/datomworld-py-c3int1/test/cljd-out/dao/jing/dht-test_test.dart: null dao.jing.dht-test/unproven-chunks-never-amplify-or-allocate
11:28 +2072: /Users/sto/workspace/datomworld-py-c3int1/test/cljd-out/dao/jing/dht-test_test.dart: null dao.jing.dht-test/unproven-chunks-never-amplify-or-allocate
11:28 +2073: /Users/sto/workspace/datomworld-py-c3int1/test/cljd-out/dao/jing/dht-test_test.dart: null dao.jing.dht-test/unproven-chunks-never-amplify-or-allocate
11:28 +2074: /Users/sto/workspace/datomworld-py-c3int1/test/cljd-out/dao/jing/dht-test_test.dart: null dao.jing.dht-test/unproven-chunks-never-amplify-or-allocate
11:28 +2075: /Users/sto/workspace/datomworld-py-c3int1/test/cljd-out/dao/jing/dht-test_test.dart: null dao.jing.dht-test/unproven-chunks-never-amplify-or-allocate
11:30 +2076: /Users/sto/workspace/datomworld-py-c3int1/test/cljd-out/dao/jing/dht-test_test.dart: null dao.jing.dht-test/unproven-chunks-never-amplify-or-allocate
11:30 +2077: /Users/sto/workspace/datomworld-py-c3int1/test/cljd-out/dao/jing/dht-test_test.dart: null dao.jing.dht-test/unproven-chunks-never-amplify-or-allocate
11:30 +2078: /Users/sto/workspace/datomworld-py-c3int1/test/cljd-out/dao/jing/dht-test_test.dart: null dao.jing.dht-test/unproven-chunks-never-amplify-or-allocate
11:30 +2079: /Users/sto/workspace/datomworld-py-c3int1/test/cljd-out/dao/jing/dht-test_test.dart: null dao.jing.dht-test/unproven-chunks-never-amplify-or-allocate
11:30 +2080: /Users/sto/workspace/datomworld-py-c3int1/test/cljd-out/dao/jing/dht-test_test.dart: null dao.jing.dht-test/unproven-chunks-never-amplify-or-allocate
11:30 +2081: /Users/sto/workspace/datomworld-py-c3int1/test/cljd-out/dao/jing/dht-test_test.dart: null dao.jing.dht-test/unproven-chunks-never-amplify-or-allocate
11:30 +2082: /Users/sto/workspace/datomworld-py-c3int1/test/cljd-out/dao/jing/dht-test_test.dart: null dao.jing.dht-test/unproven-chunks-never-amplify-or-allocate
11:30 +2083: /Users/sto/workspace/datomworld-py-c3int1/test/cljd-out/dao/jing/dht-test_test.dart: null dao.jing.dht-test/unproven-chunks-never-amplify-or-allocate
11:32 +2084: /Users/sto/workspace/datomworld-py-c3int1/test/cljd-out/dao/jing/dht-test_test.dart: null dao.jing.dht-test/unproven-chunks-never-amplify-or-allocate
11:32 +2085: /Users/sto/workspace/datomworld-py-c3int1/test/cljd-out/dao/jing/dht-test_test.dart: null dao.jing.dht-test/unproven-chunks-never-amplify-or-allocate
11:32 +2086: /Users/sto/workspace/datomworld-py-c3int1/test/cljd-out/dao/jing/dht-test_test.dart: null dao.jing.dht-test/unproven-chunks-never-amplify-or-allocate
11:32 +2087: /Users/sto/workspace/datomworld-py-c3int1/test/cljd-out/dao/jing/dht-test_test.dart: null dao.jing.dht-test/unproven-chunks-never-amplify-or-allocate
11:32 +2088: /Users/sto/workspace/datomworld-py-c3int1/test/cljd-out/dao/jing/dht-test_test.dart: null dao.jing.dht-test/unproven-chunks-never-amplify-or-allocate
11:32 +2089: /Users/sto/workspace/datomworld-py-c3int1/test/cljd-out/dao/jing/dht-test_test.dart: null dao.jing.dht-test/unproven-chunks-never-amplify-or-allocate
11:32 +2090: /Users/sto/workspace/datomworld-py-c3int1/test/cljd-out/dao/jing/dht-test_test.dart: null dao.jing.dht-test/unproven-chunks-never-amplify-or-allocate
11:32 +2091: /Users/sto/workspace/datomworld-py-c3int1/test/cljd-out/dao/jing/dht-test_test.dart: null dao.jing.dht-test/unproven-chunks-never-amplify-or-allocate
11:32 +2092: /Users/sto/workspace/datomworld-py-c3int1/test/cljd-out/dao/jing/dht-test_test.dart: null dao.jing.dht-test/unproven-chunks-never-amplify-or-allocate
11:32 +2093: /Users/sto/workspace/datomworld-py-c3int1/test/cljd-out/dao/jing/dht-test_test.dart: null dao.jing.dht-test/unproven-chunks-never-amplify-or-allocate
11:32 +2094: /Users/sto/workspace/datomworld-py-c3int1/test/cljd-out/dao/jing/dht-test_test.dart: null dao.jing.dht-test/unproven-chunks-never-amplify-or-allocate
11:32 +2095: /Users/sto/workspace/datomworld-py-c3int1/test/cljd-out/dao/jing/dht-test_test.dart: null dao.jing.dht-test/unproven-chunks-never-amplify-or-allocate
11:32 +2096: /Users/sto/workspace/datomworld-py-c3int1/test/cljd-out/dao/jing/dht-test_test.dart: null dao.jing.dht-test/unproven-chunks-never-amplify-or-allocate
11:32 +2097: /Users/sto/workspace/datomworld-py-c3int1/test/cljd-out/dao/jing/dht-test_test.dart: null dao.jing.dht-test/unproven-chunks-never-amplify-or-allocate
11:32 +2098: /Users/sto/workspace/datomworld-py-c3int1/test/cljd-out/dao/jing/dht-test_test.dart: null dao.jing.dht-test/unproven-chunks-never-amplify-or-allocate
11:32 +2099: /Users/sto/workspace/datomworld-py-c3int1/test/cljd-out/dao/jing/dht-test_test.dart: null dao.jing.dht-test/unproven-chunks-never-amplify-or-allocate
11:32 +2100: /Users/sto/workspace/datomworld-py-c3int1/test/cljd-out/dao/jing/dht-test_test.dart: null dao.jing.dht-test/unproven-chunks-never-amplify-or-allocate
11:32 +2101: /Users/sto/workspace/datomworld-py-c3int1/test/cljd-out/dao/jing/dht-test_test.dart: null dao.jing.dht-test/unproven-chunks-never-amplify-or-allocate
11:34 +2102: /Users/sto/workspace/datomworld-py-c3int1/test/cljd-out/dao/jing/dht-test_test.dart: null dao.jing.dht-test/unproven-chunks-never-amplify-or-allocate
11:34 +2103: /Users/sto/workspace/datomworld-py-c3int1/test/cljd-out/dao/jing/dht-test_test.dart: null dao.jing.dht-test/unproven-chunks-never-amplify-or-allocate
11:34 +2104: /Users/sto/workspace/datomworld-py-c3int1/test/cljd-out/dao/jing/dht-test_test.dart: null dao.jing.dht-test/unproven-chunks-never-amplify-or-allocate
11:34 +2105: /Users/sto/workspace/datomworld-py-c3int1/test/cljd-out/dao/jing/dht-test_test.dart: null dao.jing.dht-test/unproven-chunks-never-amplify-or-allocate
11:34 +2106: /Users/sto/workspace/datomworld-py-c3int1/test/cljd-out/dao/jing/dht-test_test.dart: null dao.jing.dht-test/unproven-chunks-never-amplify-or-allocate
11:34 +2107: /Users/sto/workspace/datomworld-py-c3int1/test/cljd-out/dao/jing/dht-test_test.dart: null dao.jing.dht-test/unproven-chunks-never-amplify-or-allocate
11:34 +2108: /Users/sto/workspace/datomworld-py-c3int1/test/cljd-out/dao/jing/dht-test_test.dart: null dao.jing.dht-test/unproven-chunks-never-amplify-or-allocate
11:34 +2109: /Users/sto/workspace/datomworld-py-c3int1/test/cljd-out/dao/jing/dht-test_test.dart: null dao.jing.dht-test/unproven-chunks-never-amplify-or-allocate
11:34 +2110: /Users/sto/workspace/datomworld-py-c3int1/test/cljd-out/dao/jing/dht-test_test.dart: null dao.jing.dht-test/unproven-chunks-never-amplify-or-allocate
11:34 +2111: /Users/sto/workspace/datomworld-py-c3int1/test/cljd-out/dao/jing/dht-test_test.dart: null dao.jing.dht-test/unproven-chunks-never-amplify-or-allocate
11:34 +2112: /Users/sto/workspace/datomworld-py-c3int1/test/cljd-out/dao/jing/dht-test_test.dart: null dao.jing.dht-test/unproven-chunks-never-amplify-or-allocate
11:34 +2113: /Users/sto/workspace/datomworld-py-c3int1/test/cljd-out/dao/jing/dht-test_test.dart: null dao.jing.dht-test/unproven-chunks-never-amplify-or-allocate
11:34 +2114: /Users/sto/workspace/datomworld-py-c3int1/test/cljd-out/dao/jing/dht-test_test.dart: null dao.jing.dht-test/unproven-chunks-never-amplify-or-allocate
11:34 +2115: /Users/sto/workspace/datomworld-py-c3int1/test/cljd-out/dao/jing/dht-test_test.dart: null dao.jing.dht-test/unproven-chunks-never-amplify-or-allocate
11:34 +2116: /Users/sto/workspace/datomworld-py-c3int1/test/cljd-out/dao/jing/dht-test_test.dart: null dao.jing.dht-test/unproven-chunks-never-amplify-or-allocate
11:34 +2117: /Users/sto/workspace/datomworld-py-c3int1/test/cljd-out/dao/jing/dht-test_test.dart: null dao.jing.dht-test/unproven-chunks-never-amplify-or-allocate
11:34 +2118: /Users/sto/workspace/datomworld-py-c3int1/test/cljd-out/dao/jing/dht-test_test.dart: null dao.jing.dht-test/unproven-chunks-never-amplify-or-allocate
11:34 +2119: /Users/sto/workspace/datomworld-py-c3int1/test/cljd-out/dao/jing/dht-test_test.dart: null dao.jing.dht-test/unproven-chunks-never-amplify-or-allocate
11:34 +2120: /Users/sto/workspace/datomworld-py-c3int1/test/cljd-out/dao/jing/dht-test_test.dart: null dao.jing.dht-test/unproven-chunks-never-amplify-or-allocate
11:34 +2121: /Users/sto/workspace/datomworld-py-c3int1/test/cljd-out/dao/jing/dht-test_test.dart: null dao.jing.dht-test/unproven-chunks-never-amplify-or-allocate
11:34 +2122: /Users/sto/workspace/datomworld-py-c3int1/test/cljd-out/dao/jing/dht-test_test.dart: null dao.jing.dht-test/unproven-chunks-never-amplify-or-allocate
11:34 +2123: /Users/sto/workspace/datomworld-py-c3int1/test/cljd-out/dao/jing/dht-test_test.dart: null dao.jing.dht-test/unproven-chunks-never-amplify-or-allocate
11:34 +2124: /Users/sto/workspace/datomworld-py-c3int1/test/cljd-out/dao/jing/dht-test_test.dart: null dao.jing.dht-test/unproven-chunks-never-amplify-or-allocate
11:34 +2125: /Users/sto/workspace/datomworld-py-c3int1/test/cljd-out/dao/jing/dht-test_test.dart: null dao.jing.dht-test/unproven-chunks-never-amplify-or-allocate
11:34 +2126: /Users/sto/workspace/datomworld-py-c3int1/test/cljd-out/dao/jing/dht-test_test.dart: null dao.jing.dht-test/unproven-chunks-never-amplify-or-allocate
11:34 +2127: /Users/sto/workspace/datomworld-py-c3int1/test/cljd-out/dao/jing/dht-test_test.dart: null dao.jing.dht-test/unproven-chunks-never-amplify-or-allocate
11:34 +2128: /Users/sto/workspace/datomworld-py-c3int1/test/cljd-out/dao/jing/dht-test_test.dart: null dao.jing.dht-test/unproven-chunks-never-amplify-or-allocate
11:34 +2129: /Users/sto/workspace/datomworld-py-c3int1/test/cljd-out/dao/jing/dht-test_test.dart: null dao.jing.dht-test/unproven-chunks-never-amplify-or-allocate
11:34 +2130: /Users/sto/workspace/datomworld-py-c3int1/test/cljd-out/dao/jing/dht-test_test.dart: null dao.jing.dht-test/unproven-chunks-never-amplify-or-allocate
11:34 +2131: /Users/sto/workspace/datomworld-py-c3int1/test/cljd-out/dao/jing/dht-test_test.dart: null dao.jing.dht-test/unproven-chunks-never-amplify-or-allocate
11:34 +2132: /Users/sto/workspace/datomworld-py-c3int1/test/cljd-out/dao/jing/dht-test_test.dart: null dao.jing.dht-test/unproven-chunks-never-amplify-or-allocate
11:34 +2133: /Users/sto/workspace/datomworld-py-c3int1/test/cljd-out/dao/jing/dht-test_test.dart: null dao.jing.dht-test/unproven-chunks-never-amplify-or-allocate
11:34 +2134: /Users/sto/workspace/datomworld-py-c3int1/test/cljd-out/dao/jing/dht-test_test.dart: null dao.jing.dht-test/unproven-chunks-never-amplify-or-allocate
11:34 +2135: /Users/sto/workspace/datomworld-py-c3int1/test/cljd-out/dao/jing/dht-test_test.dart: null dao.jing.dht-test/unproven-chunks-never-amplify-or-allocate
11:34 +2136: /Users/sto/workspace/datomworld-py-c3int1/test/cljd-out/dao/jing/dht-test_test.dart: null dao.jing.dht-test/unproven-chunks-never-amplify-or-allocate
11:34 +2137: /Users/sto/workspace/datomworld-py-c3int1/test/cljd-out/dao/jing/dht-test_test.dart: null dao.jing.dht-test/unproven-chunks-never-amplify-or-allocate
11:34 +2138: /Users/sto/workspace/datomworld-py-c3int1/test/cljd-out/dao/jing/dht-test_test.dart: null dao.jing.dht-test/unproven-chunks-never-amplify-or-allocate
11:34 +2139: /Users/sto/workspace/datomworld-py-c3int1/test/cljd-out/dao/jing/dht-test_test.dart: null dao.jing.dht-test/unproven-chunks-never-amplify-or-allocate
11:34 +2140: /Users/sto/workspace/datomworld-py-c3int1/test/cljd-out/dao/jing/dht-test_test.dart: null dao.jing.dht-test/unproven-chunks-never-amplify-or-allocate
11:34 +2141: /Users/sto/workspace/datomworld-py-c3int1/test/cljd-out/dao/jing/dht-test_test.dart: null dao.jing.dht-test/unproven-chunks-never-amplify-or-allocate
11:34 +2142: /Users/sto/workspace/datomworld-py-c3int1/test/cljd-out/dao/jing/dht-test_test.dart: null dao.jing.dht-test/unproven-chunks-never-amplify-or-allocate
11:34 +2143: /Users/sto/workspace/datomworld-py-c3int1/test/cljd-out/dao/jing/dht-test_test.dart: null dao.jing.dht-test/unproven-chunks-never-amplify-or-allocate
11:34 +2144: /Users/sto/workspace/datomworld-py-c3int1/test/cljd-out/dao/jing/dht-test_test.dart: null dao.jing.dht-test/unproven-chunks-never-amplify-or-allocate
11:34 +2145: /Users/sto/workspace/datomworld-py-c3int1/test/cljd-out/dao/jing/dht-test_test.dart: null dao.jing.dht-test/unproven-chunks-never-amplify-or-allocate
11:34 +2146: /Users/sto/workspace/datomworld-py-c3int1/test/cljd-out/dao/jing/dht-test_test.dart: null dao.jing.dht-test/unproven-chunks-never-amplify-or-allocate
11:34 +2147: /Users/sto/workspace/datomworld-py-c3int1/test/cljd-out/dao/jing/dht-test_test.dart: null dao.jing.dht-test/unproven-chunks-never-amplify-or-allocate
11:34 +2148: /Users/sto/workspace/datomworld-py-c3int1/test/cljd-out/dao/jing/dht-test_test.dart: null dao.jing.dht-test/unproven-chunks-never-amplify-or-allocate
11:34 +2149: /Users/sto/workspace/datomworld-py-c3int1/test/cljd-out/dao/jing/dht-test_test.dart: null dao.jing.dht-test/unproven-chunks-never-amplify-or-allocate
11:35 +2150: /Users/sto/workspace/datomworld-py-c3int1/test/cljd-out/dao/jing/dht-test_test.dart: null dao.jing.dht-test/unproven-chunks-never-amplify-or-allocate
11:35 +2151: /Users/sto/workspace/datomworld-py-c3int1/test/cljd-out/dao/jing/dht-test_test.dart: null dao.jing.dht-test/unproven-chunks-never-amplify-or-allocate
11:35 +2152: /Users/sto/workspace/datomworld-py-c3int1/test/cljd-out/dao/jing/dht-test_test.dart: null dao.jing.dht-test/unproven-chunks-never-amplify-or-allocate
11:35 +2153: /Users/sto/workspace/datomworld-py-c3int1/test/cljd-out/dao/jing/dht-test_test.dart: null dao.jing.dht-test/unproven-chunks-never-amplify-or-allocate
11:35 +2154: /Users/sto/workspace/datomworld-py-c3int1/test/cljd-out/dao/jing/dht-test_test.dart: null dao.jing.dht-test/unproven-chunks-never-amplify-or-allocate
11:35 +2155: /Users/sto/workspace/datomworld-py-c3int1/test/cljd-out/dao/jing/dht-test_test.dart: null dao.jing.dht-test/unproven-chunks-never-amplify-or-allocate
11:35 +2156: /Users/sto/workspace/datomworld-py-c3int1/test/cljd-out/dao/jing/dht-test_test.dart: null dao.jing.dht-test/unproven-chunks-never-amplify-or-allocate
11:35 +2157: /Users/sto/workspace/datomworld-py-c3int1/test/cljd-out/dao/jing/dht-test_test.dart: null dao.jing.dht-test/unproven-chunks-never-amplify-or-allocate
11:35 +2158: /Users/sto/workspace/datomworld-py-c3int1/test/cljd-out/dao/jing/dht-test_test.dart: null dao.jing.dht-test/unproven-chunks-never-amplify-or-allocate
11:35 +2159: /Users/sto/workspace/datomworld-py-c3int1/test/cljd-out/dao/jing/dht-test_test.dart: null dao.jing.dht-test/unproven-chunks-never-amplify-or-allocate
11:35 +2160: /Users/sto/workspace/datomworld-py-c3int1/test/cljd-out/dao/jing/dht-test_test.dart: null dao.jing.dht-test/unproven-chunks-never-amplify-or-allocate
11:35 +2161: /Users/sto/workspace/datomworld-py-c3int1/test/cljd-out/dao/jing/dht-test_test.dart: null dao.jing.dht-test/unproven-chunks-never-amplify-or-allocate
11:35 +2162: /Users/sto/workspace/datomworld-py-c3int1/test/cljd-out/dao/jing/dht-test_test.dart: null dao.jing.dht-test/unproven-chunks-never-amplify-or-allocate
11:35 +2163: /Users/sto/workspace/datomworld-py-c3int1/test/cljd-out/dao/jing/dht-test_test.dart: null dao.jing.dht-test/unproven-chunks-never-amplify-or-allocate
11:35 +2164: /Users/sto/workspace/datomworld-py-c3int1/test/cljd-out/dao/jing/dht-test_test.dart: null dao.jing.dht-test/unproven-chunks-never-amplify-or-allocate
11:35 +2165: /Users/sto/workspace/datomworld-py-c3int1/test/cljd-out/dao/jing/dht-test_test.dart: null dao.jing.dht-test/unproven-chunks-never-amplify-or-allocate
11:35 +2166: /Users/sto/workspace/datomworld-py-c3int1/test/cljd-out/dao/jing/dht-test_test.dart: null dao.jing.dht-test/unproven-chunks-never-amplify-or-allocate
11:35 +2167: /Users/sto/workspace/datomworld-py-c3int1/test/cljd-out/dao/jing/dht-test_test.dart: null dao.jing.dht-test/unproven-chunks-never-amplify-or-allocate
11:35 +2168: /Users/sto/workspace/datomworld-py-c3int1/test/cljd-out/dao/jing/dht-test_test.dart: null dao.jing.dht-test/unproven-chunks-never-amplify-or-allocate
11:35 +2169: /Users/sto/workspace/datomworld-py-c3int1/test/cljd-out/dao/jing/dht-test_test.dart: null dao.jing.dht-test/unproven-chunks-never-amplify-or-allocate
11:35 +2170: /Users/sto/workspace/datomworld-py-c3int1/test/cljd-out/dao/jing/dht-test_test.dart: null dao.jing.dht-test/unproven-chunks-never-amplify-or-allocate
11:35 +2171: /Users/sto/workspace/datomworld-py-c3int1/test/cljd-out/dao/jing/dht-test_test.dart: null dao.jing.dht-test/unproven-chunks-never-amplify-or-allocate
11:35 +2172: /Users/sto/workspace/datomworld-py-c3int1/test/cljd-out/dao/jing/dht-test_test.dart: null dao.jing.dht-test/unproven-chunks-never-amplify-or-allocate
11:35 +2173: /Users/sto/workspace/datomworld-py-c3int1/test/cljd-out/dao/jing/dht-test_test.dart: null dao.jing.dht-test/unproven-chunks-never-amplify-or-allocate
11:35 +2174: /Users/sto/workspace/datomworld-py-c3int1/test/cljd-out/dao/jing/dht-test_test.dart: null dao.jing.dht-test/unproven-chunks-never-amplify-or-allocate
11:36 +2175: /Users/sto/workspace/datomworld-py-c3int1/test/cljd-out/dao/jing/dht-test_test.dart: null dao.jing.dht-test/unproven-chunks-never-amplify-or-allocate
11:36 +2176: /Users/sto/workspace/datomworld-py-c3int1/test/cljd-out/dao/jing/dht-test_test.dart: null dao.jing.dht-test/unproven-chunks-never-amplify-or-allocate
11:36 +2177: /Users/sto/workspace/datomworld-py-c3int1/test/cljd-out/dao/jing/dht-test_test.dart: null dao.jing.dht-test/unproven-chunks-never-amplify-or-allocate
11:36 +2178: /Users/sto/workspace/datomworld-py-c3int1/test/cljd-out/dao/jing/dht-test_test.dart: null dao.jing.dht-test/unproven-chunks-never-amplify-or-allocate
11:36 +2179: /Users/sto/workspace/datomworld-py-c3int1/test/cljd-out/dao/jing/dht-test_test.dart: null dao.jing.dht-test/unproven-chunks-never-amplify-or-allocate
11:37 +2180: /Users/sto/workspace/datomworld-py-c3int1/test/cljd-out/dao/jing/dht-test_test.dart: null dao.jing.dht-test/unproven-chunks-never-amplify-or-allocate
11:37 +2181: /Users/sto/workspace/datomworld-py-c3int1/test/cljd-out/dao/jing/dht-test_test.dart: null dao.jing.dht-test/unproven-chunks-never-amplify-or-allocate
11:37 +2182: /Users/sto/workspace/datomworld-py-c3int1/test/cljd-out/dao/jing/dht-test_test.dart: null dao.jing.dht-test/unproven-chunks-never-amplify-or-allocate
11:37 +2183: /Users/sto/workspace/datomworld-py-c3int1/test/cljd-out/dao/jing/dht-test_test.dart: null dao.jing.dht-test/unproven-chunks-never-amplify-or-allocate
11:37 +2184: /Users/sto/workspace/datomworld-py-c3int1/test/cljd-out/dao/jing/dht-test_test.dart: null dao.jing.dht-test/unproven-chunks-never-amplify-or-allocate
11:37 +2185: /Users/sto/workspace/datomworld-py-c3int1/test/cljd-out/dao/jing/dht-test_test.dart: null dao.jing.dht-test/unproven-chunks-never-amplify-or-allocate
11:37 +2186: /Users/sto/workspace/datomworld-py-c3int1/test/cljd-out/dao/jing/dht-test_test.dart: null dao.jing.dht-test/unproven-chunks-never-amplify-or-allocate
11:37 +2187: /Users/sto/workspace/datomworld-py-c3int1/test/cljd-out/dao/jing/dht-test_test.dart: null dao.jing.dht-test/unproven-chunks-never-amplify-or-allocate
11:37 +2188: /Users/sto/workspace/datomworld-py-c3int1/test/cljd-out/dao/jing/dht-test_test.dart: null dao.jing.dht-test/unproven-chunks-never-amplify-or-allocate
11:37 +2189: /Users/sto/workspace/datomworld-py-c3int1/test/cljd-out/dao/jing/dht-test_test.dart: null dao.jing.dht-test/unproven-chunks-never-amplify-or-allocate
11:37 +2190: /Users/sto/workspace/datomworld-py-c3int1/test/cljd-out/dao/jing/dht-test_test.dart: null dao.jing.dht-test/unproven-chunks-never-amplify-or-allocate
11:37 +2191: /Users/sto/workspace/datomworld-py-c3int1/test/cljd-out/dao/jing/dht-test_test.dart: null dao.jing.dht-test/unproven-chunks-never-amplify-or-allocate
11:37 +2192: /Users/sto/workspace/datomworld-py-c3int1/test/cljd-out/dao/jing/dht-test_test.dart: null dao.jing.dht-test/unproven-chunks-never-amplify-or-allocate
11:37 +2193: /Users/sto/workspace/datomworld-py-c3int1/test/cljd-out/dao/jing/dht-test_test.dart: null dao.jing.dht-test/unproven-chunks-never-amplify-or-allocate
11:37 +2194: /Users/sto/workspace/datomworld-py-c3int1/test/cljd-out/dao/jing/dht-test_test.dart: null dao.jing.dht-test/unproven-chunks-never-amplify-or-allocate
11:37 +2195: /Users/sto/workspace/datomworld-py-c3int1/test/cljd-out/dao/jing/dht-test_test.dart: null dao.jing.dht-test/unproven-chunks-never-amplify-or-allocate
11:37 +2196: /Users/sto/workspace/datomworld-py-c3int1/test/cljd-out/dao/jing/dht-test_test.dart: null dao.jing.dht-test/unproven-chunks-never-amplify-or-allocate
11:37 +2197: /Users/sto/workspace/datomworld-py-c3int1/test/cljd-out/dao/jing/dht-test_test.dart: null dao.jing.dht-test/unproven-chunks-never-amplify-or-allocate
11:37 +2198: /Users/sto/workspace/datomworld-py-c3int1/test/cljd-out/dao/jing/dht-test_test.dart: null dao.jing.dht-test/unproven-chunks-never-amplify-or-allocate
11:37 +2199: /Users/sto/workspace/datomworld-py-c3int1/test/cljd-out/dao/jing/dht-test_test.dart: null dao.jing.dht-test/unproven-chunks-never-amplify-or-allocate
11:37 +2200: /Users/sto/workspace/datomworld-py-c3int1/test/cljd-out/dao/jing/dht-test_test.dart: null dao.jing.dht-test/unproven-chunks-never-amplify-or-allocate
11:37 +2201: /Users/sto/workspace/datomworld-py-c3int1/test/cljd-out/dao/jing/dht-test_test.dart: null dao.jing.dht-test/unproven-chunks-never-amplify-or-allocate
11:37 +2202: /Users/sto/workspace/datomworld-py-c3int1/test/cljd-out/dao/jing/dht-test_test.dart: null dao.jing.dht-test/unproven-chunks-never-amplify-or-allocate
11:37 +2203: /Users/sto/workspace/datomworld-py-c3int1/test/cljd-out/dao/jing/dht-test_test.dart: null dao.jing.dht-test/unproven-chunks-never-amplify-or-allocate
11:38 +2204: /Users/sto/workspace/datomworld-py-c3int1/test/cljd-out/dao/jing/dht-test_test.dart: null dao.jing.dht-test/unproven-chunks-never-amplify-or-allocate
11:38 +2205: /Users/sto/workspace/datomworld-py-c3int1/test/cljd-out/dao/jing/dht-test_test.dart: null dao.jing.dht-test/unproven-chunks-never-amplify-or-allocate
11:38 +2206: /Users/sto/workspace/datomworld-py-c3int1/test/cljd-out/dao/jing/dht-test_test.dart: null dao.jing.dht-test/unproven-chunks-never-amplify-or-allocate
11:38 +2207: /Users/sto/workspace/datomworld-py-c3int1/test/cljd-out/dao/jing/dht-test_test.dart: null dao.jing.dht-test/unproven-chunks-never-amplify-or-allocate
11:38 +2208: /Users/sto/workspace/datomworld-py-c3int1/test/cljd-out/dao/jing/dht-test_test.dart: null dao.jing.dht-test/unproven-chunks-never-amplify-or-allocate
11:38 +2209: /Users/sto/workspace/datomworld-py-c3int1/test/cljd-out/dao/jing/dht-test_test.dart: null dao.jing.dht-test/unproven-chunks-never-amplify-or-allocate
11:38 +2210: /Users/sto/workspace/datomworld-py-c3int1/test/cljd-out/dao/jing/dht-test_test.dart: null dao.jing.dht-test/unproven-chunks-never-amplify-or-allocate
11:38 +2211: /Users/sto/workspace/datomworld-py-c3int1/test/cljd-out/dao/jing/dht-test_test.dart: null dao.jing.dht-test/unproven-chunks-never-amplify-or-allocate
11:38 +2212: /Users/sto/workspace/datomworld-py-c3int1/test/cljd-out/dao/jing/dht-test_test.dart: null dao.jing.dht-test/unproven-chunks-never-amplify-or-allocate
11:38 +2213: /Users/sto/workspace/datomworld-py-c3int1/test/cljd-out/dao/jing/dht-test_test.dart: null dao.jing.dht-test/unproven-chunks-never-amplify-or-allocate
11:38 +2214: /Users/sto/workspace/datomworld-py-c3int1/test/cljd-out/dao/jing/dht-test_test.dart: null dao.jing.dht-test/unproven-chunks-never-amplify-or-allocate
11:38 +2215: /Users/sto/workspace/datomworld-py-c3int1/test/cljd-out/dao/jing/dht-test_test.dart: null dao.jing.dht-test/unproven-chunks-never-amplify-or-allocate
11:38 +2216: /Users/sto/workspace/datomworld-py-c3int1/test/cljd-out/dao/jing/dht-test_test.dart: null dao.jing.dht-test/unproven-chunks-never-amplify-or-allocate
11:38 +2217: /Users/sto/workspace/datomworld-py-c3int1/test/cljd-out/dao/jing/dht-test_test.dart: null dao.jing.dht-test/unproven-chunks-never-amplify-or-allocate
11:38 +2218: /Users/sto/workspace/datomworld-py-c3int1/test/cljd-out/dao/jing/dht-test_test.dart: null dao.jing.dht-test/unproven-chunks-never-amplify-or-allocate
11:38 +2219: /Users/sto/workspace/datomworld-py-c3int1/test/cljd-out/dao/jing/dht-test_test.dart: null dao.jing.dht-test/unproven-chunks-never-amplify-or-allocate
11:38 +2220: /Users/sto/workspace/datomworld-py-c3int1/test/cljd-out/dao/jing/dht-test_test.dart: null dao.jing.dht-test/unproven-chunks-never-amplify-or-allocate
11:38 +2221: /Users/sto/workspace/datomworld-py-c3int1/test/cljd-out/dao/jing/dht-test_test.dart: null dao.jing.dht-test/unproven-chunks-never-amplify-or-allocate
11:38 +2222: /Users/sto/workspace/datomworld-py-c3int1/test/cljd-out/dao/jing/dht-test_test.dart: null dao.jing.dht-test/unproven-chunks-never-amplify-or-allocate
11:38 +2223: /Users/sto/workspace/datomworld-py-c3int1/test/cljd-out/dao/jing/dht-test_test.dart: null dao.jing.dht-test/unproven-chunks-never-amplify-or-allocate
11:38 +2224: /Users/sto/workspace/datomworld-py-c3int1/test/cljd-out/dao/jing/dht-test_test.dart: null dao.jing.dht-test/unproven-chunks-never-amplify-or-allocate
11:38 +2225: /Users/sto/workspace/datomworld-py-c3int1/test/cljd-out/dao/jing/dht-test_test.dart: null dao.jing.dht-test/unproven-chunks-never-amplify-or-allocate
11:38 +2226: /Users/sto/workspace/datomworld-py-c3int1/test/cljd-out/dao/jing/dht-test_test.dart: null dao.jing.dht-test/unproven-chunks-never-amplify-or-allocate
11:38 +2227: /Users/sto/workspace/datomworld-py-c3int1/test/cljd-out/dao/jing/dht-test_test.dart: null dao.jing.dht-test/unproven-chunks-never-amplify-or-allocate
11:38 +2228: /Users/sto/workspace/datomworld-py-c3int1/test/cljd-out/dao/jing/dht-test_test.dart: null dao.jing.dht-test/unproven-chunks-never-amplify-or-allocate
11:38 +2229: /Users/sto/workspace/datomworld-py-c3int1/test/cljd-out/dao/jing/dht-test_test.dart: null dao.jing.dht-test/unproven-chunks-never-amplify-or-allocate
11:38 +2230: /Users/sto/workspace/datomworld-py-c3int1/test/cljd-out/dao/jing/dht-test_test.dart: null dao.jing.dht-test/unproven-chunks-never-amplify-or-allocate
11:38 +2231: /Users/sto/workspace/datomworld-py-c3int1/test/cljd-out/dao/jing/dht-test_test.dart: null dao.jing.dht-test/unproven-chunks-never-amplify-or-allocate
11:38 +2232: /Users/sto/workspace/datomworld-py-c3int1/test/cljd-out/dao/jing/dht-test_test.dart: null dao.jing.dht-test/unproven-chunks-never-amplify-or-allocate
11:39 +2233: /Users/sto/workspace/datomworld-py-c3int1/test/cljd-out/dao/jing/dht-test_test.dart: null dao.jing.dht-test/unproven-chunks-never-amplify-or-allocate
11:39 +2234: /Users/sto/workspace/datomworld-py-c3int1/test/cljd-out/dao/jing/dht-test_test.dart: null dao.jing.dht-test/unproven-chunks-never-amplify-or-allocate
11:39 +2235: /Users/sto/workspace/datomworld-py-c3int1/test/cljd-out/dao/jing/dht-test_test.dart: null dao.jing.dht-test/unproven-chunks-never-amplify-or-allocate
11:39 +2236: /Users/sto/workspace/datomworld-py-c3int1/test/cljd-out/dao/jing/dht-test_test.dart: null dao.jing.dht-test/unproven-chunks-never-amplify-or-allocate
11:39 +2237: /Users/sto/workspace/datomworld-py-c3int1/test/cljd-out/dao/jing/dht-test_test.dart: null dao.jing.dht-test/unproven-chunks-never-amplify-or-allocate
11:39 +2238: /Users/sto/workspace/datomworld-py-c3int1/test/cljd-out/dao/jing/dht-test_test.dart: null dao.jing.dht-test/unproven-chunks-never-amplify-or-allocate
11:39 +2239: /Users/sto/workspace/datomworld-py-c3int1/test/cljd-out/dao/jing/dht-test_test.dart: null dao.jing.dht-test/unproven-chunks-never-amplify-or-allocate
11:39 +2240: /Users/sto/workspace/datomworld-py-c3int1/test/cljd-out/dao/jing/dht-test_test.dart: null dao.jing.dht-test/unproven-chunks-never-amplify-or-allocate
11:40 +2241: /Users/sto/workspace/datomworld-py-c3int1/test/cljd-out/dao/jing/dht-test_test.dart: null dao.jing.dht-test/unproven-chunks-never-amplify-or-allocate
11:40 +2242: /Users/sto/workspace/datomworld-py-c3int1/test/cljd-out/dao/jing/dht-test_test.dart: null dao.jing.dht-test/unproven-chunks-never-amplify-or-allocate
11:40 +2243: /Users/sto/workspace/datomworld-py-c3int1/test/cljd-out/dao/jing/dht-test_test.dart: null dao.jing.dht-test/unproven-chunks-never-amplify-or-allocate
11:40 +2244: /Users/sto/workspace/datomworld-py-c3int1/test/cljd-out/dao/jing/dht-test_test.dart: null dao.jing.dht-test/unproven-chunks-never-amplify-or-allocate
11:40 +2245: /Users/sto/workspace/datomworld-py-c3int1/test/cljd-out/dao/jing/dht-test_test.dart: null dao.jing.dht-test/unproven-chunks-never-amplify-or-allocate
11:42 +2246: /Users/sto/workspace/datomworld-py-c3int1/test/cljd-out/dao/jing/dht-test_test.dart: null dao.jing.dht-test/unproven-chunks-never-amplify-or-allocate
11:42 +2247: /Users/sto/workspace/datomworld-py-c3int1/test/cljd-out/dao/jing/dht-test_test.dart: null dao.jing.dht-test/unproven-chunks-never-amplify-or-allocate
11:42 +2248: /Users/sto/workspace/datomworld-py-c3int1/test/cljd-out/dao/jing/dht-test_test.dart: null dao.jing.dht-test/unproven-chunks-never-amplify-or-allocate
11:42 +2249: /Users/sto/workspace/datomworld-py-c3int1/test/cljd-out/dao/jing/dht-test_test.dart: null dao.jing.dht-test/unproven-chunks-never-amplify-or-allocate
11:42 +2250: /Users/sto/workspace/datomworld-py-c3int1/test/cljd-out/dao/jing/dht-test_test.dart: null dao.jing.dht-test/unproven-chunks-never-amplify-or-allocate
11:42 +2251: /Users/sto/workspace/datomworld-py-c3int1/test/cljd-out/dao/jing/dht-test_test.dart: null dao.jing.dht-test/unproven-chunks-never-amplify-or-allocate
11:42 +2252: /Users/sto/workspace/datomworld-py-c3int1/test/cljd-out/dao/jing/dht-test_test.dart: null dao.jing.dht-test/unproven-chunks-never-amplify-or-allocate
11:42 +2253: /Users/sto/workspace/datomworld-py-c3int1/test/cljd-out/dao/jing/dht-test_test.dart: null dao.jing.dht-test/unproven-chunks-never-amplify-or-allocate
11:42 +2254: /Users/sto/workspace/datomworld-py-c3int1/test/cljd-out/dao/jing/dht-test_test.dart: null dao.jing.dht-test/unproven-chunks-never-amplify-or-allocate
11:42 +2255: /Users/sto/workspace/datomworld-py-c3int1/test/cljd-out/dao/jing/dht-test_test.dart: null dao.jing.dht-test/unproven-chunks-never-amplify-or-allocate
11:42 +2256: /Users/sto/workspace/datomworld-py-c3int1/test/cljd-out/dao/jing/dht-test_test.dart: null dao.jing.dht-test/unproven-chunks-never-amplify-or-allocate
11:42 +2257: /Users/sto/workspace/datomworld-py-c3int1/test/cljd-out/dao/jing/dht-test_test.dart: null dao.jing.dht-test/unproven-chunks-never-amplify-or-allocate
11:42 +2258: /Users/sto/workspace/datomworld-py-c3int1/test/cljd-out/dao/jing/dht-test_test.dart: null dao.jing.dht-test/unproven-chunks-never-amplify-or-allocate
11:42 +2259: /Users/sto/workspace/datomworld-py-c3int1/test/cljd-out/dao/jing/dht-test_test.dart: null dao.jing.dht-test/unproven-chunks-never-amplify-or-allocate
11:42 +2260: /Users/sto/workspace/datomworld-py-c3int1/test/cljd-out/dao/jing/dht-test_test.dart: null dao.jing.dht-test/unproven-chunks-never-amplify-or-allocate
11:42 +2261: /Users/sto/workspace/datomworld-py-c3int1/test/cljd-out/dao/jing/dht-test_test.dart: null dao.jing.dht-test/unproven-chunks-never-amplify-or-allocate
11:44 +2262: /Users/sto/workspace/datomworld-py-c3int1/test/cljd-out/dao/jing/dht-test_test.dart: null dao.jing.dht-test/unproven-chunks-never-amplify-or-allocate
11:45 +2263: /Users/sto/workspace/datomworld-py-c3int1/test/cljd-out/dao/jing/dht-test_test.dart: null dao.jing.dht-test/unproven-chunks-never-amplify-or-allocate
11:45 +2264: /Users/sto/workspace/datomworld-py-c3int1/test/cljd-out/dao/jing/dht-test_test.dart: null dao.jing.dht-test/unproven-chunks-never-amplify-or-allocate
11:46 +2265: /Users/sto/workspace/datomworld-py-c3int1/test/cljd-out/dao/jing/dht-test_test.dart: null dao.jing.dht-test/unproven-chunks-never-amplify-or-allocate
11:46 +2266: /Users/sto/workspace/datomworld-py-c3int1/test/cljd-out/dao/jing/dht-test_test.dart: null dao.jing.dht-test/unproven-chunks-never-amplify-or-allocate
11:46 +2267: /Users/sto/workspace/datomworld-py-c3int1/test/cljd-out/dao/jing/dht-test_test.dart: null dao.jing.dht-test/unproven-chunks-never-amplify-or-allocate
11:46 +2268: /Users/sto/workspace/datomworld-py-c3int1/test/cljd-out/dao/jing/dht-test_test.dart: null dao.jing.dht-test/unproven-chunks-never-amplify-or-allocate
11:46 +2269: /Users/sto/workspace/datomworld-py-c3int1/test/cljd-out/dao/jing/dht-test_test.dart: null dao.jing.dht-test/unproven-chunks-never-amplify-or-allocate
11:46 +2270: /Users/sto/workspace/datomworld-py-c3int1/test/cljd-out/dao/jing/dht-test_test.dart: null dao.jing.dht-test/unproven-chunks-never-amplify-or-allocate
11:46 +2271: /Users/sto/workspace/datomworld-py-c3int1/test/cljd-out/dao/jing/dht-test_test.dart: null dao.jing.dht-test/unproven-chunks-never-amplify-or-allocate
11:46 +2272: /Users/sto/workspace/datomworld-py-c3int1/test/cljd-out/dao/jing/dht-test_test.dart: null dao.jing.dht-test/unproven-chunks-never-amplify-or-allocate
11:46 +2273: /Users/sto/workspace/datomworld-py-c3int1/test/cljd-out/dao/jing/dht-test_test.dart: null dao.jing.dht-test/unproven-chunks-never-amplify-or-allocate
11:46 +2274: /Users/sto/workspace/datomworld-py-c3int1/test/cljd-out/dao/jing/dht-test_test.dart: null dao.jing.dht-test/unproven-chunks-never-amplify-or-allocate
11:46 +2275: /Users/sto/workspace/datomworld-py-c3int1/test/cljd-out/dao/jing/dht-test_test.dart: null dao.jing.dht-test/unproven-chunks-never-amplify-or-allocate
11:46 +2276: /Users/sto/workspace/datomworld-py-c3int1/test/cljd-out/dao/jing/dht-test_test.dart: null dao.jing.dht-test/unproven-chunks-never-amplify-or-allocate
11:46 +2277: /Users/sto/workspace/datomworld-py-c3int1/test/cljd-out/dao/jing/dht-test_test.dart: null dao.jing.dht-test/unproven-chunks-never-amplify-or-allocate
11:46 +2278: /Users/sto/workspace/datomworld-py-c3int1/test/cljd-out/dao/jing/dht-test_test.dart: null dao.jing.dht-test/unproven-chunks-never-amplify-or-allocate
11:46 +2279: /Users/sto/workspace/datomworld-py-c3int1/test/cljd-out/dao/jing/dht-test_test.dart: null dao.jing.dht-test/unproven-chunks-never-amplify-or-allocate
11:46 +2280: /Users/sto/workspace/datomworld-py-c3int1/test/cljd-out/dao/jing/dht-test_test.dart: null dao.jing.dht-test/unproven-chunks-never-amplify-or-allocate
11:46 +2281: /Users/sto/workspace/datomworld-py-c3int1/test/cljd-out/dao/jing/dht-test_test.dart: null dao.jing.dht-test/unproven-chunks-never-amplify-or-allocate
11:46 +2282: /Users/sto/workspace/datomworld-py-c3int1/test/cljd-out/dao/jing/dht-test_test.dart: null dao.jing.dht-test/unproven-chunks-never-amplify-or-allocate
11:46 +2283: /Users/sto/workspace/datomworld-py-c3int1/test/cljd-out/dao/jing/dht-test_test.dart: null dao.jing.dht-test/unproven-chunks-never-amplify-or-allocate
11:46 +2284: /Users/sto/workspace/datomworld-py-c3int1/test/cljd-out/dao/jing/dht-test_test.dart: null dao.jing.dht-test/unproven-chunks-never-amplify-or-allocate
11:47 +2285: /Users/sto/workspace/datomworld-py-c3int1/test/cljd-out/dao/jing/dht-test_test.dart: null dao.jing.dht-test/unproven-chunks-never-amplify-or-allocate
11:47 +2286: /Users/sto/workspace/datomworld-py-c3int1/test/cljd-out/dao/jing/dht-test_test.dart: null dao.jing.dht-test/unproven-chunks-never-amplify-or-allocate
11:47 +2287: /Users/sto/workspace/datomworld-py-c3int1/test/cljd-out/dao/jing/dht-test_test.dart: null dao.jing.dht-test/unproven-chunks-never-amplify-or-allocate
11:47 +2288: /Users/sto/workspace/datomworld-py-c3int1/test/cljd-out/dao/jing/dht-test_test.dart: null dao.jing.dht-test/unproven-chunks-never-amplify-or-allocate
11:47 +2289: /Users/sto/workspace/datomworld-py-c3int1/test/cljd-out/dao/jing/dht-test_test.dart: null dao.jing.dht-test/unproven-chunks-never-amplify-or-allocate
11:47 +2290: /Users/sto/workspace/datomworld-py-c3int1/test/cljd-out/dao/jing/dht-test_test.dart: null dao.jing.dht-test/unproven-chunks-never-amplify-or-allocate
11:47 +2291: /Users/sto/workspace/datomworld-py-c3int1/test/cljd-out/dao/jing/dht-test_test.dart: null dao.jing.dht-test/unproven-chunks-never-amplify-or-allocate
11:47 +2292: /Users/sto/workspace/datomworld-py-c3int1/test/cljd-out/dao/jing/dht-test_test.dart: null dao.jing.dht-test/unproven-chunks-never-amplify-or-allocate
11:47 +2293: /Users/sto/workspace/datomworld-py-c3int1/test/cljd-out/dao/jing/dht-test_test.dart: null dao.jing.dht-test/unproven-chunks-never-amplify-or-allocate
11:47 +2294: /Users/sto/workspace/datomworld-py-c3int1/test/cljd-out/dao/jing/dht-test_test.dart: null dao.jing.dht-test/unproven-chunks-never-amplify-or-allocate
11:47 +2295: /Users/sto/workspace/datomworld-py-c3int1/test/cljd-out/dao/jing/dht-test_test.dart: null dao.jing.dht-test/unproven-chunks-never-amplify-or-allocate
11:47 +2296: /Users/sto/workspace/datomworld-py-c3int1/test/cljd-out/dao/jing/dht-test_test.dart: null dao.jing.dht-test/unproven-chunks-never-amplify-or-allocate
11:47 +2297: /Users/sto/workspace/datomworld-py-c3int1/test/cljd-out/dao/jing/dht-test_test.dart: null dao.jing.dht-test/unproven-chunks-never-amplify-or-allocate
11:47 +2298: /Users/sto/workspace/datomworld-py-c3int1/test/cljd-out/dao/jing/dht-test_test.dart: null dao.jing.dht-test/unproven-chunks-never-amplify-or-allocate
11:47 +2299: /Users/sto/workspace/datomworld-py-c3int1/test/cljd-out/dao/jing/dht-test_test.dart: null dao.jing.dht-test/unproven-chunks-never-amplify-or-allocate
11:47 +2300: /Users/sto/workspace/datomworld-py-c3int1/test/cljd-out/dao/jing/dht-test_test.dart: null dao.jing.dht-test/unproven-chunks-never-amplify-or-allocate
11:47 +2301: /Users/sto/workspace/datomworld-py-c3int1/test/cljd-out/dao/jing/dht-test_test.dart: null dao.jing.dht-test/unproven-chunks-never-amplify-or-allocate
11:47 +2302: /Users/sto/workspace/datomworld-py-c3int1/test/cljd-out/dao/jing/dht-test_test.dart: null dao.jing.dht-test/unproven-chunks-never-amplify-or-allocate
11:47 +2303: /Users/sto/workspace/datomworld-py-c3int1/test/cljd-out/dao/jing/dht-test_test.dart: null dao.jing.dht-test/unproven-chunks-never-amplify-or-allocate
11:47 +2304: /Users/sto/workspace/datomworld-py-c3int1/test/cljd-out/dao/jing/dht-test_test.dart: null dao.jing.dht-test/unproven-chunks-never-amplify-or-allocate
11:47 +2305: /Users/sto/workspace/datomworld-py-c3int1/test/cljd-out/dao/jing/dht-test_test.dart: null dao.jing.dht-test/unproven-chunks-never-amplify-or-allocate
11:47 +2306: /Users/sto/workspace/datomworld-py-c3int1/test/cljd-out/dao/jing/dht-test_test.dart: null dao.jing.dht-test/unproven-chunks-never-amplify-or-allocate
11:47 +2307: /Users/sto/workspace/datomworld-py-c3int1/test/cljd-out/dao/jing/dht-test_test.dart: null dao.jing.dht-test/unproven-chunks-never-amplify-or-allocate
11:47 +2308: /Users/sto/workspace/datomworld-py-c3int1/test/cljd-out/dao/jing/dht-test_test.dart: null dao.jing.dht-test/unproven-chunks-never-amplify-or-allocate
11:47 +2309: /Users/sto/workspace/datomworld-py-c3int1/test/cljd-out/dao/jing/dht-test_test.dart: null dao.jing.dht-test/unproven-chunks-never-amplify-or-allocate
11:47 +2310: /Users/sto/workspace/datomworld-py-c3int1/test/cljd-out/dao/jing/dht-test_test.dart: null dao.jing.dht-test/unproven-chunks-never-amplify-or-allocate
11:47 +2311: /Users/sto/workspace/datomworld-py-c3int1/test/cljd-out/dao/jing/dht-test_test.dart: null dao.jing.dht-test/unproven-chunks-never-amplify-or-allocate
11:47 +2312: /Users/sto/workspace/datomworld-py-c3int1/test/cljd-out/dao/jing/dht-test_test.dart: null dao.jing.dht-test/unproven-chunks-never-amplify-or-allocate
11:47 +2313: /Users/sto/workspace/datomworld-py-c3int1/test/cljd-out/dao/jing/dht-test_test.dart: null dao.jing.dht-test/unproven-chunks-never-amplify-or-allocate
11:47 +2314: /Users/sto/workspace/datomworld-py-c3int1/test/cljd-out/dao/jing/dht-test_test.dart: null dao.jing.dht-test/unproven-chunks-never-amplify-or-allocate
11:47 +2315: /Users/sto/workspace/datomworld-py-c3int1/test/cljd-out/dao/jing/dht-test_test.dart: null dao.jing.dht-test/unproven-chunks-never-amplify-or-allocate
11:47 +2316: /Users/sto/workspace/datomworld-py-c3int1/test/cljd-out/dao/jing/dht-test_test.dart: null dao.jing.dht-test/unproven-chunks-never-amplify-or-allocate
11:47 +2317: /Users/sto/workspace/datomworld-py-c3int1/test/cljd-out/dao/jing/dht-test_test.dart: null dao.jing.dht-test/unproven-chunks-never-amplify-or-allocate
11:47 +2318: /Users/sto/workspace/datomworld-py-c3int1/test/cljd-out/dao/jing/dht-test_test.dart: null dao.jing.dht-test/unproven-chunks-never-amplify-or-allocate
11:47 +2319: /Users/sto/workspace/datomworld-py-c3int1/test/cljd-out/dao/jing/dht-test_test.dart: null dao.jing.dht-test/unproven-chunks-never-amplify-or-allocate
11:47 +2320: /Users/sto/workspace/datomworld-py-c3int1/test/cljd-out/dao/jing/dht-test_test.dart: null dao.jing.dht-test/unproven-chunks-never-amplify-or-allocate
11:47 +2321: /Users/sto/workspace/datomworld-py-c3int1/test/cljd-out/dao/jing/dht-test_test.dart: null dao.jing.dht-test/unproven-chunks-never-amplify-or-allocate
11:47 +2322: /Users/sto/workspace/datomworld-py-c3int1/test/cljd-out/dao/jing/dht-test_test.dart: null dao.jing.dht-test/unproven-chunks-never-amplify-or-allocate
11:47 +2323: /Users/sto/workspace/datomworld-py-c3int1/test/cljd-out/dao/jing/dht-test_test.dart: null dao.jing.dht-test/unproven-chunks-never-amplify-or-allocate
11:47 +2324: /Users/sto/workspace/datomworld-py-c3int1/test/cljd-out/dao/jing/dht-test_test.dart: null dao.jing.dht-test/unproven-chunks-never-amplify-or-allocate
11:47 +2325: /Users/sto/workspace/datomworld-py-c3int1/test/cljd-out/dao/jing/dht-test_test.dart: null dao.jing.dht-test/unproven-chunks-never-amplify-or-allocate
11:47 +2326: /Users/sto/workspace/datomworld-py-c3int1/test/cljd-out/dao/jing/dht-test_test.dart: null dao.jing.dht-test/unproven-chunks-never-amplify-or-allocate
11:47 +2327: /Users/sto/workspace/datomworld-py-c3int1/test/cljd-out/dao/jing/dht-test_test.dart: null dao.jing.dht-test/unproven-chunks-never-amplify-or-allocate
11:47 +2328: /Users/sto/workspace/datomworld-py-c3int1/test/cljd-out/dao/jing/dht-test_test.dart: null dao.jing.dht-test/unproven-chunks-never-amplify-or-allocate
11:47 +2329: /Users/sto/workspace/datomworld-py-c3int1/test/cljd-out/dao/jing/dht-test_test.dart: null dao.jing.dht-test/unproven-chunks-never-amplify-or-allocate
11:47 +2330: /Users/sto/workspace/datomworld-py-c3int1/test/cljd-out/dao/jing/dht-test_test.dart: null dao.jing.dht-test/unproven-chunks-never-amplify-or-allocate
11:47 +2331: /Users/sto/workspace/datomworld-py-c3int1/test/cljd-out/dao/jing/dht-test_test.dart: null dao.jing.dht-test/unproven-chunks-never-amplify-or-allocate
11:47 +2332: /Users/sto/workspace/datomworld-py-c3int1/test/cljd-out/dao/jing/dht-test_test.dart: null dao.jing.dht-test/unproven-chunks-never-amplify-or-allocate
11:47 +2333: /Users/sto/workspace/datomworld-py-c3int1/test/cljd-out/dao/jing/dht-test_test.dart: null dao.jing.dht-test/unproven-chunks-never-amplify-or-allocate
11:47 +2334: /Users/sto/workspace/datomworld-py-c3int1/test/cljd-out/dao/jing/dht-test_test.dart: null dao.jing.dht-test/unproven-chunks-never-amplify-or-allocate
11:47 +2335: /Users/sto/workspace/datomworld-py-c3int1/test/cljd-out/dao/jing/dht-test_test.dart: null dao.jing.dht-test/unproven-chunks-never-amplify-or-allocate
11:47 +2336: /Users/sto/workspace/datomworld-py-c3int1/test/cljd-out/dao/jing/dht-test_test.dart: null dao.jing.dht-test/unproven-chunks-never-amplify-or-allocate
11:47 +2337: /Users/sto/workspace/datomworld-py-c3int1/test/cljd-out/dao/jing/dht-test_test.dart: null dao.jing.dht-test/unproven-chunks-never-amplify-or-allocate
11:48 +2338: /Users/sto/workspace/datomworld-py-c3int1/test/cljd-out/dao/jing/dht-test_test.dart: null dao.jing.dht-test/unproven-chunks-never-amplify-or-allocate
11:48 +2339: /Users/sto/workspace/datomworld-py-c3int1/test/cljd-out/dao/jing/dht-test_test.dart: null dao.jing.dht-test/unproven-chunks-never-amplify-or-allocate
11:48 +2340: /Users/sto/workspace/datomworld-py-c3int1/test/cljd-out/dao/jing/dht-test_test.dart: null dao.jing.dht-test/unproven-chunks-never-amplify-or-allocate
11:48 +2341: /Users/sto/workspace/datomworld-py-c3int1/test/cljd-out/dao/jing/dht-test_test.dart: null dao.jing.dht-test/unproven-chunks-never-amplify-or-allocate
11:48 +2342: /Users/sto/workspace/datomworld-py-c3int1/test/cljd-out/dao/jing/dht-test_test.dart: null dao.jing.dht-test/unproven-chunks-never-amplify-or-allocate
11:48 +2343: /Users/sto/workspace/datomworld-py-c3int1/test/cljd-out/dao/jing/dht-test_test.dart: null dao.jing.dht-test/unproven-chunks-never-amplify-or-allocate
11:48 +2344: /Users/sto/workspace/datomworld-py-c3int1/test/cljd-out/dao/jing/dht-test_test.dart: null dao.jing.dht-test/unproven-chunks-never-amplify-or-allocate
11:48 +2345: /Users/sto/workspace/datomworld-py-c3int1/test/cljd-out/dao/jing/dht-test_test.dart: null dao.jing.dht-test/unproven-chunks-never-amplify-or-allocate
11:48 +2346: /Users/sto/workspace/datomworld-py-c3int1/test/cljd-out/dao/jing/dht-test_test.dart: null dao.jing.dht-test/unproven-chunks-never-amplify-or-allocate
11:48 +2347: /Users/sto/workspace/datomworld-py-c3int1/test/cljd-out/dao/jing/dht-test_test.dart: null dao.jing.dht-test/unproven-chunks-never-amplify-or-allocate
11:48 +2348: /Users/sto/workspace/datomworld-py-c3int1/test/cljd-out/dao/jing/dht-test_test.dart: null dao.jing.dht-test/unproven-chunks-never-amplify-or-allocate
11:48 +2349: /Users/sto/workspace/datomworld-py-c3int1/test/cljd-out/dao/jing/dht-test_test.dart: null dao.jing.dht-test/unproven-chunks-never-amplify-or-allocate
11:48 +2350: /Users/sto/workspace/datomworld-py-c3int1/test/cljd-out/dao/jing/dht-test_test.dart: null dao.jing.dht-test/unproven-chunks-never-amplify-or-allocate
11:48 +2351: /Users/sto/workspace/datomworld-py-c3int1/test/cljd-out/dao/jing/dht-test_test.dart: null dao.jing.dht-test/unproven-chunks-never-amplify-or-allocate
11:48 +2352: /Users/sto/workspace/datomworld-py-c3int1/test/cljd-out/dao/jing/dht-test_test.dart: null dao.jing.dht-test/unproven-chunks-never-amplify-or-allocate
11:48 +2353: /Users/sto/workspace/datomworld-py-c3int1/test/cljd-out/dao/jing/dht-test_test.dart: null dao.jing.dht-test/unproven-chunks-never-amplify-or-allocate
11:48 +2354: /Users/sto/workspace/datomworld-py-c3int1/test/cljd-out/dao/jing/dht-test_test.dart: null dao.jing.dht-test/unproven-chunks-never-amplify-or-allocate
11:48 +2355: /Users/sto/workspace/datomworld-py-c3int1/test/cljd-out/dao/jing/dht-test_test.dart: null dao.jing.dht-test/unproven-chunks-never-amplify-or-allocate
11:48 +2356: /Users/sto/workspace/datomworld-py-c3int1/test/cljd-out/dao/jing/dht-test_test.dart: null dao.jing.dht-test/unproven-chunks-never-amplify-or-allocate
11:48 +2357: /Users/sto/workspace/datomworld-py-c3int1/test/cljd-out/dao/jing/dht-test_test.dart: null dao.jing.dht-test/unproven-chunks-never-amplify-or-allocate
11:48 +2358: /Users/sto/workspace/datomworld-py-c3int1/test/cljd-out/dao/jing/dht-test_test.dart: null dao.jing.dht-test/unproven-chunks-never-amplify-or-allocate
11:48 +2359: /Users/sto/workspace/datomworld-py-c3int1/test/cljd-out/dao/jing/dht-test_test.dart: null dao.jing.dht-test/unproven-chunks-never-amplify-or-allocate
11:48 +2360: /Users/sto/workspace/datomworld-py-c3int1/test/cljd-out/dao/jing/dht-test_test.dart: null dao.jing.dht-test/unproven-chunks-never-amplify-or-allocate
11:48 +2361: /Users/sto/workspace/datomworld-py-c3int1/test/cljd-out/dao/jing/dht-test_test.dart: null dao.jing.dht-test/unproven-chunks-never-amplify-or-allocate
11:48 +2362: /Users/sto/workspace/datomworld-py-c3int1/test/cljd-out/dao/jing/dht-test_test.dart: null dao.jing.dht-test/unproven-chunks-never-amplify-or-allocate
11:48 +2363: /Users/sto/workspace/datomworld-py-c3int1/test/cljd-out/dao/jing/dht-test_test.dart: null dao.jing.dht-test/unproven-chunks-never-amplify-or-allocate
11:48 +2364: /Users/sto/workspace/datomworld-py-c3int1/test/cljd-out/dao/jing/dht-test_test.dart: null dao.jing.dht-test/unproven-chunks-never-amplify-or-allocate
11:48 +2365: /Users/sto/workspace/datomworld-py-c3int1/test/cljd-out/dao/jing/dht-test_test.dart: null dao.jing.dht-test/unproven-chunks-never-amplify-or-allocate
11:48 +2366: /Users/sto/workspace/datomworld-py-c3int1/test/cljd-out/dao/jing/dht-test_test.dart: null dao.jing.dht-test/unproven-chunks-never-amplify-or-allocate
11:48 +2367: /Users/sto/workspace/datomworld-py-c3int1/test/cljd-out/dao/jing/dht-test_test.dart: null dao.jing.dht-test/unproven-chunks-never-amplify-or-allocate
11:48 +2368: /Users/sto/workspace/datomworld-py-c3int1/test/cljd-out/dao/jing/dht-test_test.dart: null dao.jing.dht-test/unproven-chunks-never-amplify-or-allocate
11:48 +2369: /Users/sto/workspace/datomworld-py-c3int1/test/cljd-out/dao/jing/dht-test_test.dart: null dao.jing.dht-test/unproven-chunks-never-amplify-or-allocate
11:48 +2370: /Users/sto/workspace/datomworld-py-c3int1/test/cljd-out/dao/jing/dht-test_test.dart: null dao.jing.dht-test/unproven-chunks-never-amplify-or-allocate
11:48 +2371: /Users/sto/workspace/datomworld-py-c3int1/test/cljd-out/dao/jing/dht-test_test.dart: null dao.jing.dht-test/unproven-chunks-never-amplify-or-allocate
11:48 +2372: /Users/sto/workspace/datomworld-py-c3int1/test/cljd-out/dao/jing/dht-test_test.dart: null dao.jing.dht-test/unproven-chunks-never-amplify-or-allocate
11:48 +2373: /Users/sto/workspace/datomworld-py-c3int1/test/cljd-out/dao/jing/dht-test_test.dart: null dao.jing.dht-test/unproven-chunks-never-amplify-or-allocate
11:48 +2374: /Users/sto/workspace/datomworld-py-c3int1/test/cljd-out/dao/jing/dht-test_test.dart: null dao.jing.dht-test/unproven-chunks-never-amplify-or-allocate
11:48 +2375: /Users/sto/workspace/datomworld-py-c3int1/test/cljd-out/dao/jing/dht-test_test.dart: null dao.jing.dht-test/unproven-chunks-never-amplify-or-allocate
11:48 +2376: /Users/sto/workspace/datomworld-py-c3int1/test/cljd-out/dao/jing/dht-test_test.dart: null dao.jing.dht-test/unproven-chunks-never-amplify-or-allocate
11:50 +2377: /Users/sto/workspace/datomworld-py-c3int1/test/cljd-out/dao/jing/dht-test_test.dart: null dao.jing.dht-test/unproven-chunks-never-amplify-or-allocate
11:50 +2378: /Users/sto/workspace/datomworld-py-c3int1/test/cljd-out/dao/jing/dht-test_test.dart: null dao.jing.dht-test/unproven-chunks-never-amplify-or-allocate
11:50 +2379: /Users/sto/workspace/datomworld-py-c3int1/test/cljd-out/dao/jing/dht-test_test.dart: null dao.jing.dht-test/unproven-chunks-never-amplify-or-allocate
11:51 +2380: /Users/sto/workspace/datomworld-py-c3int1/test/cljd-out/dao/jing/dht-test_test.dart: null dao.jing.dht-test/unproven-chunks-never-amplify-or-allocate
11:51 +2381: /Users/sto/workspace/datomworld-py-c3int1/test/cljd-out/dao/jing/dht-test_test.dart: null dao.jing.dht-test/unproven-chunks-never-amplify-or-allocate
11:51 +2382: /Users/sto/workspace/datomworld-py-c3int1/test/cljd-out/dao/jing/dht-test_test.dart: null dao.jing.dht-test/unproven-chunks-never-amplify-or-allocate
11:51 +2383: /Users/sto/workspace/datomworld-py-c3int1/test/cljd-out/dao/jing/dht-test_test.dart: null dao.jing.dht-test/unproven-chunks-never-amplify-or-allocate
11:51 +2384: /Users/sto/workspace/datomworld-py-c3int1/test/cljd-out/dao/jing/dht-test_test.dart: null dao.jing.dht-test/unproven-chunks-never-amplify-or-allocate
11:51 +2385: /Users/sto/workspace/datomworld-py-c3int1/test/cljd-out/dao/jing/dht-test_test.dart: null dao.jing.dht-test/unproven-chunks-never-amplify-or-allocate
11:51 +2386: /Users/sto/workspace/datomworld-py-c3int1/test/cljd-out/dao/jing/dht-test_test.dart: null dao.jing.dht-test/unproven-chunks-never-amplify-or-allocate
11:52 +2387: /Users/sto/workspace/datomworld-py-c3int1/test/cljd-out/dao/jing/dht-test_test.dart: null dao.jing.dht-test/unproven-chunks-never-amplify-or-allocate
11:52 +2388: /Users/sto/workspace/datomworld-py-c3int1/test/cljd-out/dao/jing/dht-test_test.dart: null dao.jing.dht-test/unproven-chunks-never-amplify-or-allocate
11:52 +2389: /Users/sto/workspace/datomworld-py-c3int1/test/cljd-out/dao/jing/dht-test_test.dart: null dao.jing.dht-test/unproven-chunks-never-amplify-or-allocate
11:52 +2390: /Users/sto/workspace/datomworld-py-c3int1/test/cljd-out/dao/jing/dht-test_test.dart: null dao.jing.dht-test/unproven-chunks-never-amplify-or-allocate
11:52 +2391: /Users/sto/workspace/datomworld-py-c3int1/test/cljd-out/dao/jing/dht-test_test.dart: null dao.jing.dht-test/unproven-chunks-never-amplify-or-allocate
11:52 +2392: /Users/sto/workspace/datomworld-py-c3int1/test/cljd-out/dao/jing/dht-test_test.dart: null dao.jing.dht-test/unproven-chunks-never-amplify-or-allocate
11:52 +2393: /Users/sto/workspace/datomworld-py-c3int1/test/cljd-out/dao/jing/dht-test_test.dart: null dao.jing.dht-test/unproven-chunks-never-amplify-or-allocate
11:52 +2394: /Users/sto/workspace/datomworld-py-c3int1/test/cljd-out/dao/jing/dht-test_test.dart: null dao.jing.dht-test/unproven-chunks-never-amplify-or-allocate
11:52 +2395: /Users/sto/workspace/datomworld-py-c3int1/test/cljd-out/dao/jing/dht-test_test.dart: null dao.jing.dht-test/unproven-chunks-never-amplify-or-allocate
11:52 +2396: /Users/sto/workspace/datomworld-py-c3int1/test/cljd-out/dao/jing/dht-test_test.dart: null dao.jing.dht-test/unproven-chunks-never-amplify-or-allocate
11:54 +2397: /Users/sto/workspace/datomworld-py-c3int1/test/cljd-out/dao/jing/dht-test_test.dart: null dao.jing.dht-test/unproven-chunks-never-amplify-or-allocate
11:55 +2398: /Users/sto/workspace/datomworld-py-c3int1/test/cljd-out/dao/jing/dht-test_test.dart: null dao.jing.dht-test/unproven-chunks-never-amplify-or-allocate
11:55 +2399: /Users/sto/workspace/datomworld-py-c3int1/test/cljd-out/dao/jing/dht-test_test.dart: null dao.jing.dht-test/unproven-chunks-never-amplify-or-allocate
11:55 +2400: /Users/sto/workspace/datomworld-py-c3int1/test/cljd-out/dao/jing/dht-test_test.dart: null dao.jing.dht-test/unproven-chunks-never-amplify-or-allocate
11:55 +2401: /Users/sto/workspace/datomworld-py-c3int1/test/cljd-out/dao/jing/dht-test_test.dart: null dao.jing.dht-test/unproven-chunks-never-amplify-or-allocate
11:55 +2402: /Users/sto/workspace/datomworld-py-c3int1/test/cljd-out/dao/jing/dht-test_test.dart: null dao.jing.dht-test/unproven-chunks-never-amplify-or-allocate
11:55 +2403: /Users/sto/workspace/datomworld-py-c3int1/test/cljd-out/dao/jing/dht-test_test.dart: null dao.jing.dht-test/unproven-chunks-never-amplify-or-allocate
11:55 +2404: /Users/sto/workspace/datomworld-py-c3int1/test/cljd-out/dao/jing/dht-test_test.dart: null dao.jing.dht-test/unproven-chunks-never-amplify-or-allocate
11:55 +2405: /Users/sto/workspace/datomworld-py-c3int1/test/cljd-out/dao/jing/dht-test_test.dart: null dao.jing.dht-test/unproven-chunks-never-amplify-or-allocate
11:55 +2406: /Users/sto/workspace/datomworld-py-c3int1/test/cljd-out/dao/jing/dht-test_test.dart: null dao.jing.dht-test/unproven-chunks-never-amplify-or-allocate
11:55 +2407: /Users/sto/workspace/datomworld-py-c3int1/test/cljd-out/dao/jing/dht-test_test.dart: null dao.jing.dht-test/unproven-chunks-never-amplify-or-allocate
11:55 +2408: /Users/sto/workspace/datomworld-py-c3int1/test/cljd-out/dao/jing/dht-test_test.dart: null dao.jing.dht-test/unproven-chunks-never-amplify-or-allocate
11:55 +2409: /Users/sto/workspace/datomworld-py-c3int1/test/cljd-out/dao/jing/dht-test_test.dart: null dao.jing.dht-test/unproven-chunks-never-amplify-or-allocate
11:55 +2410: /Users/sto/workspace/datomworld-py-c3int1/test/cljd-out/dao/jing/dht-test_test.dart: null dao.jing.dht-test/unproven-chunks-never-amplify-or-allocate
11:55 +2411: /Users/sto/workspace/datomworld-py-c3int1/test/cljd-out/dao/jing/dht-test_test.dart: null dao.jing.dht-test/unproven-chunks-never-amplify-or-allocate
11:57 +2412: /Users/sto/workspace/datomworld-py-c3int1/test/cljd-out/dao/jing/dht-test_test.dart: null dao.jing.dht-test/unproven-chunks-never-amplify-or-allocate
11:57 +2413: /Users/sto/workspace/datomworld-py-c3int1/test/cljd-out/dao/jing/dht-test_test.dart: null dao.jing.dht-test/unproven-chunks-never-amplify-or-allocate
11:57 +2414: /Users/sto/workspace/datomworld-py-c3int1/test/cljd-out/dao/jing/dht-test_test.dart: null dao.jing.dht-test/unproven-chunks-never-amplify-or-allocate
11:57 +2415: /Users/sto/workspace/datomworld-py-c3int1/test/cljd-out/dao/jing/dht-test_test.dart: null dao.jing.dht-test/unproven-chunks-never-amplify-or-allocate
11:57 +2416: /Users/sto/workspace/datomworld-py-c3int1/test/cljd-out/dao/jing/dht-test_test.dart: null dao.jing.dht-test/unproven-chunks-never-amplify-or-allocate
11:57 +2417: /Users/sto/workspace/datomworld-py-c3int1/test/cljd-out/dao/jing/dht-test_test.dart: null dao.jing.dht-test/unproven-chunks-never-amplify-or-allocate
11:57 +2418: /Users/sto/workspace/datomworld-py-c3int1/test/cljd-out/dao/jing/dht-test_test.dart: null dao.jing.dht-test/unproven-chunks-never-amplify-or-allocate
11:57 +2419: /Users/sto/workspace/datomworld-py-c3int1/test/cljd-out/dao/jing/dht-test_test.dart: null dao.jing.dht-test/unproven-chunks-never-amplify-or-allocate
11:57 +2420: /Users/sto/workspace/datomworld-py-c3int1/test/cljd-out/dao/jing/dht-test_test.dart: null dao.jing.dht-test/unproven-chunks-never-amplify-or-allocate
11:57 +2421: /Users/sto/workspace/datomworld-py-c3int1/test/cljd-out/dao/jing/dht-test_test.dart: null dao.jing.dht-test/unproven-chunks-never-amplify-or-allocate
11:57 +2422: /Users/sto/workspace/datomworld-py-c3int1/test/cljd-out/dao/jing/dht-test_test.dart: null dao.jing.dht-test/unproven-chunks-never-amplify-or-allocate
11:57 +2423: /Users/sto/workspace/datomworld-py-c3int1/test/cljd-out/dao/jing/dht-test_test.dart: null dao.jing.dht-test/unproven-chunks-never-amplify-or-allocate
11:57 +2424: /Users/sto/workspace/datomworld-py-c3int1/test/cljd-out/dao/jing/dht-test_test.dart: null dao.jing.dht-test/unproven-chunks-never-amplify-or-allocate
11:57 +2425: /Users/sto/workspace/datomworld-py-c3int1/test/cljd-out/dao/jing/dht-test_test.dart: null dao.jing.dht-test/unproven-chunks-never-amplify-or-allocate
11:57 +2426: /Users/sto/workspace/datomworld-py-c3int1/test/cljd-out/dao/jing/dht-test_test.dart: null dao.jing.dht-test/unproven-chunks-never-amplify-or-allocate
11:58 +2427: /Users/sto/workspace/datomworld-py-c3int1/test/cljd-out/dao/jing/dht-test_test.dart: null dao.jing.dht-test/unproven-chunks-never-amplify-or-allocate
11:58 +2428: /Users/sto/workspace/datomworld-py-c3int1/test/cljd-out/dao/jing/dht-test_test.dart: null dao.jing.dht-test/unproven-chunks-never-amplify-or-allocate
11:58 +2429: /Users/sto/workspace/datomworld-py-c3int1/test/cljd-out/dao/jing/dht-test_test.dart: null dao.jing.dht-test/unproven-chunks-never-amplify-or-allocate
11:58 +2430: /Users/sto/workspace/datomworld-py-c3int1/test/cljd-out/dao/jing/dht-test_test.dart: null dao.jing.dht-test/unproven-chunks-never-amplify-or-allocate
11:58 +2431: /Users/sto/workspace/datomworld-py-c3int1/test/cljd-out/dao/jing/dht-test_test.dart: null dao.jing.dht-test/unproven-chunks-never-amplify-or-allocate
11:58 +2432: /Users/sto/workspace/datomworld-py-c3int1/test/cljd-out/dao/jing/dht-test_test.dart: null dao.jing.dht-test/unproven-chunks-never-amplify-or-allocate
11:58 +2433: /Users/sto/workspace/datomworld-py-c3int1/test/cljd-out/dao/jing/dht-test_test.dart: null dao.jing.dht-test/unproven-chunks-never-amplify-or-allocate
11:58 +2434: /Users/sto/workspace/datomworld-py-c3int1/test/cljd-out/dao/jing/dht-test_test.dart: null dao.jing.dht-test/unproven-chunks-never-amplify-or-allocate
11:59 +2435: /Users/sto/workspace/datomworld-py-c3int1/test/cljd-out/dao/jing/dht-test_test.dart: null dao.jing.dht-test/unproven-chunks-never-amplify-or-allocate
11:59 +2436: /Users/sto/workspace/datomworld-py-c3int1/test/cljd-out/dao/jing/dht-test_test.dart: null dao.jing.dht-test/unproven-chunks-never-amplify-or-allocate
11:59 +2437: /Users/sto/workspace/datomworld-py-c3int1/test/cljd-out/dao/jing/dht-test_test.dart: null dao.jing.dht-test/unproven-chunks-never-amplify-or-allocate
11:59 +2438: /Users/sto/workspace/datomworld-py-c3int1/test/cljd-out/dao/jing/dht-test_test.dart: null dao.jing.dht-test/unproven-chunks-never-amplify-or-allocate
11:59 +2439: /Users/sto/workspace/datomworld-py-c3int1/test/cljd-out/dao/jing/dht-test_test.dart: null dao.jing.dht-test/unproven-chunks-never-amplify-or-allocate
11:59 +2440: /Users/sto/workspace/datomworld-py-c3int1/test/cljd-out/dao/jing/dht-test_test.dart: null dao.jing.dht-test/unproven-chunks-never-amplify-or-allocate
11:59 +2441: /Users/sto/workspace/datomworld-py-c3int1/test/cljd-out/dao/jing/dht-test_test.dart: null dao.jing.dht-test/unproven-chunks-never-amplify-or-allocate
11:59 +2442: /Users/sto/workspace/datomworld-py-c3int1/test/cljd-out/dao/jing/dht-test_test.dart: null dao.jing.dht-test/unproven-chunks-never-amplify-or-allocate
11:59 +2443: /Users/sto/workspace/datomworld-py-c3int1/test/cljd-out/dao/jing/dht-test_test.dart: null dao.jing.dht-test/unproven-chunks-never-amplify-or-allocate
11:59 +2444: /Users/sto/workspace/datomworld-py-c3int1/test/cljd-out/dao/jing/dht-test_test.dart: null dao.jing.dht-test/unproven-chunks-never-amplify-or-allocate
11:59 +2445: /Users/sto/workspace/datomworld-py-c3int1/test/cljd-out/dao/jing/dht-test_test.dart: null dao.jing.dht-test/unproven-chunks-never-amplify-or-allocate
11:59 +2446: /Users/sto/workspace/datomworld-py-c3int1/test/cljd-out/dao/jing/dht-test_test.dart: null dao.jing.dht-test/unproven-chunks-never-amplify-or-allocate
12:01 +2447: /Users/sto/workspace/datomworld-py-c3int1/test/cljd-out/dao/jing/dht-test_test.dart: null dao.jing.dht-test/unproven-chunks-never-amplify-or-allocate
12:01 +2448: /Users/sto/workspace/datomworld-py-c3int1/test/cljd-out/dao/jing/dht-test_test.dart: null dao.jing.dht-test/unproven-chunks-never-amplify-or-allocate
12:01 +2449: /Users/sto/workspace/datomworld-py-c3int1/test/cljd-out/dao/jing/dht-test_test.dart: null dao.jing.dht-test/unproven-chunks-never-amplify-or-allocate
12:01 +2450: /Users/sto/workspace/datomworld-py-c3int1/test/cljd-out/dao/jing/dht-test_test.dart: null dao.jing.dht-test/unproven-chunks-never-amplify-or-allocate
12:01 +2451: /Users/sto/workspace/datomworld-py-c3int1/test/cljd-out/dao/jing/dht-test_test.dart: null dao.jing.dht-test/unproven-chunks-never-amplify-or-allocate
12:01 +2452: /Users/sto/workspace/datomworld-py-c3int1/test/cljd-out/dao/jing/dht-test_test.dart: null dao.jing.dht-test/unproven-chunks-never-amplify-or-allocate
12:03 +2453: /Users/sto/workspace/datomworld-py-c3int1/test/cljd-out/dao/jing/dht-test_test.dart: null dao.jing.dht-test/unproven-chunks-never-amplify-or-allocate
12:03 +2454: /Users/sto/workspace/datomworld-py-c3int1/test/cljd-out/dao/jing/dht-test_test.dart: null dao.jing.dht-test/unproven-chunks-never-amplify-or-allocate
12:03 +2455: /Users/sto/workspace/datomworld-py-c3int1/test/cljd-out/dao/jing/dht-test_test.dart: null dao.jing.dht-test/unproven-chunks-never-amplify-or-allocate
12:03 +2456: /Users/sto/workspace/datomworld-py-c3int1/test/cljd-out/dao/jing/dht-test_test.dart: null dao.jing.dht-test/unproven-chunks-never-amplify-or-allocate
12:03 +2457: /Users/sto/workspace/datomworld-py-c3int1/test/cljd-out/dao/jing/dht-test_test.dart: null dao.jing.dht-test/unproven-chunks-never-amplify-or-allocate
12:03 +2458: /Users/sto/workspace/datomworld-py-c3int1/test/cljd-out/dao/jing/dht-test_test.dart: null dao.jing.dht-test/unproven-chunks-never-amplify-or-allocate
12:03 +2459: /Users/sto/workspace/datomworld-py-c3int1/test/cljd-out/dao/jing/dht-test_test.dart: null dao.jing.dht-test/unproven-chunks-never-amplify-or-allocate
12:03 +2460: /Users/sto/workspace/datomworld-py-c3int1/test/cljd-out/dao/jing/dht-test_test.dart: null dao.jing.dht-test/unproven-chunks-never-amplify-or-allocate
12:03 +2461: /Users/sto/workspace/datomworld-py-c3int1/test/cljd-out/dao/jing/dht-test_test.dart: null dao.jing.dht-test/unproven-chunks-never-amplify-or-allocate
12:03 +2462: /Users/sto/workspace/datomworld-py-c3int1/test/cljd-out/dao/jing/dht-test_test.dart: null dao.jing.dht-test/unproven-chunks-never-amplify-or-allocate
12:03 +2463: /Users/sto/workspace/datomworld-py-c3int1/test/cljd-out/dao/jing/dht-test_test.dart: null dao.jing.dht-test/unproven-chunks-never-amplify-or-allocate
12:03 +2464: /Users/sto/workspace/datomworld-py-c3int1/test/cljd-out/dao/jing/dht-test_test.dart: null dao.jing.dht-test/unproven-chunks-never-amplify-or-allocate
12:03 +2465: /Users/sto/workspace/datomworld-py-c3int1/test/cljd-out/dao/jing/dht-test_test.dart: null dao.jing.dht-test/unproven-chunks-never-amplify-or-allocate
12:03 +2466: /Users/sto/workspace/datomworld-py-c3int1/test/cljd-out/dao/jing/dht-test_test.dart: null dao.jing.dht-test/unproven-chunks-never-amplify-or-allocate
12:03 +2467: /Users/sto/workspace/datomworld-py-c3int1/test/cljd-out/dao/jing/dht-test_test.dart: null dao.jing.dht-test/unproven-chunks-never-amplify-or-allocate
12:03 +2468: /Users/sto/workspace/datomworld-py-c3int1/test/cljd-out/dao/jing/dht-test_test.dart: null dao.jing.dht-test/unproven-chunks-never-amplify-or-allocate
12:03 +2469: /Users/sto/workspace/datomworld-py-c3int1/test/cljd-out/dao/jing/dht-test_test.dart: null dao.jing.dht-test/unproven-chunks-never-amplify-or-allocate
12:03 +2470: /Users/sto/workspace/datomworld-py-c3int1/test/cljd-out/dao/jing/dht-test_test.dart: null dao.jing.dht-test/unproven-chunks-never-amplify-or-allocate
12:03 +2471: /Users/sto/workspace/datomworld-py-c3int1/test/cljd-out/dao/jing/dht-test_test.dart: null dao.jing.dht-test/unproven-chunks-never-amplify-or-allocate
12:03 +2472: /Users/sto/workspace/datomworld-py-c3int1/test/cljd-out/dao/jing/dht-test_test.dart: null dao.jing.dht-test/unproven-chunks-never-amplify-or-allocate
12:03 +2473: /Users/sto/workspace/datomworld-py-c3int1/test/cljd-out/dao/jing/dht-test_test.dart: null dao.jing.dht-test/unproven-chunks-never-amplify-or-allocate
12:03 +2474: /Users/sto/workspace/datomworld-py-c3int1/test/cljd-out/dao/jing/dht-test_test.dart: null dao.jing.dht-test/unproven-chunks-never-amplify-or-allocate
12:03 +2475: /Users/sto/workspace/datomworld-py-c3int1/test/cljd-out/dao/jing/dht-test_test.dart: null dao.jing.dht-test/unproven-chunks-never-amplify-or-allocate
12:03 +2476: /Users/sto/workspace/datomworld-py-c3int1/test/cljd-out/dao/jing/dht-test_test.dart: null dao.jing.dht-test/unproven-chunks-never-amplify-or-allocate
12:03 +2477: /Users/sto/workspace/datomworld-py-c3int1/test/cljd-out/dao/jing/dht-test_test.dart: null dao.jing.dht-test/unproven-chunks-never-amplify-or-allocate
12:03 +2478: /Users/sto/workspace/datomworld-py-c3int1/test/cljd-out/dao/jing/dht-test_test.dart: null dao.jing.dht-test/unproven-chunks-never-amplify-or-allocate
12:03 +2479: /Users/sto/workspace/datomworld-py-c3int1/test/cljd-out/dao/jing/dht-test_test.dart: null dao.jing.dht-test/unproven-chunks-never-amplify-or-allocate
12:03 +2480: /Users/sto/workspace/datomworld-py-c3int1/test/cljd-out/dao/jing/dht-test_test.dart: null dao.jing.dht-test/unproven-chunks-never-amplify-or-allocate
12:03 +2481: /Users/sto/workspace/datomworld-py-c3int1/test/cljd-out/dao/jing/dht-test_test.dart: null dao.jing.dht-test/unproven-chunks-never-amplify-or-allocate
12:03 +2482: /Users/sto/workspace/datomworld-py-c3int1/test/cljd-out/dao/jing/dht-test_test.dart: null dao.jing.dht-test/unproven-chunks-never-amplify-or-allocate
12:03 +2483: /Users/sto/workspace/datomworld-py-c3int1/test/cljd-out/dao/jing/dht-test_test.dart: null dao.jing.dht-test/unproven-chunks-never-amplify-or-allocate
12:03 +2484: /Users/sto/workspace/datomworld-py-c3int1/test/cljd-out/dao/jing/dht-test_test.dart: null dao.jing.dht-test/unproven-chunks-never-amplify-or-allocate
12:03 +2485: /Users/sto/workspace/datomworld-py-c3int1/test/cljd-out/dao/jing/dht-test_test.dart: null dao.jing.dht-test/unproven-chunks-never-amplify-or-allocate
12:03 +2486: /Users/sto/workspace/datomworld-py-c3int1/test/cljd-out/dao/jing/dht-test_test.dart: null dao.jing.dht-test/unproven-chunks-never-amplify-or-allocate
12:03 +2487: /Users/sto/workspace/datomworld-py-c3int1/test/cljd-out/dao/jing/dht-test_test.dart: null dao.jing.dht-test/unproven-chunks-never-amplify-or-allocate
12:03 +2488: /Users/sto/workspace/datomworld-py-c3int1/test/cljd-out/dao/jing/dht-test_test.dart: null dao.jing.dht-test/unproven-chunks-never-amplify-or-allocate
12:03 +2489: /Users/sto/workspace/datomworld-py-c3int1/test/cljd-out/dao/jing/dht-test_test.dart: null dao.jing.dht-test/unproven-chunks-never-amplify-or-allocate
12:03 +2490: /Users/sto/workspace/datomworld-py-c3int1/test/cljd-out/dao/jing/dht-test_test.dart: null dao.jing.dht-test/unproven-chunks-never-amplify-or-allocate
12:03 +2491: /Users/sto/workspace/datomworld-py-c3int1/test/cljd-out/dao/jing/dht-test_test.dart: null dao.jing.dht-test/unproven-chunks-never-amplify-or-allocate
12:03 +2492: /Users/sto/workspace/datomworld-py-c3int1/test/cljd-out/dao/jing/dht-test_test.dart: null dao.jing.dht-test/unproven-chunks-never-amplify-or-allocate
12:03 +2493: /Users/sto/workspace/datomworld-py-c3int1/test/cljd-out/dao/jing/dht-test_test.dart: null dao.jing.dht-test/unproven-chunks-never-amplify-or-allocate
12:03 +2494: /Users/sto/workspace/datomworld-py-c3int1/test/cljd-out/dao/jing/dht-test_test.dart: null dao.jing.dht-test/unproven-chunks-never-amplify-or-allocate
12:05 +2495: /Users/sto/workspace/datomworld-py-c3int1/test/cljd-out/dao/jing/dht-test_test.dart: null dao.jing.dht-test/unproven-chunks-never-amplify-or-allocate
12:05 +2496: /Users/sto/workspace/datomworld-py-c3int1/test/cljd-out/dao/jing/dht-test_test.dart: null dao.jing.dht-test/unproven-chunks-never-amplify-or-allocate
12:05 +2497: /Users/sto/workspace/datomworld-py-c3int1/test/cljd-out/dao/jing/dht-test_test.dart: null dao.jing.dht-test/unproven-chunks-never-amplify-or-allocate
12:08 +2498: /Users/sto/workspace/datomworld-py-c3int1/test/cljd-out/dao/jing/dht-test_test.dart: null dao.jing.dht-test/unproven-chunks-never-amplify-or-allocate
12:10 +2499: /Users/sto/workspace/datomworld-py-c3int1/test/cljd-out/dao/jing/dht-test_test.dart: null dao.jing.dht-test/unproven-chunks-never-amplify-or-allocate
12:10 +2500: /Users/sto/workspace/datomworld-py-c3int1/test/cljd-out/dao/jing/dht-test_test.dart: null dao.jing.dht-test/unproven-chunks-never-amplify-or-allocate
12:10 +2501: /Users/sto/workspace/datomworld-py-c3int1/test/cljd-out/dao/jing/dht-test_test.dart: null dao.jing.dht-test/unproven-chunks-never-amplify-or-allocate
12:10 +2502: /Users/sto/workspace/datomworld-py-c3int1/test/cljd-out/dao/jing/dht-test_test.dart: null dao.jing.dht-test/unproven-chunks-never-amplify-or-allocate
12:10 +2503: /Users/sto/workspace/datomworld-py-c3int1/test/cljd-out/dao/jing/dht-test_test.dart: null dao.jing.dht-test/unproven-chunks-never-amplify-or-allocate
12:10 +2504: /Users/sto/workspace/datomworld-py-c3int1/test/cljd-out/dao/jing/dht-test_test.dart: null dao.jing.dht-test/unproven-chunks-never-amplify-or-allocate
12:10 +2505: /Users/sto/workspace/datomworld-py-c3int1/test/cljd-out/dao/jing/dht-test_test.dart: null dao.jing.dht-test/unproven-chunks-never-amplify-or-allocate
12:10 +2506: /Users/sto/workspace/datomworld-py-c3int1/test/cljd-out/dao/jing/dht-test_test.dart: null dao.jing.dht-test/unproven-chunks-never-amplify-or-allocate
12:10 +2507: /Users/sto/workspace/datomworld-py-c3int1/test/cljd-out/dao/jing/dht-test_test.dart: null dao.jing.dht-test/unproven-chunks-never-amplify-or-allocate
12:10 +2508: /Users/sto/workspace/datomworld-py-c3int1/test/cljd-out/dao/jing/dht-test_test.dart: null dao.jing.dht-test/unproven-chunks-never-amplify-or-allocate
12:10 +2509: /Users/sto/workspace/datomworld-py-c3int1/test/cljd-out/dao/jing/dht-test_test.dart: null dao.jing.dht-test/unproven-chunks-never-amplify-or-allocate
12:13 +2510: /Users/sto/workspace/datomworld-py-c3int1/test/cljd-out/dao/jing/dht-test_test.dart: null dao.jing.dht-test/unproven-chunks-never-amplify-or-allocate
12:13 +2511: /Users/sto/workspace/datomworld-py-c3int1/test/cljd-out/dao/jing/dht-test_test.dart: null dao.jing.dht-test/unproven-chunks-never-amplify-or-allocate
12:13 +2512: /Users/sto/workspace/datomworld-py-c3int1/test/cljd-out/dao/jing/dht-test_test.dart: null dao.jing.dht-test/unproven-chunks-never-amplify-or-allocate
12:13 +2513: /Users/sto/workspace/datomworld-py-c3int1/test/cljd-out/dao/jing/dht-test_test.dart: null dao.jing.dht-test/unproven-chunks-never-amplify-or-allocate
12:13 +2514: /Users/sto/workspace/datomworld-py-c3int1/test/cljd-out/dao/jing/dht-test_test.dart: null dao.jing.dht-test/unproven-chunks-never-amplify-or-allocate
12:13 +2515: /Users/sto/workspace/datomworld-py-c3int1/test/cljd-out/dao/jing/dht-test_test.dart: null dao.jing.dht-test/unproven-chunks-never-amplify-or-allocate
12:13 +2516: /Users/sto/workspace/datomworld-py-c3int1/test/cljd-out/dao/jing/dht-test_test.dart: null dao.jing.dht-test/unproven-chunks-never-amplify-or-allocate
12:13 +2517: /Users/sto/workspace/datomworld-py-c3int1/test/cljd-out/dao/jing/dht-test_test.dart: null dao.jing.dht-test/unproven-chunks-never-amplify-or-allocate
12:13 +2518: /Users/sto/workspace/datomworld-py-c3int1/test/cljd-out/dao/jing/dht-test_test.dart: null dao.jing.dht-test/unproven-chunks-never-amplify-or-allocate
12:13 +2519: /Users/sto/workspace/datomworld-py-c3int1/test/cljd-out/dao/jing/dht-test_test.dart: null dao.jing.dht-test/unproven-chunks-never-amplify-or-allocate
12:13 +2520: /Users/sto/workspace/datomworld-py-c3int1/test/cljd-out/dao/jing/dht-test_test.dart: null dao.jing.dht-test/unproven-chunks-never-amplify-or-allocate
12:17 +2521: /Users/sto/workspace/datomworld-py-c3int1/test/cljd-out/dao/jing/dht-test_test.dart: null dao.jing.dht-test/unproven-chunks-never-amplify-or-allocate
12:17 +2522: /Users/sto/workspace/datomworld-py-c3int1/test/cljd-out/dao/jing/dht-test_test.dart: null dao.jing.dht-test/unproven-chunks-never-amplify-or-allocate
12:17 +2523: /Users/sto/workspace/datomworld-py-c3int1/test/cljd-out/dao/jing/dht-test_test.dart: null dao.jing.dht-test/unproven-chunks-never-amplify-or-allocate
12:17 +2524: /Users/sto/workspace/datomworld-py-c3int1/test/cljd-out/dao/jing/dht-test_test.dart: null dao.jing.dht-test/unproven-chunks-never-amplify-or-allocate
12:17 +2525: /Users/sto/workspace/datomworld-py-c3int1/test/cljd-out/dao/jing/dht-test_test.dart: null dao.jing.dht-test/unproven-chunks-never-amplify-or-allocate
12:17 +2526: /Users/sto/workspace/datomworld-py-c3int1/test/cljd-out/dao/jing/dht-test_test.dart: null dao.jing.dht-test/unproven-chunks-never-amplify-or-allocate
12:17 +2527: /Users/sto/workspace/datomworld-py-c3int1/test/cljd-out/dao/jing/dht-test_test.dart: null dao.jing.dht-test/unproven-chunks-never-amplify-or-allocate
12:17 +2528: /Users/sto/workspace/datomworld-py-c3int1/test/cljd-out/dao/jing/dht-test_test.dart: null dao.jing.dht-test/unproven-chunks-never-amplify-or-allocate
12:17 +2529: /Users/sto/workspace/datomworld-py-c3int1/test/cljd-out/dao/jing/dht-test_test.dart: null dao.jing.dht-test/unproven-chunks-never-amplify-or-allocate
12:17 +2530: /Users/sto/workspace/datomworld-py-c3int1/test/cljd-out/dao/jing/dht-test_test.dart: null dao.jing.dht-test/unproven-chunks-never-amplify-or-allocate
12:17 +2531: /Users/sto/workspace/datomworld-py-c3int1/test/cljd-out/dao/jing/dht-test_test.dart: null dao.jing.dht-test/unproven-chunks-never-amplify-or-allocate
12:17 +2532: /Users/sto/workspace/datomworld-py-c3int1/test/cljd-out/dao/jing/dht-test_test.dart: null dao.jing.dht-test/unproven-chunks-never-amplify-or-allocate
12:17 +2533: /Users/sto/workspace/datomworld-py-c3int1/test/cljd-out/dao/jing/dht-test_test.dart: null dao.jing.dht-test/unproven-chunks-never-amplify-or-allocate
12:17 +2534: /Users/sto/workspace/datomworld-py-c3int1/test/cljd-out/dao/jing/dht-test_test.dart: null dao.jing.dht-test/unproven-chunks-never-amplify-or-allocate
12:17 +2535: /Users/sto/workspace/datomworld-py-c3int1/test/cljd-out/dao/jing/dht-test_test.dart: null dao.jing.dht-test/unproven-chunks-never-amplify-or-allocate
12:17 +2536: /Users/sto/workspace/datomworld-py-c3int1/test/cljd-out/dao/jing/dht-test_test.dart: null dao.jing.dht-test/unproven-chunks-never-amplify-or-allocate
12:17 +2537: /Users/sto/workspace/datomworld-py-c3int1/test/cljd-out/dao/jing/dht-test_test.dart: null dao.jing.dht-test/unproven-chunks-never-amplify-or-allocate
12:17 +2538: /Users/sto/workspace/datomworld-py-c3int1/test/cljd-out/dao/jing/dht-test_test.dart: null dao.jing.dht-test/unproven-chunks-never-amplify-or-allocate
12:17 +2539: /Users/sto/workspace/datomworld-py-c3int1/test/cljd-out/dao/jing/dht-test_test.dart: null dao.jing.dht-test/unproven-chunks-never-amplify-or-allocate
12:17 +2540: /Users/sto/workspace/datomworld-py-c3int1/test/cljd-out/dao/jing/dht-test_test.dart: null dao.jing.dht-test/unproven-chunks-never-amplify-or-allocate
12:17 +2541: /Users/sto/workspace/datomworld-py-c3int1/test/cljd-out/dao/jing/dht-test_test.dart: null dao.jing.dht-test/unproven-chunks-never-amplify-or-allocate
12:17 +2542: /Users/sto/workspace/datomworld-py-c3int1/test/cljd-out/dao/jing/dht-test_test.dart: null dao.jing.dht-test/unproven-chunks-never-amplify-or-allocate
12:17 +2543: /Users/sto/workspace/datomworld-py-c3int1/test/cljd-out/dao/jing/dht-test_test.dart: null dao.jing.dht-test/unproven-chunks-never-amplify-or-allocate
12:17 +2544: /Users/sto/workspace/datomworld-py-c3int1/test/cljd-out/dao/jing/dht-test_test.dart: null dao.jing.dht-test/unproven-chunks-never-amplify-or-allocate
12:17 +2545: /Users/sto/workspace/datomworld-py-c3int1/test/cljd-out/dao/jing/dht-test_test.dart: null dao.jing.dht-test/unproven-chunks-never-amplify-or-allocate
12:17 +2546: /Users/sto/workspace/datomworld-py-c3int1/test/cljd-out/dao/jing/dht-test_test.dart: null dao.jing.dht-test/unproven-chunks-never-amplify-or-allocate
12:24 +2547: /Users/sto/workspace/datomworld-py-c3int1/test/cljd-out/dao/jing/dht-test_test.dart: null dao.jing.dht-test/unproven-chunks-never-amplify-or-allocate
12:24 +2548: /Users/sto/workspace/datomworld-py-c3int1/test/cljd-out/dao/jing/dht-test_test.dart: null dao.jing.dht-test/unproven-chunks-never-amplify-or-allocate
12:24 +2549: /Users/sto/workspace/datomworld-py-c3int1/test/cljd-out/dao/jing/dht-test_test.dart: null dao.jing.dht-test/unproven-chunks-never-amplify-or-allocate
12:24 +2550: /Users/sto/workspace/datomworld-py-c3int1/test/cljd-out/dao/jing/dht-test_test.dart: null dao.jing.dht-test/unproven-chunks-never-amplify-or-allocate
12:24 +2551: /Users/sto/workspace/datomworld-py-c3int1/test/cljd-out/dao/jing/dht-test_test.dart: null dao.jing.dht-test/unproven-chunks-never-amplify-or-allocate
12:24 +2552: /Users/sto/workspace/datomworld-py-c3int1/test/cljd-out/dao/jing/dht-test_test.dart: null dao.jing.dht-test/unproven-chunks-never-amplify-or-allocate
12:24 +2553: /Users/sto/workspace/datomworld-py-c3int1/test/cljd-out/dao/jing/dht-test_test.dart: null dao.jing.dht-test/unproven-chunks-never-amplify-or-allocate
12:24 +2554: /Users/sto/workspace/datomworld-py-c3int1/test/cljd-out/dao/jing/dht-test_test.dart: null dao.jing.dht-test/unproven-chunks-never-amplify-or-allocate
12:24 +2555: /Users/sto/workspace/datomworld-py-c3int1/test/cljd-out/dao/jing/dht-test_test.dart: null dao.jing.dht-test/unproven-chunks-never-amplify-or-allocate
12:24 +2556: /Users/sto/workspace/datomworld-py-c3int1/test/cljd-out/dao/jing/dht-test_test.dart: null dao.jing.dht-test/unproven-chunks-never-amplify-or-allocate
12:24 +2557: /Users/sto/workspace/datomworld-py-c3int1/test/cljd-out/dao/jing/dht-test_test.dart: null dao.jing.dht-test/unproven-chunks-never-amplify-or-allocate
12:24 +2558: /Users/sto/workspace/datomworld-py-c3int1/test/cljd-out/dao/jing/dht-test_test.dart: null dao.jing.dht-test/unproven-chunks-never-amplify-or-allocate
12:24 +2559: /Users/sto/workspace/datomworld-py-c3int1/test/cljd-out/dao/jing/dht-test_test.dart: null dao.jing.dht-test/unproven-chunks-never-amplify-or-allocate
12:24 +2560: /Users/sto/workspace/datomworld-py-c3int1/test/cljd-out/dao/jing/dht-test_test.dart: null dao.jing.dht-test/unproven-chunks-never-amplify-or-allocate
12:24 +2561: /Users/sto/workspace/datomworld-py-c3int1/test/cljd-out/dao/jing/dht-test_test.dart: null dao.jing.dht-test/unproven-chunks-never-amplify-or-allocate
12:24 +2562: /Users/sto/workspace/datomworld-py-c3int1/test/cljd-out/dao/jing/dht-test_test.dart: null dao.jing.dht-test/unproven-chunks-never-amplify-or-allocate
12:24 +2563: /Users/sto/workspace/datomworld-py-c3int1/test/cljd-out/dao/jing/dht-test_test.dart: null dao.jing.dht-test/unproven-chunks-never-amplify-or-allocate
12:24 +2564: /Users/sto/workspace/datomworld-py-c3int1/test/cljd-out/dao/jing/dht-test_test.dart: null dao.jing.dht-test/unproven-chunks-never-amplify-or-allocate
12:24 +2565: /Users/sto/workspace/datomworld-py-c3int1/test/cljd-out/dao/jing/dht-test_test.dart: null dao.jing.dht-test/unproven-chunks-never-amplify-or-allocate
12:24 +2566: /Users/sto/workspace/datomworld-py-c3int1/test/cljd-out/dao/jing/dht-test_test.dart: null dao.jing.dht-test/unproven-chunks-never-amplify-or-allocate
12:24 +2567: /Users/sto/workspace/datomworld-py-c3int1/test/cljd-out/dao/jing/dht-test_test.dart: null dao.jing.dht-test/unproven-chunks-never-amplify-or-allocate
12:24 +2568: /Users/sto/workspace/datomworld-py-c3int1/test/cljd-out/dao/jing/dht-test_test.dart: null dao.jing.dht-test/unproven-chunks-never-amplify-or-allocate
12:24 +2569: /Users/sto/workspace/datomworld-py-c3int1/test/cljd-out/dao/jing/dht-test_test.dart: null dao.jing.dht-test/unproven-chunks-never-amplify-or-allocate
12:24 +2570: /Users/sto/workspace/datomworld-py-c3int1/test/cljd-out/dao/jing/dht-test_test.dart: null dao.jing.dht-test/unproven-chunks-never-amplify-or-allocate
12:25 +2571: /Users/sto/workspace/datomworld-py-c3int1/test/cljd-out/dao/jing/dht-test_test.dart: null dao.jing.dht-test/unproven-chunks-never-amplify-or-allocate
12:25 +2572: /Users/sto/workspace/datomworld-py-c3int1/test/cljd-out/dao/jing/dht-test_test.dart: null dao.jing.dht-test/unproven-chunks-never-amplify-or-allocate
12:25 +2573: /Users/sto/workspace/datomworld-py-c3int1/test/cljd-out/dao/jing/dht-test_test.dart: null dao.jing.dht-test/unproven-chunks-never-amplify-or-allocate
12:25 +2574: /Users/sto/workspace/datomworld-py-c3int1/test/cljd-out/dao/jing/dht-test_test.dart: null dao.jing.dht-test/unproven-chunks-never-amplify-or-allocate
12:25 +2575: /Users/sto/workspace/datomworld-py-c3int1/test/cljd-out/dao/jing/dht-test_test.dart: null dao.jing.dht-test/unproven-chunks-never-amplify-or-allocate
12:25 +2576: /Users/sto/workspace/datomworld-py-c3int1/test/cljd-out/dao/jing/dht-test_test.dart: null dao.jing.dht-test/unproven-chunks-never-amplify-or-allocate
12:25 +2577: /Users/sto/workspace/datomworld-py-c3int1/test/cljd-out/dao/jing/dht-test_test.dart: null dao.jing.dht-test/unproven-chunks-never-amplify-or-allocate
12:25 +2578: /Users/sto/workspace/datomworld-py-c3int1/test/cljd-out/dao/jing/dht-test_test.dart: null dao.jing.dht-test/unproven-chunks-never-amplify-or-allocate
12:25 +2579: /Users/sto/workspace/datomworld-py-c3int1/test/cljd-out/dao/jing/dht-test_test.dart: null dao.jing.dht-test/unproven-chunks-never-amplify-or-allocate
12:25 +2580: /Users/sto/workspace/datomworld-py-c3int1/test/cljd-out/dao/jing/dht-test_test.dart: null dao.jing.dht-test/unproven-chunks-never-amplify-or-allocate
12:25 +2581: /Users/sto/workspace/datomworld-py-c3int1/test/cljd-out/dao/jing/dht-test_test.dart: null dao.jing.dht-test/unproven-chunks-never-amplify-or-allocate
12:25 +2582: /Users/sto/workspace/datomworld-py-c3int1/test/cljd-out/dao/jing/dht-test_test.dart: null dao.jing.dht-test/unproven-chunks-never-amplify-or-allocate
12:25 +2583: /Users/sto/workspace/datomworld-py-c3int1/test/cljd-out/dao/jing/dht-test_test.dart: null dao.jing.dht-test/unproven-chunks-never-amplify-or-allocate
12:25 +2584: /Users/sto/workspace/datomworld-py-c3int1/test/cljd-out/dao/jing/dht-test_test.dart: null dao.jing.dht-test/unproven-chunks-never-amplify-or-allocate
12:25 +2585: /Users/sto/workspace/datomworld-py-c3int1/test/cljd-out/dao/jing/dht-test_test.dart: null dao.jing.dht-test/unproven-chunks-never-amplify-or-allocate
12:25 +2586: /Users/sto/workspace/datomworld-py-c3int1/test/cljd-out/dao/jing/dht-test_test.dart: null dao.jing.dht-test/unproven-chunks-never-amplify-or-allocate
12:25 +2587: /Users/sto/workspace/datomworld-py-c3int1/test/cljd-out/dao/jing/dht-test_test.dart: null dao.jing.dht-test/unproven-chunks-never-amplify-or-allocate
12:25 +2588: /Users/sto/workspace/datomworld-py-c3int1/test/cljd-out/dao/jing/dht-test_test.dart: null dao.jing.dht-test/unproven-chunks-never-amplify-or-allocate
12:25 +2589: /Users/sto/workspace/datomworld-py-c3int1/test/cljd-out/dao/jing/dht-test_test.dart: null dao.jing.dht-test/unproven-chunks-never-amplify-or-allocate
12:25 +2590: /Users/sto/workspace/datomworld-py-c3int1/test/cljd-out/dao/jing/dht-test_test.dart: null dao.jing.dht-test/unproven-chunks-never-amplify-or-allocate
12:25 +2591: /Users/sto/workspace/datomworld-py-c3int1/test/cljd-out/dao/jing/dht-test_test.dart: null dao.jing.dht-test/unproven-chunks-never-amplify-or-allocate
12:25 +2592: /Users/sto/workspace/datomworld-py-c3int1/test/cljd-out/dao/jing/dht-test_test.dart: null dao.jing.dht-test/unproven-chunks-never-amplify-or-allocate
12:25 +2593: /Users/sto/workspace/datomworld-py-c3int1/test/cljd-out/dao/jing/dht-test_test.dart: null dao.jing.dht-test/unproven-chunks-never-amplify-or-allocate
12:25 +2594: /Users/sto/workspace/datomworld-py-c3int1/test/cljd-out/dao/jing/dht-test_test.dart: null dao.jing.dht-test/unproven-chunks-never-amplify-or-allocate
12:25 +2595: /Users/sto/workspace/datomworld-py-c3int1/test/cljd-out/dao/jing/dht-test_test.dart: null dao.jing.dht-test/unproven-chunks-never-amplify-or-allocate
12:26 +2596: /Users/sto/workspace/datomworld-py-c3int1/test/cljd-out/dao/jing/dht-test_test.dart: null dao.jing.dht-test/unproven-chunks-never-amplify-or-allocate
12:31 +2597: /Users/sto/workspace/datomworld-py-c3int1/test/cljd-out/dao/jing/dht-test_test.dart: null dao.jing.dht-test/unproven-chunks-never-amplify-or-allocate
12:34 +2598: /Users/sto/workspace/datomworld-py-c3int1/test/cljd-out/dao/jing/dht-test_test.dart: null dao.jing.dht-test/unproven-chunks-never-amplify-or-allocate
12:34 +2599: /Users/sto/workspace/datomworld-py-c3int1/test/cljd-out/dao/jing/dht-test_test.dart: null dao.jing.dht-test/unproven-chunks-never-amplify-or-allocate
12:34 +2600: /Users/sto/workspace/datomworld-py-c3int1/test/cljd-out/dao/jing/dht-test_test.dart: null dao.jing.dht-test/unproven-chunks-never-amplify-or-allocate
12:36 +2601: /Users/sto/workspace/datomworld-py-c3int1/test/cljd-out/dao/jing/dht-test_test.dart: null dao.jing.dht-test/unproven-chunks-never-amplify-or-allocate
12:36 +2602: /Users/sto/workspace/datomworld-py-c3int1/test/cljd-out/dao/jing/dht-test_test.dart: null dao.jing.dht-test/unproven-chunks-never-amplify-or-allocate
12:48 +2603: /Users/sto/workspace/datomworld-py-c3int1/test/cljd-out/dao/space/dht-test_test.dart: null dao.space.dht-test/sustained-rounds-are-each-reported-once-in-order-and-drain
12:48 +2604: /Users/sto/workspace/datomworld-py-c3int1/test/cljd-out/dao/space/dht-test_test.dart: null dao.space.dht-test/sustained-rounds-are-each-reported-once-in-order-and-drain
12:49 +2605: /Users/sto/workspace/datomworld-py-c3int1/test/cljd-out/dao/space/dht-test_test.dart: null dao.space.dht-test/sustained-rounds-are-each-reported-once-in-order-and-drain
12:49 +2606: /Users/sto/workspace/datomworld-py-c3int1/test/cljd-out/dao/space/dht-test_test.dart: null dao.space.dht-test/sustained-rounds-are-each-reported-once-in-order-and-drain
12:56 +2607: /Users/sto/workspace/datomworld-py-c3int1/test/cljd-out/dao/space/dht-test_test.dart: null dao.space.dht-test/plain-clojure-joins-loads-a-remote-index-and-queries-it
12:56 +2608: /Users/sto/workspace/datomworld-py-c3int1/test/cljd-out/dao/space/dht-test_test.dart: null dao.space.dht-test/repair-is-admitted-while-fresh-writes-keep-the-queue-full
12:59 +2609: /Users/sto/workspace/datomworld-py-c3int1/test/cljd-out/dao/space/dht-test_test.dart: null dao.space.dht-test/a-peer-serving-bytes-that-do-not-hash-never-loads
12:59 +2610: /Users/sto/workspace/datomworld-py-c3int1/test/cljd-out/dao/space/dht-test_test.dart: null dao.space.dht-test/a-publication-reports-its-acknowledgement-as-an-event
12:59 +2611: /Users/sto/workspace/datomworld-py-c3int1/test/cljd-out/dao/space/dht-test_test.dart: null dao.space.dht-test/loads-sharing-a-missing-blob-each-keep-its-cause
12:59 +2612: /Users/sto/workspace/datomworld-py-c3int1/test/cljd-out/dao/space/dht-test_test.dart: null dao.space.dht-test/join-refuses-options-it-cannot-honour
12:59 +2613: /Users/sto/workspace/datomworld-py-c3int1/test/cljd-out/dao/space/dht-test_test.dart: null dao.space.dht-test/repair-acknowledges-a-partial-publication-once-healed
12:59 +2614: /Users/sto/workspace/datomworld-py-c3int1/test/cljd-out/dao/space/dht-test_test.dart: null dao.space.dht-test/a-walk-answering-complete-loads-without-any-fetch
12:59 +2615: /Users/sto/workspace/datomworld-py-c3int1/test/cljd-out/dao/space/dht-test_test.dart: null dao.space.dht-test/loaded-indexes-lists-only-loaded-index-manifests
12:59 +2616: /Users/sto/workspace/datomworld-py-c3int1/test/cljd-out/dao/space/dht-test_test.dart: null dao.space.dht-test/close-reports-nothing-and-a-reopened-node-repairs-nothing
12:59 +2617: /Users/sto/workspace/datomworld-py-c3int1/test/cljd-out/dao/space/dht-test_test.dart: null dao.space.dht-test/a-walk-answering-missing-fetches-from-a-peer
12:59 +2618: /Users/sto/workspace/datomworld-py-c3int1/test/cljd-out/dao/space/dht-test_test.dart: null dao.space.dht-test/a-solo-node-opens-no-socket-and-reports-why-nothing-was-sent
12:59 +2619: /Users/sto/workspace/datomworld-py-c3int1/test/cljd-out/dao/space/dht-test_test.dart: null dao.space.dht-test/a-busy-client-leaves-the-load-loading-and-asks-again
12:59 +2620: /Users/sto/workspace/datomworld-py-c3int1/test/cljd-out/dao/space/dht-test_test.dart: null dao.space.dht-test/cancel-settles-every-ledger-state
13:03 +2621: /Users/sto/workspace/datomworld-py-c3int1/test/cljd-out/dao/space/dht-test_test.dart: null dao.space.dht-test/a-client-that-cannot-submit-fails-the-load-unaskable
13:03 +2622: /Users/sto/workspace/datomworld-py-c3int1/test/cljd-out/dao/space/dht-test_test.dart: null dao.space.dht-test/a-non-publishing-node-holds-no-backlog-and-reports-unpublished
13:03 +2623: /Users/sto/workspace/datomworld-py-c3int1/test/cljd-out/dao/space/dht-test_test.dart: null dao.space.dht-test/forget-clears-a-terminal-record-and-is-refused-while-loading
13:03 +2624: /Users/sto/workspace/datomworld-py-c3int1/test/cljd-out/dao/space/dht-test_test.dart: null dao.space.dht-test/a-refused-row-is-partial-and-a-refused-manifest-unacknowledged
13:03 +2625: /Users/sto/workspace/datomworld-py-c3int1/test/cljd-out/dao/space/dht-test_test.dart: null dao.space.dht-test/cancel-after-the-first-report-is-republished
13:03 +2626: /Users/sto/workspace/datomworld-py-c3int1/test/cljd-out/dao/space/dht-test_test.dart: null dao.space.dht-test/repair-is-due-only-as-appended-ticks-advance
13:03 +2627: /Users/sto/workspace/datomworld-py-c3int1/test/cljd-out/dao/space/dht-test_test.dart: null dao.space.dht-test/a-manifest-no-peer-holds-fails-its-load
13:03 +2628: /Users/sto/workspace/datomworld-py-c3int1/test/cljd-out/dao/space/dht-test_test.dart: null dao.space.dht-test/every-miss-cause-reaches-the-failed-reason
13:03 +2629: All tests passed!
